ISO-10303-21;
HEADER;
/* Generated by software containing ST-Developer
 * from STEP Tools, Inc. (www.steptools.com) 
 */

FILE_DESCRIPTION(
/* description */ (''),
/* implementation_level */ '2;1');

FILE_NAME(
/* name */ 'co2_wall_sensor_assembly.step',
/* time_stamp */ '2026-10-04T21:13:44+02:00',
/* author */ (''),
/* organization */ (''),
/* preprocessor_version */ 'ST-DEVELOPER v20.2',
/* originating_system */ 'Autodesk Translation Framework v15.15.0.0',
/* authorisation */ '');

FILE_SCHEMA (('AUTOMOTIVE_DESIGN { 1 0 10303 214 3 1 1 }'));
ENDSEC;

DATA;
#10=MECHANICAL_DESIGN_GEOMETRIC_PRESENTATION_REPRESENTATION('',(#51,#52,
#53,#54,#55,#56,#57,#58,#59,#60),#9364);
#11=ITEM_DEFINED_TRANSFORMATION($,$,#5812,#6213);
#12=ITEM_DEFINED_TRANSFORMATION($,$,#6049,#6214);
#13=ITEM_DEFINED_TRANSFORMATION($,$,#6093,#6215);
#14=ITEM_DEFINED_TRANSFORMATION($,$,#6168,#6216);
#15=ITEM_DEFINED_TRANSFORMATION($,$,#6187,#6217);
#16=ITEM_DEFINED_TRANSFORMATION($,$,#6194,#6218);
#17=(
REPRESENTATION_RELATIONSHIP($,$,#9390,#9389)
REPRESENTATION_RELATIONSHIP_WITH_TRANSFORMATION(#11)
SHAPE_REPRESENTATION_RELATIONSHIP()
);
#18=(
REPRESENTATION_RELATIONSHIP($,$,#9391,#9389)
REPRESENTATION_RELATIONSHIP_WITH_TRANSFORMATION(#12)
SHAPE_REPRESENTATION_RELATIONSHIP()
);
#19=(
REPRESENTATION_RELATIONSHIP($,$,#9392,#9389)
REPRESENTATION_RELATIONSHIP_WITH_TRANSFORMATION(#13)
SHAPE_REPRESENTATION_RELATIONSHIP()
);
#20=(
REPRESENTATION_RELATIONSHIP($,$,#9393,#9389)
REPRESENTATION_RELATIONSHIP_WITH_TRANSFORMATION(#14)
SHAPE_REPRESENTATION_RELATIONSHIP()
);
#21=(
REPRESENTATION_RELATIONSHIP($,$,#9394,#9389)
REPRESENTATION_RELATIONSHIP_WITH_TRANSFORMATION(#15)
SHAPE_REPRESENTATION_RELATIONSHIP()
);
#22=(
REPRESENTATION_RELATIONSHIP($,$,#9395,#9389)
REPRESENTATION_RELATIONSHIP_WITH_TRANSFORMATION(#16)
SHAPE_REPRESENTATION_RELATIONSHIP()
);
#23=CONTEXT_DEPENDENT_SHAPE_REPRESENTATION(#17,#9383);
#24=CONTEXT_DEPENDENT_SHAPE_REPRESENTATION(#18,#9384);
#25=CONTEXT_DEPENDENT_SHAPE_REPRESENTATION(#19,#9385);
#26=CONTEXT_DEPENDENT_SHAPE_REPRESENTATION(#20,#9386);
#27=CONTEXT_DEPENDENT_SHAPE_REPRESENTATION(#21,#9387);
#28=CONTEXT_DEPENDENT_SHAPE_REPRESENTATION(#22,#9388);
#29=NEXT_ASSEMBLY_USAGE_OCCURRENCE('Housing:1','Housing:1','Housing:1',
#9397,#9398,'Housing:1');
#30=NEXT_ASSEMBLY_USAGE_OCCURRENCE('BackCover:1','BackCover:1',
'BackCover:1',#9397,#9399,'BackCover:1');
#31=NEXT_ASSEMBLY_USAGE_OCCURRENCE('WallPlate:1','WallPlate:1',
'WallPlate:1',#9397,#9400,'WallPlate:1');
#32=NEXT_ASSEMBLY_USAGE_OCCURRENCE('Dummy_LCD_2inch:1',
'Dummy_LCD_2inch:1','Dummy_LCD_2inch:1',#9397,#9401,'Dummy_LCD_2inch:1');
#33=NEXT_ASSEMBLY_USAGE_OCCURRENCE('Dummy_SCD41:1','Dummy_SCD41:1',
'Dummy_SCD41:1',#9397,#9402,'Dummy_SCD41:1');
#34=NEXT_ASSEMBLY_USAGE_OCCURRENCE('Dummy_ESP32_C3:1',
'Dummy_ESP32_C3:1','Dummy_ESP32_C3:1',#9397,#9403,'Dummy_ESP32_C3:1');
#35=TOROIDAL_SURFACE('',#6135,9.6,2.);
#36=TOROIDAL_SURFACE('',#6141,9.6,2.);
#37=TOROIDAL_SURFACE('',#6146,9.6,2.);
#38=TOROIDAL_SURFACE('',#6151,9.6,2.);
#39=SHAPE_REPRESENTATION_RELATIONSHIP('SRR','None',#9390,#45);
#40=SHAPE_REPRESENTATION_RELATIONSHIP('SRR','None',#9391,#46);
#41=SHAPE_REPRESENTATION_RELATIONSHIP('SRR','None',#9392,#47);
#42=SHAPE_REPRESENTATION_RELATIONSHIP('SRR','None',#9393,#48);
#43=SHAPE_REPRESENTATION_RELATIONSHIP('SRR','None',#9394,#49);
#44=SHAPE_REPRESENTATION_RELATIONSHIP('SRR','None',#9395,#50);
#45=ADVANCED_BREP_SHAPE_REPRESENTATION('',(#61),#9358);
#46=ADVANCED_BREP_SHAPE_REPRESENTATION('',(#62),#9359);
#47=ADVANCED_BREP_SHAPE_REPRESENTATION('',(#63),#9360);
#48=ADVANCED_BREP_SHAPE_REPRESENTATION('',(#64,#65,#66),#9361);
#49=ADVANCED_BREP_SHAPE_REPRESENTATION('',(#67),#9362);
#50=ADVANCED_BREP_SHAPE_REPRESENTATION('',(#68,#69,#70),#9363);
#51=STYLED_ITEM('',(#9428),#61);
#52=STYLED_ITEM('',(#9428),#62);
#53=STYLED_ITEM('',(#9428),#63);
#54=STYLED_ITEM('',(#9428),#64);
#55=STYLED_ITEM('',(#9428),#65);
#56=STYLED_ITEM('',(#9428),#66);
#57=STYLED_ITEM('',(#9428),#67);
#58=STYLED_ITEM('',(#9428),#68);
#59=STYLED_ITEM('',(#9428),#69);
#60=STYLED_ITEM('',(#9428),#70);
#61=MANIFOLD_SOLID_BREP('Housing',#5734);
#62=MANIFOLD_SOLID_BREP('BackCover',#5735);
#63=MANIFOLD_SOLID_BREP('WallPlate',#5736);
#64=MANIFOLD_SOLID_BREP('K\X\F6rper1',#5737);
#65=MANIFOLD_SOLID_BREP('K\X\F6rper2',#5738);
#66=MANIFOLD_SOLID_BREP('K\X\F6rper3',#5739);
#67=MANIFOLD_SOLID_BREP('K\X\F6rper1',#5740);
#68=MANIFOLD_SOLID_BREP('K\X\F6rper1',#5741);
#69=MANIFOLD_SOLID_BREP('K\X\F6rper2',#5742);
#70=MANIFOLD_SOLID_BREP('K\X\F6rper3',#5743);
#71=CONICAL_SURFACE('',#6005,1.4,0.785398163397446);
#72=CONICAL_SURFACE('',#6007,1.4,0.78539816339745);
#73=CONICAL_SURFACE('',#6009,1.4,0.785398163397447);
#74=CONICAL_SURFACE('',#6011,1.4,0.785398163397449);
#75=CONICAL_SURFACE('',#6070,2.45,0.785398163397448);
#76=CONICAL_SURFACE('',#6074,2.45,0.785398163397448);
#77=(
BOUNDED_SURFACE()
B_SPLINE_SURFACE(2,2,((#8488,#8489,#8490),(#8491,#8492,#8493),(#8494,#8495,
#8496)),.UNSPECIFIED.,.F.,.F.,.F.)
B_SPLINE_SURFACE_WITH_KNOTS((3,3),(3,3),(-1.5707963267949,0.),(1.5707963267949,
3.14159265358979),.UNSPECIFIED.)
GEOMETRIC_REPRESENTATION_ITEM()
RATIONAL_B_SPLINE_SURFACE(((1.,0.707106781186548,1.),(0.70710678118655,
0.500000000000002,0.70710678118655),(1.,0.707106781186548,1.)))
REPRESENTATION_ITEM('')
SURFACE()
);
#78=(
BOUNDED_SURFACE()
B_SPLINE_SURFACE(2,2,((#8504,#8505,#8506),(#8507,#8508,#8509),(#8510,#8511,
#8512)),.UNSPECIFIED.,.F.,.F.,.F.)
B_SPLINE_SURFACE_WITH_KNOTS((3,3),(3,3),(-1.5707963267949,0.),(0.,1.5707963267949),
 .UNSPECIFIED.)
GEOMETRIC_REPRESENTATION_ITEM()
RATIONAL_B_SPLINE_SURFACE(((1.,0.707106781186548,1.),(0.70710678118655,
0.500000000000002,0.70710678118655),(1.,0.707106781186548,1.)))
REPRESENTATION_ITEM('')
SURFACE()
);
#79=(
BOUNDED_SURFACE()
B_SPLINE_SURFACE(2,2,((#8520,#8521,#8522),(#8523,#8524,#8525),(#8526,#8527,
#8528)),.UNSPECIFIED.,.F.,.F.,.F.)
B_SPLINE_SURFACE_WITH_KNOTS((3,3),(3,3),(-1.5707963267949,0.),(-1.5707963267949,
0.),.UNSPECIFIED.)
GEOMETRIC_REPRESENTATION_ITEM()
RATIONAL_B_SPLINE_SURFACE(((1.,0.707106781186548,1.),(0.70710678118655,
0.500000000000002,0.70710678118655),(1.,0.707106781186548,1.)))
REPRESENTATION_ITEM('')
SURFACE()
);
#80=(
BOUNDED_SURFACE()
B_SPLINE_SURFACE(2,2,((#8536,#8537,#8538),(#8539,#8540,#8541),(#8542,#8543,
#8544)),.UNSPECIFIED.,.F.,.F.,.F.)
B_SPLINE_SURFACE_WITH_KNOTS((3,3),(3,3),(-1.5707963267949,0.),(-3.14159265358979,
-1.5707963267949),.UNSPECIFIED.)
GEOMETRIC_REPRESENTATION_ITEM()
RATIONAL_B_SPLINE_SURFACE(((1.,0.707106781186548,1.),(0.70710678118655,
0.500000000000002,0.70710678118655),(1.,0.707106781186548,1.)))
REPRESENTATION_ITEM('')
SURFACE()
);
#81=FACE_BOUND('',#700,.T.);
#82=FACE_BOUND('',#703,.T.);
#83=FACE_BOUND('',#707,.T.);
#84=FACE_BOUND('',#708,.T.);
#85=FACE_BOUND('',#709,.T.);
#86=FACE_BOUND('',#710,.T.);
#87=FACE_BOUND('',#722,.T.);
#88=FACE_BOUND('',#725,.T.);
#89=FACE_BOUND('',#726,.T.);
#90=FACE_BOUND('',#727,.T.);
#91=FACE_BOUND('',#730,.T.);
#92=FACE_BOUND('',#731,.T.);
#93=FACE_BOUND('',#732,.T.);
#94=FACE_BOUND('',#733,.T.);
#95=FACE_BOUND('',#734,.T.);
#96=FACE_BOUND('',#735,.T.);
#97=FACE_BOUND('',#736,.T.);
#98=FACE_BOUND('',#737,.T.);
#99=FACE_BOUND('',#738,.T.);
#100=FACE_BOUND('',#739,.T.);
#101=FACE_BOUND('',#740,.T.);
#102=FACE_BOUND('',#741,.T.);
#103=FACE_BOUND('',#742,.T.);
#104=FACE_BOUND('',#745,.T.);
#105=FACE_BOUND('',#746,.T.);
#106=FACE_BOUND('',#747,.T.);
#107=FACE_BOUND('',#759,.T.);
#108=FACE_BOUND('',#760,.T.);
#109=FACE_BOUND('',#762,.T.);
#110=FACE_BOUND('',#763,.T.);
#111=FACE_BOUND('',#764,.T.);
#112=FACE_BOUND('',#765,.T.);
#113=FACE_BOUND('',#766,.T.);
#114=FACE_BOUND('',#774,.T.);
#115=FACE_BOUND('',#788,.T.);
#116=FACE_BOUND('',#791,.T.);
#117=FACE_BOUND('',#794,.T.);
#118=FACE_BOUND('',#797,.T.);
#119=FACE_BOUND('',#811,.T.);
#120=FACE_BOUND('',#812,.T.);
#121=FACE_BOUND('',#813,.T.);
#122=FACE_BOUND('',#816,.T.);
#123=FACE_BOUND('',#817,.T.);
#124=FACE_BOUND('',#818,.T.);
#125=FACE_BOUND('',#820,.T.);
#126=FACE_BOUND('',#821,.T.);
#127=FACE_BOUND('',#822,.T.);
#128=FACE_BOUND('',#823,.T.);
#129=FACE_BOUND('',#824,.T.);
#130=FACE_BOUND('',#825,.T.);
#131=FACE_BOUND('',#826,.T.);
#132=FACE_BOUND('',#827,.T.);
#133=FACE_BOUND('',#828,.T.);
#134=FACE_BOUND('',#829,.T.);
#135=FACE_BOUND('',#830,.T.);
#136=FACE_BOUND('',#831,.T.);
#137=FACE_BOUND('',#832,.T.);
#138=FACE_BOUND('',#840,.T.);
#139=FACE_BOUND('',#841,.T.);
#140=FACE_BOUND('',#842,.T.);
#141=FACE_BOUND('',#866,.T.);
#142=FACE_BOUND('',#867,.T.);
#143=FACE_BOUND('',#868,.T.);
#144=FACE_BOUND('',#869,.T.);
#145=FACE_BOUND('',#870,.T.);
#146=FACE_BOUND('',#872,.T.);
#147=FACE_BOUND('',#873,.T.);
#148=FACE_BOUND('',#882,.T.);
#149=FACE_BOUND('',#888,.T.);
#150=FACE_BOUND('',#902,.T.);
#151=FACE_BOUND('',#903,.T.);
#152=FACE_BOUND('',#904,.T.);
#153=FACE_BOUND('',#916,.T.);
#154=FACE_BOUND('',#917,.T.);
#155=FACE_BOUND('',#918,.T.);
#156=FACE_BOUND('',#937,.T.);
#157=CYLINDRICAL_SURFACE('',#5916,2.);
#158=CYLINDRICAL_SURFACE('',#5920,2.);
#159=CYLINDRICAL_SURFACE('',#5922,3.75);
#160=CYLINDRICAL_SURFACE('',#5926,3.75);
#161=CYLINDRICAL_SURFACE('',#5948,4.);
#162=CYLINDRICAL_SURFACE('',#5951,4.);
#163=CYLINDRICAL_SURFACE('',#5954,4.);
#164=CYLINDRICAL_SURFACE('',#5957,4.);
#165=CYLINDRICAL_SURFACE('',#5960,2.5);
#166=CYLINDRICAL_SURFACE('',#5965,2.5);
#167=CYLINDRICAL_SURFACE('',#5969,2.5);
#168=CYLINDRICAL_SURFACE('',#5973,2.5);
#169=CYLINDRICAL_SURFACE('',#5989,1.);
#170=CYLINDRICAL_SURFACE('',#5992,1.);
#171=CYLINDRICAL_SURFACE('',#6000,1.);
#172=CYLINDRICAL_SURFACE('',#6003,1.);
#173=CYLINDRICAL_SURFACE('',#6016,2.2);
#174=CYLINDRICAL_SURFACE('',#6020,2.2);
#175=CYLINDRICAL_SURFACE('',#6024,2.2);
#176=CYLINDRICAL_SURFACE('',#6028,2.2);
#177=CYLINDRICAL_SURFACE('',#6029,0.85);
#178=CYLINDRICAL_SURFACE('',#6032,0.85);
#179=CYLINDRICAL_SURFACE('',#6035,0.85);
#180=CYLINDRICAL_SURFACE('',#6038,0.85);
#181=CYLINDRICAL_SURFACE('',#6060,1.5);
#182=CYLINDRICAL_SURFACE('',#6064,1.5);
#183=CYLINDRICAL_SURFACE('',#6072,1.7);
#184=CYLINDRICAL_SURFACE('',#6076,1.7);
#185=CYLINDRICAL_SURFACE('',#6133,39.);
#186=CYLINDRICAL_SURFACE('',#6139,2.);
#187=CYLINDRICAL_SURFACE('',#6144,2.);
#188=CYLINDRICAL_SURFACE('',#6149,2.);
#189=CYLINDRICAL_SURFACE('',#6154,2.);
#190=CYLINDRICAL_SURFACE('',#6156,11.6);
#191=CYLINDRICAL_SURFACE('',#6159,11.6);
#192=CYLINDRICAL_SURFACE('',#6162,11.6);
#193=CYLINDRICAL_SURFACE('',#6165,11.6);
#194=CIRCLE('',#5915,2.);
#195=CIRCLE('',#5917,2.);
#196=CIRCLE('',#5919,2.);
#197=CIRCLE('',#5921,2.);
#198=CIRCLE('',#5923,3.75);
#199=CIRCLE('',#5924,3.75);
#200=CIRCLE('',#5927,3.75);
#201=CIRCLE('',#5928,3.75);
#202=CIRCLE('',#5944,4.);
#203=CIRCLE('',#5945,4.);
#204=CIRCLE('',#5946,4.);
#205=CIRCLE('',#5947,4.);
#206=CIRCLE('',#5949,4.);
#207=CIRCLE('',#5952,4.);
#208=CIRCLE('',#5955,4.);
#209=CIRCLE('',#5958,4.);
#210=CIRCLE('',#5961,2.5);
#211=CIRCLE('',#5962,2.5);
#212=CIRCLE('',#5963,2.5);
#213=CIRCLE('',#5964,1.5);
#214=CIRCLE('',#5966,2.5);
#215=CIRCLE('',#5967,2.5);
#216=CIRCLE('',#5968,1.5);
#217=CIRCLE('',#5970,2.5);
#218=CIRCLE('',#5971,2.5);
#219=CIRCLE('',#5972,1.5);
#220=CIRCLE('',#5974,2.5);
#221=CIRCLE('',#5975,1.5);
#222=CIRCLE('',#5978,2.2);
#223=CIRCLE('',#5979,2.2);
#224=CIRCLE('',#5980,2.2);
#225=CIRCLE('',#5981,2.2);
#226=CIRCLE('',#5982,1.);
#227=CIRCLE('',#5983,1.);
#228=CIRCLE('',#5984,1.);
#229=CIRCLE('',#5985,1.);
#230=CIRCLE('',#5990,1.);
#231=CIRCLE('',#5993,1.);
#232=CIRCLE('',#5995,1.8);
#233=CIRCLE('',#5996,1.8);
#234=CIRCLE('',#5997,1.8);
#235=CIRCLE('',#5998,1.8);
#236=CIRCLE('',#6001,1.);
#237=CIRCLE('',#6004,1.);
#238=CIRCLE('',#6014,2.2);
#239=CIRCLE('',#6015,0.85);
#240=CIRCLE('',#6018,2.2);
#241=CIRCLE('',#6019,0.85);
#242=CIRCLE('',#6022,2.2);
#243=CIRCLE('',#6023,0.85);
#244=CIRCLE('',#6026,2.2);
#245=CIRCLE('',#6027,0.85);
#246=CIRCLE('',#6030,0.85);
#247=CIRCLE('',#6033,0.85);
#248=CIRCLE('',#6036,0.85);
#249=CIRCLE('',#6039,0.85);
#250=CIRCLE('',#6056,3.2);
#251=CIRCLE('',#6057,3.2);
#252=CIRCLE('',#6059,1.5);
#253=CIRCLE('',#6061,1.5);
#254=CIRCLE('',#6063,1.5);
#255=CIRCLE('',#6065,1.5);
#256=CIRCLE('',#6071,1.7);
#257=CIRCLE('',#6073,1.7);
#258=CIRCLE('',#6075,1.7);
#259=CIRCLE('',#6077,1.7);
#260=CIRCLE('',#6117,9.6);
#261=CIRCLE('',#6118,9.6);
#262=CIRCLE('',#6119,9.6);
#263=CIRCLE('',#6120,9.6);
#264=CIRCLE('',#6132,39.);
#265=CIRCLE('',#6134,39.);
#266=CIRCLE('',#6136,2.);
#267=CIRCLE('',#6137,2.);
#268=CIRCLE('',#6138,11.6);
#269=CIRCLE('',#6140,2.);
#270=CIRCLE('',#6142,2.);
#271=CIRCLE('',#6143,11.6);
#272=CIRCLE('',#6145,2.);
#273=CIRCLE('',#6147,2.);
#274=CIRCLE('',#6148,11.6);
#275=CIRCLE('',#6150,2.);
#276=CIRCLE('',#6152,2.);
#277=CIRCLE('',#6153,11.6);
#278=CIRCLE('',#6157,11.6);
#279=CIRCLE('',#6160,11.6);
#280=CIRCLE('',#6163,11.6);
#281=CIRCLE('',#6166,11.6);
#282=FACE_OUTER_BOUND('',#593,.T.);
#283=FACE_OUTER_BOUND('',#594,.T.);
#284=FACE_OUTER_BOUND('',#595,.T.);
#285=FACE_OUTER_BOUND('',#596,.T.);
#286=FACE_OUTER_BOUND('',#597,.T.);
#287=FACE_OUTER_BOUND('',#598,.T.);
#288=FACE_OUTER_BOUND('',#599,.T.);
#289=FACE_OUTER_BOUND('',#600,.T.);
#290=FACE_OUTER_BOUND('',#601,.T.);
#291=FACE_OUTER_BOUND('',#602,.T.);
#292=FACE_OUTER_BOUND('',#603,.T.);
#293=FACE_OUTER_BOUND('',#604,.T.);
#294=FACE_OUTER_BOUND('',#605,.T.);
#295=FACE_OUTER_BOUND('',#606,.T.);
#296=FACE_OUTER_BOUND('',#607,.T.);
#297=FACE_OUTER_BOUND('',#608,.T.);
#298=FACE_OUTER_BOUND('',#609,.T.);
#299=FACE_OUTER_BOUND('',#610,.T.);
#300=FACE_OUTER_BOUND('',#611,.T.);
#301=FACE_OUTER_BOUND('',#612,.T.);
#302=FACE_OUTER_BOUND('',#613,.T.);
#303=FACE_OUTER_BOUND('',#614,.T.);
#304=FACE_OUTER_BOUND('',#615,.T.);
#305=FACE_OUTER_BOUND('',#616,.T.);
#306=FACE_OUTER_BOUND('',#617,.T.);
#307=FACE_OUTER_BOUND('',#618,.T.);
#308=FACE_OUTER_BOUND('',#619,.T.);
#309=FACE_OUTER_BOUND('',#620,.T.);
#310=FACE_OUTER_BOUND('',#621,.T.);
#311=FACE_OUTER_BOUND('',#622,.T.);
#312=FACE_OUTER_BOUND('',#623,.T.);
#313=FACE_OUTER_BOUND('',#624,.T.);
#314=FACE_OUTER_BOUND('',#625,.T.);
#315=FACE_OUTER_BOUND('',#626,.T.);
#316=FACE_OUTER_BOUND('',#627,.T.);
#317=FACE_OUTER_BOUND('',#628,.T.);
#318=FACE_OUTER_BOUND('',#629,.T.);
#319=FACE_OUTER_BOUND('',#630,.T.);
#320=FACE_OUTER_BOUND('',#631,.T.);
#321=FACE_OUTER_BOUND('',#632,.T.);
#322=FACE_OUTER_BOUND('',#633,.T.);
#323=FACE_OUTER_BOUND('',#634,.T.);
#324=FACE_OUTER_BOUND('',#635,.T.);
#325=FACE_OUTER_BOUND('',#636,.T.);
#326=FACE_OUTER_BOUND('',#637,.T.);
#327=FACE_OUTER_BOUND('',#638,.T.);
#328=FACE_OUTER_BOUND('',#639,.T.);
#329=FACE_OUTER_BOUND('',#640,.T.);
#330=FACE_OUTER_BOUND('',#641,.T.);
#331=FACE_OUTER_BOUND('',#642,.T.);
#332=FACE_OUTER_BOUND('',#643,.T.);
#333=FACE_OUTER_BOUND('',#644,.T.);
#334=FACE_OUTER_BOUND('',#645,.T.);
#335=FACE_OUTER_BOUND('',#646,.T.);
#336=FACE_OUTER_BOUND('',#647,.T.);
#337=FACE_OUTER_BOUND('',#648,.T.);
#338=FACE_OUTER_BOUND('',#649,.T.);
#339=FACE_OUTER_BOUND('',#650,.T.);
#340=FACE_OUTER_BOUND('',#651,.T.);
#341=FACE_OUTER_BOUND('',#652,.T.);
#342=FACE_OUTER_BOUND('',#653,.T.);
#343=FACE_OUTER_BOUND('',#654,.T.);
#344=FACE_OUTER_BOUND('',#655,.T.);
#345=FACE_OUTER_BOUND('',#656,.T.);
#346=FACE_OUTER_BOUND('',#657,.T.);
#347=FACE_OUTER_BOUND('',#658,.T.);
#348=FACE_OUTER_BOUND('',#659,.T.);
#349=FACE_OUTER_BOUND('',#660,.T.);
#350=FACE_OUTER_BOUND('',#661,.T.);
#351=FACE_OUTER_BOUND('',#662,.T.);
#352=FACE_OUTER_BOUND('',#663,.T.);
#353=FACE_OUTER_BOUND('',#664,.T.);
#354=FACE_OUTER_BOUND('',#665,.T.);
#355=FACE_OUTER_BOUND('',#666,.T.);
#356=FACE_OUTER_BOUND('',#667,.T.);
#357=FACE_OUTER_BOUND('',#668,.T.);
#358=FACE_OUTER_BOUND('',#669,.T.);
#359=FACE_OUTER_BOUND('',#670,.T.);
#360=FACE_OUTER_BOUND('',#671,.T.);
#361=FACE_OUTER_BOUND('',#672,.T.);
#362=FACE_OUTER_BOUND('',#673,.T.);
#363=FACE_OUTER_BOUND('',#674,.T.);
#364=FACE_OUTER_BOUND('',#675,.T.);
#365=FACE_OUTER_BOUND('',#676,.T.);
#366=FACE_OUTER_BOUND('',#677,.T.);
#367=FACE_OUTER_BOUND('',#678,.T.);
#368=FACE_OUTER_BOUND('',#679,.T.);
#369=FACE_OUTER_BOUND('',#680,.T.);
#370=FACE_OUTER_BOUND('',#681,.T.);
#371=FACE_OUTER_BOUND('',#682,.T.);
#372=FACE_OUTER_BOUND('',#683,.T.);
#373=FACE_OUTER_BOUND('',#684,.T.);
#374=FACE_OUTER_BOUND('',#685,.T.);
#375=FACE_OUTER_BOUND('',#686,.T.);
#376=FACE_OUTER_BOUND('',#687,.T.);
#377=FACE_OUTER_BOUND('',#688,.T.);
#378=FACE_OUTER_BOUND('',#689,.T.);
#379=FACE_OUTER_BOUND('',#690,.T.);
#380=FACE_OUTER_BOUND('',#691,.T.);
#381=FACE_OUTER_BOUND('',#692,.T.);
#382=FACE_OUTER_BOUND('',#693,.T.);
#383=FACE_OUTER_BOUND('',#694,.T.);
#384=FACE_OUTER_BOUND('',#695,.T.);
#385=FACE_OUTER_BOUND('',#696,.T.);
#386=FACE_OUTER_BOUND('',#697,.T.);
#387=FACE_OUTER_BOUND('',#698,.T.);
#388=FACE_OUTER_BOUND('',#699,.T.);
#389=FACE_OUTER_BOUND('',#701,.T.);
#390=FACE_OUTER_BOUND('',#702,.T.);
#391=FACE_OUTER_BOUND('',#704,.T.);
#392=FACE_OUTER_BOUND('',#705,.T.);
#393=FACE_OUTER_BOUND('',#706,.T.);
#394=FACE_OUTER_BOUND('',#711,.T.);
#395=FACE_OUTER_BOUND('',#712,.T.);
#396=FACE_OUTER_BOUND('',#713,.T.);
#397=FACE_OUTER_BOUND('',#714,.T.);
#398=FACE_OUTER_BOUND('',#715,.T.);
#399=FACE_OUTER_BOUND('',#716,.T.);
#400=FACE_OUTER_BOUND('',#717,.T.);
#401=FACE_OUTER_BOUND('',#718,.T.);
#402=FACE_OUTER_BOUND('',#719,.T.);
#403=FACE_OUTER_BOUND('',#720,.T.);
#404=FACE_OUTER_BOUND('',#721,.T.);
#405=FACE_OUTER_BOUND('',#723,.T.);
#406=FACE_OUTER_BOUND('',#724,.T.);
#407=FACE_OUTER_BOUND('',#728,.T.);
#408=FACE_OUTER_BOUND('',#729,.T.);
#409=FACE_OUTER_BOUND('',#743,.T.);
#410=FACE_OUTER_BOUND('',#744,.T.);
#411=FACE_OUTER_BOUND('',#748,.T.);
#412=FACE_OUTER_BOUND('',#749,.T.);
#413=FACE_OUTER_BOUND('',#750,.T.);
#414=FACE_OUTER_BOUND('',#751,.T.);
#415=FACE_OUTER_BOUND('',#752,.T.);
#416=FACE_OUTER_BOUND('',#753,.T.);
#417=FACE_OUTER_BOUND('',#754,.T.);
#418=FACE_OUTER_BOUND('',#755,.T.);
#419=FACE_OUTER_BOUND('',#756,.T.);
#420=FACE_OUTER_BOUND('',#757,.T.);
#421=FACE_OUTER_BOUND('',#758,.T.);
#422=FACE_OUTER_BOUND('',#761,.T.);
#423=FACE_OUTER_BOUND('',#767,.T.);
#424=FACE_OUTER_BOUND('',#768,.T.);
#425=FACE_OUTER_BOUND('',#769,.T.);
#426=FACE_OUTER_BOUND('',#770,.T.);
#427=FACE_OUTER_BOUND('',#771,.T.);
#428=FACE_OUTER_BOUND('',#772,.T.);
#429=FACE_OUTER_BOUND('',#773,.T.);
#430=FACE_OUTER_BOUND('',#775,.T.);
#431=FACE_OUTER_BOUND('',#776,.T.);
#432=FACE_OUTER_BOUND('',#777,.T.);
#433=FACE_OUTER_BOUND('',#778,.T.);
#434=FACE_OUTER_BOUND('',#779,.T.);
#435=FACE_OUTER_BOUND('',#780,.T.);
#436=FACE_OUTER_BOUND('',#781,.T.);
#437=FACE_OUTER_BOUND('',#782,.T.);
#438=FACE_OUTER_BOUND('',#783,.T.);
#439=FACE_OUTER_BOUND('',#784,.T.);
#440=FACE_OUTER_BOUND('',#785,.T.);
#441=FACE_OUTER_BOUND('',#786,.T.);
#442=FACE_OUTER_BOUND('',#787,.T.);
#443=FACE_OUTER_BOUND('',#789,.T.);
#444=FACE_OUTER_BOUND('',#790,.T.);
#445=FACE_OUTER_BOUND('',#792,.T.);
#446=FACE_OUTER_BOUND('',#793,.T.);
#447=FACE_OUTER_BOUND('',#795,.T.);
#448=FACE_OUTER_BOUND('',#796,.T.);
#449=FACE_OUTER_BOUND('',#798,.T.);
#450=FACE_OUTER_BOUND('',#799,.T.);
#451=FACE_OUTER_BOUND('',#800,.T.);
#452=FACE_OUTER_BOUND('',#801,.T.);
#453=FACE_OUTER_BOUND('',#802,.T.);
#454=FACE_OUTER_BOUND('',#803,.T.);
#455=FACE_OUTER_BOUND('',#804,.T.);
#456=FACE_OUTER_BOUND('',#805,.T.);
#457=FACE_OUTER_BOUND('',#806,.T.);
#458=FACE_OUTER_BOUND('',#807,.T.);
#459=FACE_OUTER_BOUND('',#808,.T.);
#460=FACE_OUTER_BOUND('',#809,.T.);
#461=FACE_OUTER_BOUND('',#810,.T.);
#462=FACE_OUTER_BOUND('',#814,.T.);
#463=FACE_OUTER_BOUND('',#815,.T.);
#464=FACE_OUTER_BOUND('',#819,.T.);
#465=FACE_OUTER_BOUND('',#833,.T.);
#466=FACE_OUTER_BOUND('',#834,.T.);
#467=FACE_OUTER_BOUND('',#835,.T.);
#468=FACE_OUTER_BOUND('',#836,.T.);
#469=FACE_OUTER_BOUND('',#837,.T.);
#470=FACE_OUTER_BOUND('',#838,.T.);
#471=FACE_OUTER_BOUND('',#839,.T.);
#472=FACE_OUTER_BOUND('',#843,.T.);
#473=FACE_OUTER_BOUND('',#844,.T.);
#474=FACE_OUTER_BOUND('',#845,.T.);
#475=FACE_OUTER_BOUND('',#846,.T.);
#476=FACE_OUTER_BOUND('',#847,.T.);
#477=FACE_OUTER_BOUND('',#848,.T.);
#478=FACE_OUTER_BOUND('',#849,.T.);
#479=FACE_OUTER_BOUND('',#850,.T.);
#480=FACE_OUTER_BOUND('',#851,.T.);
#481=FACE_OUTER_BOUND('',#852,.T.);
#482=FACE_OUTER_BOUND('',#853,.T.);
#483=FACE_OUTER_BOUND('',#854,.T.);
#484=FACE_OUTER_BOUND('',#855,.T.);
#485=FACE_OUTER_BOUND('',#856,.T.);
#486=FACE_OUTER_BOUND('',#857,.T.);
#487=FACE_OUTER_BOUND('',#858,.T.);
#488=FACE_OUTER_BOUND('',#859,.T.);
#489=FACE_OUTER_BOUND('',#860,.T.);
#490=FACE_OUTER_BOUND('',#861,.T.);
#491=FACE_OUTER_BOUND('',#862,.T.);
#492=FACE_OUTER_BOUND('',#863,.T.);
#493=FACE_OUTER_BOUND('',#864,.T.);
#494=FACE_OUTER_BOUND('',#865,.T.);
#495=FACE_OUTER_BOUND('',#871,.T.);
#496=FACE_OUTER_BOUND('',#874,.T.);
#497=FACE_OUTER_BOUND('',#875,.T.);
#498=FACE_OUTER_BOUND('',#876,.T.);
#499=FACE_OUTER_BOUND('',#877,.T.);
#500=FACE_OUTER_BOUND('',#878,.T.);
#501=FACE_OUTER_BOUND('',#879,.T.);
#502=FACE_OUTER_BOUND('',#880,.T.);
#503=FACE_OUTER_BOUND('',#881,.T.);
#504=FACE_OUTER_BOUND('',#883,.T.);
#505=FACE_OUTER_BOUND('',#884,.T.);
#506=FACE_OUTER_BOUND('',#885,.T.);
#507=FACE_OUTER_BOUND('',#886,.T.);
#508=FACE_OUTER_BOUND('',#887,.T.);
#509=FACE_OUTER_BOUND('',#889,.T.);
#510=FACE_OUTER_BOUND('',#890,.T.);
#511=FACE_OUTER_BOUND('',#891,.T.);
#512=FACE_OUTER_BOUND('',#892,.T.);
#513=FACE_OUTER_BOUND('',#893,.T.);
#514=FACE_OUTER_BOUND('',#894,.T.);
#515=FACE_OUTER_BOUND('',#895,.T.);
#516=FACE_OUTER_BOUND('',#896,.T.);
#517=FACE_OUTER_BOUND('',#897,.T.);
#518=FACE_OUTER_BOUND('',#898,.T.);
#519=FACE_OUTER_BOUND('',#899,.T.);
#520=FACE_OUTER_BOUND('',#900,.T.);
#521=FACE_OUTER_BOUND('',#901,.T.);
#522=FACE_OUTER_BOUND('',#905,.T.);
#523=FACE_OUTER_BOUND('',#906,.T.);
#524=FACE_OUTER_BOUND('',#907,.T.);
#525=FACE_OUTER_BOUND('',#908,.T.);
#526=FACE_OUTER_BOUND('',#909,.T.);
#527=FACE_OUTER_BOUND('',#910,.T.);
#528=FACE_OUTER_BOUND('',#911,.T.);
#529=FACE_OUTER_BOUND('',#912,.T.);
#530=FACE_OUTER_BOUND('',#913,.T.);
#531=FACE_OUTER_BOUND('',#914,.T.);
#532=FACE_OUTER_BOUND('',#915,.T.);
#533=FACE_OUTER_BOUND('',#919,.T.);
#534=FACE_OUTER_BOUND('',#920,.T.);
#535=FACE_OUTER_BOUND('',#921,.T.);
#536=FACE_OUTER_BOUND('',#922,.T.);
#537=FACE_OUTER_BOUND('',#923,.T.);
#538=FACE_OUTER_BOUND('',#924,.T.);
#539=FACE_OUTER_BOUND('',#925,.T.);
#540=FACE_OUTER_BOUND('',#926,.T.);
#541=FACE_OUTER_BOUND('',#927,.T.);
#542=FACE_OUTER_BOUND('',#928,.T.);
#543=FACE_OUTER_BOUND('',#929,.T.);
#544=FACE_OUTER_BOUND('',#930,.T.);
#545=FACE_OUTER_BOUND('',#931,.T.);
#546=FACE_OUTER_BOUND('',#932,.T.);
#547=FACE_OUTER_BOUND('',#933,.T.);
#548=FACE_OUTER_BOUND('',#934,.T.);
#549=FACE_OUTER_BOUND('',#935,.T.);
#550=FACE_OUTER_BOUND('',#936,.T.);
#551=FACE_OUTER_BOUND('',#938,.T.);
#552=FACE_OUTER_BOUND('',#939,.T.);
#553=FACE_OUTER_BOUND('',#940,.T.);
#554=FACE_OUTER_BOUND('',#941,.T.);
#555=FACE_OUTER_BOUND('',#942,.T.);
#556=FACE_OUTER_BOUND('',#943,.T.);
#557=FACE_OUTER_BOUND('',#944,.T.);
#558=FACE_OUTER_BOUND('',#945,.T.);
#559=FACE_OUTER_BOUND('',#946,.T.);
#560=FACE_OUTER_BOUND('',#947,.T.);
#561=FACE_OUTER_BOUND('',#948,.T.);
#562=FACE_OUTER_BOUND('',#949,.T.);
#563=FACE_OUTER_BOUND('',#950,.T.);
#564=FACE_OUTER_BOUND('',#951,.T.);
#565=FACE_OUTER_BOUND('',#952,.T.);
#566=FACE_OUTER_BOUND('',#953,.T.);
#567=FACE_OUTER_BOUND('',#954,.T.);
#568=FACE_OUTER_BOUND('',#955,.T.);
#569=FACE_OUTER_BOUND('',#956,.T.);
#570=FACE_OUTER_BOUND('',#957,.T.);
#571=FACE_OUTER_BOUND('',#958,.T.);
#572=FACE_OUTER_BOUND('',#959,.T.);
#573=FACE_OUTER_BOUND('',#960,.T.);
#574=FACE_OUTER_BOUND('',#961,.T.);
#575=FACE_OUTER_BOUND('',#962,.T.);
#576=FACE_OUTER_BOUND('',#963,.T.);
#577=FACE_OUTER_BOUND('',#964,.T.);
#578=FACE_OUTER_BOUND('',#965,.T.);
#579=FACE_OUTER_BOUND('',#966,.T.);
#580=FACE_OUTER_BOUND('',#967,.T.);
#581=FACE_OUTER_BOUND('',#968,.T.);
#582=FACE_OUTER_BOUND('',#969,.T.);
#583=FACE_OUTER_BOUND('',#970,.T.);
#584=FACE_OUTER_BOUND('',#971,.T.);
#585=FACE_OUTER_BOUND('',#972,.T.);
#586=FACE_OUTER_BOUND('',#973,.T.);
#587=FACE_OUTER_BOUND('',#974,.T.);
#588=FACE_OUTER_BOUND('',#975,.T.);
#589=FACE_OUTER_BOUND('',#976,.T.);
#590=FACE_OUTER_BOUND('',#977,.T.);
#591=FACE_OUTER_BOUND('',#978,.T.);
#592=FACE_OUTER_BOUND('',#979,.T.);
#593=EDGE_LOOP('',(#3621,#3622,#3623,#3624));
#594=EDGE_LOOP('',(#3625,#3626,#3627,#3628));
#595=EDGE_LOOP('',(#3629,#3630,#3631,#3632));
#596=EDGE_LOOP('',(#3633,#3634,#3635,#3636));
#597=EDGE_LOOP('',(#3637,#3638,#3639,#3640));
#598=EDGE_LOOP('',(#3641,#3642,#3643,#3644));
#599=EDGE_LOOP('',(#3645,#3646,#3647,#3648));
#600=EDGE_LOOP('',(#3649,#3650,#3651,#3652));
#601=EDGE_LOOP('',(#3653,#3654,#3655,#3656));
#602=EDGE_LOOP('',(#3657,#3658,#3659,#3660));
#603=EDGE_LOOP('',(#3661,#3662,#3663,#3664));
#604=EDGE_LOOP('',(#3665,#3666,#3667,#3668));
#605=EDGE_LOOP('',(#3669,#3670,#3671,#3672));
#606=EDGE_LOOP('',(#3673,#3674,#3675,#3676));
#607=EDGE_LOOP('',(#3677,#3678,#3679,#3680));
#608=EDGE_LOOP('',(#3681,#3682,#3683,#3684));
#609=EDGE_LOOP('',(#3685,#3686,#3687,#3688));
#610=EDGE_LOOP('',(#3689,#3690,#3691,#3692));
#611=EDGE_LOOP('',(#3693,#3694,#3695,#3696));
#612=EDGE_LOOP('',(#3697,#3698,#3699,#3700));
#613=EDGE_LOOP('',(#3701,#3702,#3703,#3704));
#614=EDGE_LOOP('',(#3705,#3706,#3707,#3708));
#615=EDGE_LOOP('',(#3709,#3710,#3711,#3712));
#616=EDGE_LOOP('',(#3713,#3714,#3715,#3716));
#617=EDGE_LOOP('',(#3717,#3718,#3719,#3720));
#618=EDGE_LOOP('',(#3721,#3722,#3723,#3724));
#619=EDGE_LOOP('',(#3725,#3726,#3727,#3728));
#620=EDGE_LOOP('',(#3729,#3730,#3731,#3732));
#621=EDGE_LOOP('',(#3733,#3734,#3735,#3736));
#622=EDGE_LOOP('',(#3737,#3738,#3739,#3740));
#623=EDGE_LOOP('',(#3741,#3742,#3743,#3744));
#624=EDGE_LOOP('',(#3745,#3746,#3747,#3748));
#625=EDGE_LOOP('',(#3749,#3750,#3751,#3752));
#626=EDGE_LOOP('',(#3753,#3754,#3755,#3756));
#627=EDGE_LOOP('',(#3757,#3758,#3759,#3760));
#628=EDGE_LOOP('',(#3761,#3762,#3763,#3764));
#629=EDGE_LOOP('',(#3765,#3766,#3767,#3768));
#630=EDGE_LOOP('',(#3769,#3770,#3771,#3772));
#631=EDGE_LOOP('',(#3773,#3774,#3775,#3776));
#632=EDGE_LOOP('',(#3777,#3778,#3779,#3780));
#633=EDGE_LOOP('',(#3781,#3782,#3783,#3784));
#634=EDGE_LOOP('',(#3785,#3786,#3787,#3788));
#635=EDGE_LOOP('',(#3789,#3790,#3791,#3792));
#636=EDGE_LOOP('',(#3793,#3794,#3795,#3796));
#637=EDGE_LOOP('',(#3797,#3798,#3799,#3800));
#638=EDGE_LOOP('',(#3801,#3802,#3803,#3804));
#639=EDGE_LOOP('',(#3805,#3806,#3807,#3808));
#640=EDGE_LOOP('',(#3809,#3810,#3811,#3812));
#641=EDGE_LOOP('',(#3813,#3814,#3815,#3816));
#642=EDGE_LOOP('',(#3817,#3818,#3819,#3820));
#643=EDGE_LOOP('',(#3821,#3822,#3823,#3824));
#644=EDGE_LOOP('',(#3825,#3826,#3827,#3828));
#645=EDGE_LOOP('',(#3829,#3830,#3831,#3832));
#646=EDGE_LOOP('',(#3833,#3834,#3835,#3836));
#647=EDGE_LOOP('',(#3837,#3838,#3839,#3840));
#648=EDGE_LOOP('',(#3841,#3842,#3843,#3844));
#649=EDGE_LOOP('',(#3845,#3846,#3847,#3848));
#650=EDGE_LOOP('',(#3849,#3850,#3851,#3852));
#651=EDGE_LOOP('',(#3853,#3854,#3855,#3856));
#652=EDGE_LOOP('',(#3857,#3858,#3859,#3860));
#653=EDGE_LOOP('',(#3861,#3862,#3863,#3864));
#654=EDGE_LOOP('',(#3865,#3866,#3867,#3868));
#655=EDGE_LOOP('',(#3869,#3870,#3871,#3872));
#656=EDGE_LOOP('',(#3873,#3874,#3875,#3876));
#657=EDGE_LOOP('',(#3877,#3878,#3879,#3880));
#658=EDGE_LOOP('',(#3881,#3882,#3883,#3884));
#659=EDGE_LOOP('',(#3885,#3886,#3887,#3888));
#660=EDGE_LOOP('',(#3889,#3890,#3891,#3892));
#661=EDGE_LOOP('',(#3893,#3894,#3895,#3896));
#662=EDGE_LOOP('',(#3897,#3898,#3899,#3900));
#663=EDGE_LOOP('',(#3901,#3902,#3903,#3904));
#664=EDGE_LOOP('',(#3905,#3906,#3907,#3908));
#665=EDGE_LOOP('',(#3909,#3910,#3911,#3912));
#666=EDGE_LOOP('',(#3913,#3914,#3915,#3916));
#667=EDGE_LOOP('',(#3917,#3918,#3919,#3920));
#668=EDGE_LOOP('',(#3921,#3922,#3923,#3924));
#669=EDGE_LOOP('',(#3925,#3926,#3927,#3928));
#670=EDGE_LOOP('',(#3929,#3930,#3931,#3932));
#671=EDGE_LOOP('',(#3933,#3934,#3935,#3936));
#672=EDGE_LOOP('',(#3937,#3938,#3939,#3940));
#673=EDGE_LOOP('',(#3941,#3942,#3943,#3944,#3945,#3946,#3947,#3948));
#674=EDGE_LOOP('',(#3949,#3950,#3951,#3952));
#675=EDGE_LOOP('',(#3953,#3954,#3955,#3956));
#676=EDGE_LOOP('',(#3957,#3958,#3959,#3960));
#677=EDGE_LOOP('',(#3961,#3962,#3963,#3964));
#678=EDGE_LOOP('',(#3965,#3966,#3967,#3968));
#679=EDGE_LOOP('',(#3969,#3970,#3971,#3972));
#680=EDGE_LOOP('',(#3973,#3974,#3975,#3976));
#681=EDGE_LOOP('',(#3977,#3978,#3979,#3980));
#682=EDGE_LOOP('',(#3981,#3982,#3983,#3984));
#683=EDGE_LOOP('',(#3985,#3986,#3987,#3988));
#684=EDGE_LOOP('',(#3989,#3990,#3991,#3992));
#685=EDGE_LOOP('',(#3993,#3994,#3995,#3996));
#686=EDGE_LOOP('',(#3997,#3998,#3999,#4000));
#687=EDGE_LOOP('',(#4001,#4002,#4003,#4004));
#688=EDGE_LOOP('',(#4005,#4006,#4007,#4008));
#689=EDGE_LOOP('',(#4009,#4010,#4011,#4012));
#690=EDGE_LOOP('',(#4013,#4014,#4015,#4016));
#691=EDGE_LOOP('',(#4017,#4018,#4019,#4020));
#692=EDGE_LOOP('',(#4021,#4022,#4023,#4024));
#693=EDGE_LOOP('',(#4025,#4026,#4027,#4028));
#694=EDGE_LOOP('',(#4029));
#695=EDGE_LOOP('',(#4030,#4031,#4032,#4033));
#696=EDGE_LOOP('',(#4034));
#697=EDGE_LOOP('',(#4035,#4036,#4037,#4038));
#698=EDGE_LOOP('',(#4039,#4040,#4041,#4042));
#699=EDGE_LOOP('',(#4043));
#700=EDGE_LOOP('',(#4044));
#701=EDGE_LOOP('',(#4045,#4046,#4047,#4048));
#702=EDGE_LOOP('',(#4049));
#703=EDGE_LOOP('',(#4050));
#704=EDGE_LOOP('',(#4051,#4052,#4053,#4054));
#705=EDGE_LOOP('',(#4055,#4056,#4057,#4058));
#706=EDGE_LOOP('',(#4059,#4060,#4061,#4062,#4063,#4064,#4065,#4066,#4067,
#4068,#4069,#4070,#4071,#4072,#4073,#4074));
#707=EDGE_LOOP('',(#4075,#4076,#4077,#4078));
#708=EDGE_LOOP('',(#4079,#4080,#4081,#4082));
#709=EDGE_LOOP('',(#4083));
#710=EDGE_LOOP('',(#4084));
#711=EDGE_LOOP('',(#4085,#4086,#4087,#4088,#4089,#4090,#4091,#4092));
#712=EDGE_LOOP('',(#4093,#4094,#4095,#4096));
#713=EDGE_LOOP('',(#4097,#4098,#4099,#4100));
#714=EDGE_LOOP('',(#4101,#4102,#4103,#4104,#4105,#4106));
#715=EDGE_LOOP('',(#4107,#4108,#4109,#4110));
#716=EDGE_LOOP('',(#4111,#4112,#4113,#4114,#4115,#4116,#4117,#4118));
#717=EDGE_LOOP('',(#4119,#4120,#4121,#4122));
#718=EDGE_LOOP('',(#4123,#4124,#4125,#4126));
#719=EDGE_LOOP('',(#4127,#4128,#4129,#4130,#4131,#4132,#4133,#4134));
#720=EDGE_LOOP('',(#4135,#4136,#4137,#4138));
#721=EDGE_LOOP('',(#4139,#4140,#4141,#4142,#4143,#4144,#4145,#4146));
#722=EDGE_LOOP('',(#4147,#4148,#4149,#4150));
#723=EDGE_LOOP('',(#4151,#4152,#4153,#4154));
#724=EDGE_LOOP('',(#4155,#4156,#4157,#4158));
#725=EDGE_LOOP('',(#4159,#4160,#4161,#4162));
#726=EDGE_LOOP('',(#4163,#4164,#4165,#4166));
#727=EDGE_LOOP('',(#4167,#4168,#4169,#4170));
#728=EDGE_LOOP('',(#4171,#4172,#4173,#4174));
#729=EDGE_LOOP('',(#4175,#4176,#4177,#4178));
#730=EDGE_LOOP('',(#4179,#4180,#4181,#4182));
#731=EDGE_LOOP('',(#4183,#4184,#4185,#4186));
#732=EDGE_LOOP('',(#4187,#4188,#4189,#4190));
#733=EDGE_LOOP('',(#4191,#4192,#4193,#4194));
#734=EDGE_LOOP('',(#4195,#4196,#4197,#4198));
#735=EDGE_LOOP('',(#4199,#4200,#4201,#4202));
#736=EDGE_LOOP('',(#4203,#4204,#4205,#4206));
#737=EDGE_LOOP('',(#4207,#4208,#4209,#4210));
#738=EDGE_LOOP('',(#4211,#4212,#4213,#4214));
#739=EDGE_LOOP('',(#4215,#4216,#4217,#4218));
#740=EDGE_LOOP('',(#4219,#4220,#4221,#4222));
#741=EDGE_LOOP('',(#4223,#4224,#4225,#4226));
#742=EDGE_LOOP('',(#4227,#4228,#4229,#4230));
#743=EDGE_LOOP('',(#4231,#4232,#4233,#4234));
#744=EDGE_LOOP('',(#4235,#4236,#4237,#4238));
#745=EDGE_LOOP('',(#4239,#4240,#4241,#4242));
#746=EDGE_LOOP('',(#4243,#4244,#4245,#4246));
#747=EDGE_LOOP('',(#4247,#4248,#4249,#4250));
#748=EDGE_LOOP('',(#4251,#4252,#4253,#4254));
#749=EDGE_LOOP('',(#4255,#4256,#4257,#4258));
#750=EDGE_LOOP('',(#4259,#4260,#4261,#4262));
#751=EDGE_LOOP('',(#4263,#4264,#4265,#4266));
#752=EDGE_LOOP('',(#4267,#4268,#4269,#4270));
#753=EDGE_LOOP('',(#4271,#4272,#4273,#4274));
#754=EDGE_LOOP('',(#4275,#4276,#4277,#4278));
#755=EDGE_LOOP('',(#4279,#4280,#4281,#4282));
#756=EDGE_LOOP('',(#4283,#4284,#4285,#4286));
#757=EDGE_LOOP('',(#4287,#4288,#4289,#4290));
#758=EDGE_LOOP('',(#4291,#4292,#4293,#4294,#4295,#4296));
#759=EDGE_LOOP('',(#4297,#4298,#4299,#4300));
#760=EDGE_LOOP('',(#4301,#4302,#4303,#4304));
#761=EDGE_LOOP('',(#4305,#4306,#4307,#4308));
#762=EDGE_LOOP('',(#4309));
#763=EDGE_LOOP('',(#4310));
#764=EDGE_LOOP('',(#4311));
#765=EDGE_LOOP('',(#4312));
#766=EDGE_LOOP('',(#4313,#4314,#4315,#4316,#4317,#4318,#4319,#4320));
#767=EDGE_LOOP('',(#4321,#4322,#4323,#4324,#4325,#4326,#4327,#4328));
#768=EDGE_LOOP('',(#4329,#4330,#4331,#4332));
#769=EDGE_LOOP('',(#4333,#4334,#4335,#4336));
#770=EDGE_LOOP('',(#4337,#4338,#4339,#4340));
#771=EDGE_LOOP('',(#4341,#4342,#4343,#4344));
#772=EDGE_LOOP('',(#4345,#4346,#4347,#4348));
#773=EDGE_LOOP('',(#4349,#4350,#4351,#4352,#4353,#4354,#4355,#4356));
#774=EDGE_LOOP('',(#4357,#4358,#4359,#4360,#4361,#4362,#4363,#4364));
#775=EDGE_LOOP('',(#4365,#4366,#4367,#4368));
#776=EDGE_LOOP('',(#4369,#4370,#4371,#4372));
#777=EDGE_LOOP('',(#4373,#4374,#4375,#4376));
#778=EDGE_LOOP('',(#4377,#4378,#4379,#4380));
#779=EDGE_LOOP('',(#4381,#4382,#4383,#4384));
#780=EDGE_LOOP('',(#4385,#4386,#4387,#4388));
#781=EDGE_LOOP('',(#4389,#4390,#4391,#4392));
#782=EDGE_LOOP('',(#4393,#4394,#4395,#4396));
#783=EDGE_LOOP('',(#4397,#4398,#4399,#4400));
#784=EDGE_LOOP('',(#4401,#4402,#4403,#4404));
#785=EDGE_LOOP('',(#4405,#4406,#4407,#4408));
#786=EDGE_LOOP('',(#4409,#4410,#4411,#4412));
#787=EDGE_LOOP('',(#4413));
#788=EDGE_LOOP('',(#4414));
#789=EDGE_LOOP('',(#4415,#4416,#4417,#4418));
#790=EDGE_LOOP('',(#4419));
#791=EDGE_LOOP('',(#4420));
#792=EDGE_LOOP('',(#4421,#4422,#4423,#4424));
#793=EDGE_LOOP('',(#4425));
#794=EDGE_LOOP('',(#4426));
#795=EDGE_LOOP('',(#4427,#4428,#4429,#4430));
#796=EDGE_LOOP('',(#4431));
#797=EDGE_LOOP('',(#4432));
#798=EDGE_LOOP('',(#4433,#4434,#4435,#4436));
#799=EDGE_LOOP('',(#4437,#4438,#4439,#4440));
#800=EDGE_LOOP('',(#4441));
#801=EDGE_LOOP('',(#4442,#4443,#4444,#4445));
#802=EDGE_LOOP('',(#4446));
#803=EDGE_LOOP('',(#4447,#4448,#4449,#4450));
#804=EDGE_LOOP('',(#4451));
#805=EDGE_LOOP('',(#4452,#4453,#4454,#4455));
#806=EDGE_LOOP('',(#4456));
#807=EDGE_LOOP('',(#4457,#4458,#4459,#4460,#4461,#4462,#4463,#4464));
#808=EDGE_LOOP('',(#4465,#4466,#4467,#4468,#4469,#4470));
#809=EDGE_LOOP('',(#4471,#4472,#4473,#4474,#4475,#4476,#4477,#4478));
#810=EDGE_LOOP('',(#4479,#4480,#4481,#4482));
#811=EDGE_LOOP('',(#4483,#4484,#4485,#4486));
#812=EDGE_LOOP('',(#4487,#4488,#4489,#4490));
#813=EDGE_LOOP('',(#4491,#4492,#4493,#4494));
#814=EDGE_LOOP('',(#4495,#4496,#4497,#4498,#4499,#4500,#4501,#4502));
#815=EDGE_LOOP('',(#4503,#4504,#4505,#4506));
#816=EDGE_LOOP('',(#4507,#4508,#4509,#4510));
#817=EDGE_LOOP('',(#4511,#4512,#4513,#4514));
#818=EDGE_LOOP('',(#4515,#4516,#4517,#4518));
#819=EDGE_LOOP('',(#4519,#4520,#4521,#4522));
#820=EDGE_LOOP('',(#4523,#4524,#4525,#4526));
#821=EDGE_LOOP('',(#4527,#4528,#4529,#4530));
#822=EDGE_LOOP('',(#4531,#4532,#4533,#4534));
#823=EDGE_LOOP('',(#4535,#4536,#4537,#4538));
#824=EDGE_LOOP('',(#4539,#4540,#4541,#4542));
#825=EDGE_LOOP('',(#4543,#4544,#4545,#4546));
#826=EDGE_LOOP('',(#4547,#4548,#4549,#4550));
#827=EDGE_LOOP('',(#4551,#4552,#4553,#4554));
#828=EDGE_LOOP('',(#4555,#4556,#4557,#4558));
#829=EDGE_LOOP('',(#4559,#4560,#4561,#4562));
#830=EDGE_LOOP('',(#4563,#4564,#4565,#4566));
#831=EDGE_LOOP('',(#4567,#4568,#4569,#4570));
#832=EDGE_LOOP('',(#4571,#4572,#4573,#4574));
#833=EDGE_LOOP('',(#4575,#4576,#4577,#4578));
#834=EDGE_LOOP('',(#4579,#4580,#4581,#4582));
#835=EDGE_LOOP('',(#4583,#4584,#4585,#4586));
#836=EDGE_LOOP('',(#4587,#4588,#4589,#4590,#4591));
#837=EDGE_LOOP('',(#4592,#4593,#4594,#4595));
#838=EDGE_LOOP('',(#4596,#4597,#4598,#4599));
#839=EDGE_LOOP('',(#4600,#4601,#4602,#4603));
#840=EDGE_LOOP('',(#4604));
#841=EDGE_LOOP('',(#4605));
#842=EDGE_LOOP('',(#4606,#4607,#4608,#4609,#4610,#4611,#4612,#4613));
#843=EDGE_LOOP('',(#4614));
#844=EDGE_LOOP('',(#4615,#4616,#4617,#4618));
#845=EDGE_LOOP('',(#4619));
#846=EDGE_LOOP('',(#4620,#4621,#4622,#4623));
#847=EDGE_LOOP('',(#4624,#4625,#4626,#4627));
#848=EDGE_LOOP('',(#4628,#4629,#4630,#4631));
#849=EDGE_LOOP('',(#4632,#4633,#4634,#4635));
#850=EDGE_LOOP('',(#4636,#4637,#4638,#4639,#4640));
#851=EDGE_LOOP('',(#4641,#4642,#4643,#4644));
#852=EDGE_LOOP('',(#4645,#4646,#4647,#4648));
#853=EDGE_LOOP('',(#4649,#4650,#4651,#4652));
#854=EDGE_LOOP('',(#4653,#4654,#4655,#4656));
#855=EDGE_LOOP('',(#4657,#4658,#4659,#4660));
#856=EDGE_LOOP('',(#4661,#4662,#4663,#4664));
#857=EDGE_LOOP('',(#4665,#4666,#4667,#4668));
#858=EDGE_LOOP('',(#4669,#4670,#4671,#4672));
#859=EDGE_LOOP('',(#4673,#4674,#4675,#4676));
#860=EDGE_LOOP('',(#4677,#4678,#4679,#4680));
#861=EDGE_LOOP('',(#4681,#4682,#4683,#4684));
#862=EDGE_LOOP('',(#4685,#4686,#4687,#4688));
#863=EDGE_LOOP('',(#4689,#4690,#4691,#4692));
#864=EDGE_LOOP('',(#4693,#4694,#4695,#4696));
#865=EDGE_LOOP('',(#4697,#4698,#4699,#4700));
#866=EDGE_LOOP('',(#4701));
#867=EDGE_LOOP('',(#4702));
#868=EDGE_LOOP('',(#4703,#4704,#4705,#4706));
#869=EDGE_LOOP('',(#4707));
#870=EDGE_LOOP('',(#4708));
#871=EDGE_LOOP('',(#4709,#4710,#4711,#4712));
#872=EDGE_LOOP('',(#4713,#4714,#4715,#4716));
#873=EDGE_LOOP('',(#4717,#4718,#4719,#4720));
#874=EDGE_LOOP('',(#4721,#4722,#4723,#4724));
#875=EDGE_LOOP('',(#4725,#4726,#4727,#4728));
#876=EDGE_LOOP('',(#4729,#4730,#4731,#4732));
#877=EDGE_LOOP('',(#4733,#4734,#4735,#4736));
#878=EDGE_LOOP('',(#4737,#4738,#4739,#4740));
#879=EDGE_LOOP('',(#4741,#4742,#4743,#4744));
#880=EDGE_LOOP('',(#4745,#4746,#4747,#4748));
#881=EDGE_LOOP('',(#4749,#4750,#4751,#4752));
#882=EDGE_LOOP('',(#4753,#4754,#4755,#4756));
#883=EDGE_LOOP('',(#4757,#4758,#4759,#4760));
#884=EDGE_LOOP('',(#4761,#4762,#4763,#4764));
#885=EDGE_LOOP('',(#4765,#4766,#4767,#4768));
#886=EDGE_LOOP('',(#4769,#4770,#4771,#4772));
#887=EDGE_LOOP('',(#4773,#4774,#4775,#4776));
#888=EDGE_LOOP('',(#4777,#4778,#4779,#4780));
#889=EDGE_LOOP('',(#4781,#4782,#4783,#4784));
#890=EDGE_LOOP('',(#4785,#4786,#4787,#4788));
#891=EDGE_LOOP('',(#4789,#4790,#4791,#4792));
#892=EDGE_LOOP('',(#4793,#4794,#4795,#4796));
#893=EDGE_LOOP('',(#4797,#4798,#4799,#4800));
#894=EDGE_LOOP('',(#4801,#4802,#4803,#4804));
#895=EDGE_LOOP('',(#4805,#4806,#4807,#4808));
#896=EDGE_LOOP('',(#4809,#4810,#4811,#4812));
#897=EDGE_LOOP('',(#4813,#4814,#4815,#4816,#4817,#4818));
#898=EDGE_LOOP('',(#4819,#4820,#4821,#4822,#4823,#4824));
#899=EDGE_LOOP('',(#4825,#4826,#4827,#4828,#4829,#4830));
#900=EDGE_LOOP('',(#4831,#4832,#4833,#4834));
#901=EDGE_LOOP('',(#4835,#4836,#4837,#4838,#4839,#4840,#4841,#4842));
#902=EDGE_LOOP('',(#4843,#4844,#4845,#4846));
#903=EDGE_LOOP('',(#4847,#4848,#4849,#4850));
#904=EDGE_LOOP('',(#4851,#4852,#4853,#4854,#4855,#4856,#4857,#4858,#4859,
#4860));
#905=EDGE_LOOP('',(#4861,#4862,#4863,#4864));
#906=EDGE_LOOP('',(#4865,#4866,#4867,#4868,#4869,#4870));
#907=EDGE_LOOP('',(#4871,#4872,#4873,#4874));
#908=EDGE_LOOP('',(#4875,#4876,#4877));
#909=EDGE_LOOP('',(#4878,#4879,#4880,#4881));
#910=EDGE_LOOP('',(#4882,#4883,#4884,#4885,#4886));
#911=EDGE_LOOP('',(#4887,#4888,#4889,#4890));
#912=EDGE_LOOP('',(#4891,#4892,#4893,#4894));
#913=EDGE_LOOP('',(#4895,#4896,#4897,#4898));
#914=EDGE_LOOP('',(#4899,#4900,#4901,#4902,#4903,#4904));
#915=EDGE_LOOP('',(#4905));
#916=EDGE_LOOP('',(#4906,#4907,#4908,#4909));
#917=EDGE_LOOP('',(#4910,#4911,#4912,#4913));
#918=EDGE_LOOP('',(#4914,#4915,#4916,#4917));
#919=EDGE_LOOP('',(#4918,#4919,#4920,#4921));
#920=EDGE_LOOP('',(#4922,#4923,#4924,#4925));
#921=EDGE_LOOP('',(#4926,#4927,#4928,#4929));
#922=EDGE_LOOP('',(#4930,#4931,#4932,#4933));
#923=EDGE_LOOP('',(#4934,#4935,#4936,#4937));
#924=EDGE_LOOP('',(#4938,#4939,#4940,#4941));
#925=EDGE_LOOP('',(#4942,#4943,#4944,#4945));
#926=EDGE_LOOP('',(#4946,#4947,#4948,#4949));
#927=EDGE_LOOP('',(#4950,#4951,#4952,#4953));
#928=EDGE_LOOP('',(#4954,#4955,#4956,#4957));
#929=EDGE_LOOP('',(#4958,#4959,#4960,#4961));
#930=EDGE_LOOP('',(#4962,#4963,#4964,#4965));
#931=EDGE_LOOP('',(#4966,#4967,#4968,#4969));
#932=EDGE_LOOP('',(#4970,#4971,#4972,#4973));
#933=EDGE_LOOP('',(#4974,#4975,#4976,#4977));
#934=EDGE_LOOP('',(#4978,#4979,#4980,#4981));
#935=EDGE_LOOP('',(#4982,#4983,#4984,#4985));
#936=EDGE_LOOP('',(#4986,#4987,#4988,#4989,#4990,#4991,#4992,#4993));
#937=EDGE_LOOP('',(#4994));
#938=EDGE_LOOP('',(#4995,#4996,#4997,#4998));
#939=EDGE_LOOP('',(#4999,#5000,#5001,#5002));
#940=EDGE_LOOP('',(#5003,#5004,#5005,#5006));
#941=EDGE_LOOP('',(#5007,#5008,#5009,#5010));
#942=EDGE_LOOP('',(#5011,#5012,#5013,#5014));
#943=EDGE_LOOP('',(#5015,#5016,#5017,#5018));
#944=EDGE_LOOP('',(#5019,#5020,#5021,#5022));
#945=EDGE_LOOP('',(#5023,#5024,#5025,#5026));
#946=EDGE_LOOP('',(#5027,#5028,#5029,#5030));
#947=EDGE_LOOP('',(#5031,#5032,#5033,#5034));
#948=EDGE_LOOP('',(#5035,#5036,#5037,#5038));
#949=EDGE_LOOP('',(#5039,#5040,#5041,#5042));
#950=EDGE_LOOP('',(#5043,#5044,#5045,#5046));
#951=EDGE_LOOP('',(#5047,#5048,#5049,#5050));
#952=EDGE_LOOP('',(#5051,#5052,#5053,#5054));
#953=EDGE_LOOP('',(#5055,#5056,#5057,#5058));
#954=EDGE_LOOP('',(#5059,#5060,#5061,#5062));
#955=EDGE_LOOP('',(#5063,#5064,#5065,#5066));
#956=EDGE_LOOP('',(#5067,#5068,#5069,#5070));
#957=EDGE_LOOP('',(#5071,#5072,#5073,#5074));
#958=EDGE_LOOP('',(#5075,#5076,#5077,#5078));
#959=EDGE_LOOP('',(#5079,#5080,#5081,#5082));
#960=EDGE_LOOP('',(#5083,#5084,#5085,#5086));
#961=EDGE_LOOP('',(#5087,#5088,#5089,#5090));
#962=EDGE_LOOP('',(#5091,#5092,#5093,#5094));
#963=EDGE_LOOP('',(#5095,#5096,#5097,#5098));
#964=EDGE_LOOP('',(#5099,#5100,#5101,#5102));
#965=EDGE_LOOP('',(#5103,#5104,#5105,#5106));
#966=EDGE_LOOP('',(#5107,#5108,#5109,#5110));
#967=EDGE_LOOP('',(#5111,#5112,#5113,#5114));
#968=EDGE_LOOP('',(#5115,#5116,#5117,#5118));
#969=EDGE_LOOP('',(#5119,#5120,#5121,#5122));
#970=EDGE_LOOP('',(#5123,#5124,#5125,#5126));
#971=EDGE_LOOP('',(#5127,#5128,#5129,#5130));
#972=EDGE_LOOP('',(#5131,#5132,#5133,#5134));
#973=EDGE_LOOP('',(#5135,#5136,#5137,#5138));
#974=EDGE_LOOP('',(#5139,#5140,#5141,#5142));
#975=EDGE_LOOP('',(#5143,#5144,#5145,#5146));
#976=EDGE_LOOP('',(#5147,#5148,#5149,#5150));
#977=EDGE_LOOP('',(#5151,#5152,#5153,#5154));
#978=EDGE_LOOP('',(#5155,#5156,#5157,#5158));
#979=EDGE_LOOP('',(#5159,#5160,#5161,#5162));
#980=LINE('',#7723,#1663);
#981=LINE('',#7725,#1664);
#982=LINE('',#7727,#1665);
#983=LINE('',#7728,#1666);
#984=LINE('',#7731,#1667);
#985=LINE('',#7733,#1668);
#986=LINE('',#7734,#1669);
#987=LINE('',#7737,#1670);
#988=LINE('',#7739,#1671);
#989=LINE('',#7740,#1672);
#990=LINE('',#7742,#1673);
#991=LINE('',#7743,#1674);
#992=LINE('',#7747,#1675);
#993=LINE('',#7749,#1676);
#994=LINE('',#7751,#1677);
#995=LINE('',#7752,#1678);
#996=LINE('',#7755,#1679);
#997=LINE('',#7757,#1680);
#998=LINE('',#7758,#1681);
#999=LINE('',#7761,#1682);
#1000=LINE('',#7763,#1683);
#1001=LINE('',#7764,#1684);
#1002=LINE('',#7766,#1685);
#1003=LINE('',#7767,#1686);
#1004=LINE('',#7771,#1687);
#1005=LINE('',#7773,#1688);
#1006=LINE('',#7775,#1689);
#1007=LINE('',#7776,#1690);
#1008=LINE('',#7779,#1691);
#1009=LINE('',#7781,#1692);
#1010=LINE('',#7782,#1693);
#1011=LINE('',#7785,#1694);
#1012=LINE('',#7787,#1695);
#1013=LINE('',#7788,#1696);
#1014=LINE('',#7790,#1697);
#1015=LINE('',#7791,#1698);
#1016=LINE('',#7795,#1699);
#1017=LINE('',#7797,#1700);
#1018=LINE('',#7799,#1701);
#1019=LINE('',#7800,#1702);
#1020=LINE('',#7803,#1703);
#1021=LINE('',#7805,#1704);
#1022=LINE('',#7806,#1705);
#1023=LINE('',#7809,#1706);
#1024=LINE('',#7811,#1707);
#1025=LINE('',#7812,#1708);
#1026=LINE('',#7814,#1709);
#1027=LINE('',#7815,#1710);
#1028=LINE('',#7819,#1711);
#1029=LINE('',#7821,#1712);
#1030=LINE('',#7823,#1713);
#1031=LINE('',#7824,#1714);
#1032=LINE('',#7827,#1715);
#1033=LINE('',#7829,#1716);
#1034=LINE('',#7830,#1717);
#1035=LINE('',#7833,#1718);
#1036=LINE('',#7835,#1719);
#1037=LINE('',#7836,#1720);
#1038=LINE('',#7838,#1721);
#1039=LINE('',#7839,#1722);
#1040=LINE('',#7843,#1723);
#1041=LINE('',#7845,#1724);
#1042=LINE('',#7847,#1725);
#1043=LINE('',#7848,#1726);
#1044=LINE('',#7851,#1727);
#1045=LINE('',#7853,#1728);
#1046=LINE('',#7854,#1729);
#1047=LINE('',#7857,#1730);
#1048=LINE('',#7859,#1731);
#1049=LINE('',#7860,#1732);
#1050=LINE('',#7862,#1733);
#1051=LINE('',#7863,#1734);
#1052=LINE('',#7867,#1735);
#1053=LINE('',#7869,#1736);
#1054=LINE('',#7871,#1737);
#1055=LINE('',#7872,#1738);
#1056=LINE('',#7875,#1739);
#1057=LINE('',#7877,#1740);
#1058=LINE('',#7878,#1741);
#1059=LINE('',#7881,#1742);
#1060=LINE('',#7883,#1743);
#1061=LINE('',#7884,#1744);
#1062=LINE('',#7886,#1745);
#1063=LINE('',#7887,#1746);
#1064=LINE('',#7891,#1747);
#1065=LINE('',#7893,#1748);
#1066=LINE('',#7895,#1749);
#1067=LINE('',#7896,#1750);
#1068=LINE('',#7899,#1751);
#1069=LINE('',#7901,#1752);
#1070=LINE('',#7902,#1753);
#1071=LINE('',#7905,#1754);
#1072=LINE('',#7907,#1755);
#1073=LINE('',#7908,#1756);
#1074=LINE('',#7910,#1757);
#1075=LINE('',#7911,#1758);
#1076=LINE('',#7915,#1759);
#1077=LINE('',#7917,#1760);
#1078=LINE('',#7919,#1761);
#1079=LINE('',#7920,#1762);
#1080=LINE('',#7923,#1763);
#1081=LINE('',#7925,#1764);
#1082=LINE('',#7926,#1765);
#1083=LINE('',#7929,#1766);
#1084=LINE('',#7931,#1767);
#1085=LINE('',#7932,#1768);
#1086=LINE('',#7934,#1769);
#1087=LINE('',#7935,#1770);
#1088=LINE('',#7939,#1771);
#1089=LINE('',#7941,#1772);
#1090=LINE('',#7943,#1773);
#1091=LINE('',#7944,#1774);
#1092=LINE('',#7947,#1775);
#1093=LINE('',#7949,#1776);
#1094=LINE('',#7950,#1777);
#1095=LINE('',#7953,#1778);
#1096=LINE('',#7955,#1779);
#1097=LINE('',#7956,#1780);
#1098=LINE('',#7958,#1781);
#1099=LINE('',#7959,#1782);
#1100=LINE('',#7963,#1783);
#1101=LINE('',#7965,#1784);
#1102=LINE('',#7967,#1785);
#1103=LINE('',#7968,#1786);
#1104=LINE('',#7971,#1787);
#1105=LINE('',#7973,#1788);
#1106=LINE('',#7974,#1789);
#1107=LINE('',#7977,#1790);
#1108=LINE('',#7979,#1791);
#1109=LINE('',#7980,#1792);
#1110=LINE('',#7982,#1793);
#1111=LINE('',#7983,#1794);
#1112=LINE('',#7987,#1795);
#1113=LINE('',#7989,#1796);
#1114=LINE('',#7991,#1797);
#1115=LINE('',#7992,#1798);
#1116=LINE('',#7995,#1799);
#1117=LINE('',#7997,#1800);
#1118=LINE('',#7998,#1801);
#1119=LINE('',#8001,#1802);
#1120=LINE('',#8003,#1803);
#1121=LINE('',#8004,#1804);
#1122=LINE('',#8006,#1805);
#1123=LINE('',#8007,#1806);
#1124=LINE('',#8011,#1807);
#1125=LINE('',#8013,#1808);
#1126=LINE('',#8015,#1809);
#1127=LINE('',#8016,#1810);
#1128=LINE('',#8019,#1811);
#1129=LINE('',#8021,#1812);
#1130=LINE('',#8022,#1813);
#1131=LINE('',#8025,#1814);
#1132=LINE('',#8027,#1815);
#1133=LINE('',#8028,#1816);
#1134=LINE('',#8030,#1817);
#1135=LINE('',#8031,#1818);
#1136=LINE('',#8035,#1819);
#1137=LINE('',#8037,#1820);
#1138=LINE('',#8039,#1821);
#1139=LINE('',#8040,#1822);
#1140=LINE('',#8043,#1823);
#1141=LINE('',#8045,#1824);
#1142=LINE('',#8046,#1825);
#1143=LINE('',#8049,#1826);
#1144=LINE('',#8051,#1827);
#1145=LINE('',#8052,#1828);
#1146=LINE('',#8054,#1829);
#1147=LINE('',#8055,#1830);
#1148=LINE('',#8059,#1831);
#1149=LINE('',#8061,#1832);
#1150=LINE('',#8063,#1833);
#1151=LINE('',#8064,#1834);
#1152=LINE('',#8067,#1835);
#1153=LINE('',#8069,#1836);
#1154=LINE('',#8070,#1837);
#1155=LINE('',#8073,#1838);
#1156=LINE('',#8075,#1839);
#1157=LINE('',#8076,#1840);
#1158=LINE('',#8078,#1841);
#1159=LINE('',#8079,#1842);
#1160=LINE('',#8083,#1843);
#1161=LINE('',#8085,#1844);
#1162=LINE('',#8087,#1845);
#1163=LINE('',#8088,#1846);
#1164=LINE('',#8091,#1847);
#1165=LINE('',#8093,#1848);
#1166=LINE('',#8094,#1849);
#1167=LINE('',#8097,#1850);
#1168=LINE('',#8099,#1851);
#1169=LINE('',#8100,#1852);
#1170=LINE('',#8102,#1853);
#1171=LINE('',#8103,#1854);
#1172=LINE('',#8107,#1855);
#1173=LINE('',#8109,#1856);
#1174=LINE('',#8111,#1857);
#1175=LINE('',#8112,#1858);
#1176=LINE('',#8115,#1859);
#1177=LINE('',#8117,#1860);
#1178=LINE('',#8118,#1861);
#1179=LINE('',#8121,#1862);
#1180=LINE('',#8123,#1863);
#1181=LINE('',#8124,#1864);
#1182=LINE('',#8126,#1865);
#1183=LINE('',#8127,#1866);
#1184=LINE('',#8131,#1867);
#1185=LINE('',#8133,#1868);
#1186=LINE('',#8135,#1869);
#1187=LINE('',#8136,#1870);
#1188=LINE('',#8139,#1871);
#1189=LINE('',#8141,#1872);
#1190=LINE('',#8142,#1873);
#1191=LINE('',#8145,#1874);
#1192=LINE('',#8147,#1875);
#1193=LINE('',#8148,#1876);
#1194=LINE('',#8150,#1877);
#1195=LINE('',#8151,#1878);
#1196=LINE('',#8155,#1879);
#1197=LINE('',#8157,#1880);
#1198=LINE('',#8159,#1881);
#1199=LINE('',#8160,#1882);
#1200=LINE('',#8163,#1883);
#1201=LINE('',#8165,#1884);
#1202=LINE('',#8166,#1885);
#1203=LINE('',#8169,#1886);
#1204=LINE('',#8171,#1887);
#1205=LINE('',#8172,#1888);
#1206=LINE('',#8174,#1889);
#1207=LINE('',#8175,#1890);
#1208=LINE('',#8179,#1891);
#1209=LINE('',#8181,#1892);
#1210=LINE('',#8183,#1893);
#1211=LINE('',#8184,#1894);
#1212=LINE('',#8187,#1895);
#1213=LINE('',#8189,#1896);
#1214=LINE('',#8190,#1897);
#1215=LINE('',#8194,#1898);
#1216=LINE('',#8195,#1899);
#1217=LINE('',#8196,#1900);
#1218=LINE('',#8198,#1901);
#1219=LINE('',#8201,#1902);
#1220=LINE('',#8203,#1903);
#1221=LINE('',#8205,#1904);
#1222=LINE('',#8207,#1905);
#1223=LINE('',#8208,#1906);
#1224=LINE('',#8212,#1907);
#1225=LINE('',#8214,#1908);
#1226=LINE('',#8216,#1909);
#1227=LINE('',#8217,#1910);
#1228=LINE('',#8220,#1911);
#1229=LINE('',#8222,#1912);
#1230=LINE('',#8223,#1913);
#1231=LINE('',#8226,#1914);
#1232=LINE('',#8228,#1915);
#1233=LINE('',#8229,#1916);
#1234=LINE('',#8231,#1917);
#1235=LINE('',#8232,#1918);
#1236=LINE('',#8237,#1919);
#1237=LINE('',#8239,#1920);
#1238=LINE('',#8241,#1921);
#1239=LINE('',#8242,#1922);
#1240=LINE('',#8245,#1923);
#1241=LINE('',#8247,#1924);
#1242=LINE('',#8248,#1925);
#1243=LINE('',#8251,#1926);
#1244=LINE('',#8253,#1927);
#1245=LINE('',#8254,#1928);
#1246=LINE('',#8256,#1929);
#1247=LINE('',#8257,#1930);
#1248=LINE('',#8262,#1931);
#1249=LINE('',#8264,#1932);
#1250=LINE('',#8266,#1933);
#1251=LINE('',#8267,#1934);
#1252=LINE('',#8270,#1935);
#1253=LINE('',#8272,#1936);
#1254=LINE('',#8273,#1937);
#1255=LINE('',#8276,#1938);
#1256=LINE('',#8278,#1939);
#1257=LINE('',#8279,#1940);
#1258=LINE('',#8281,#1941);
#1259=LINE('',#8283,#1942);
#1260=LINE('',#8287,#1943);
#1261=LINE('',#8289,#1944);
#1262=LINE('',#8291,#1945);
#1263=LINE('',#8292,#1946);
#1264=LINE('',#8295,#1947);
#1265=LINE('',#8297,#1948);
#1266=LINE('',#8298,#1949);
#1267=LINE('',#8301,#1950);
#1268=LINE('',#8303,#1951);
#1269=LINE('',#8304,#1952);
#1270=LINE('',#8306,#1953);
#1271=LINE('',#8308,#1954);
#1272=LINE('',#8314,#1955);
#1273=LINE('',#8321,#1956);
#1274=LINE('',#8327,#1957);
#1275=LINE('',#8334,#1958);
#1276=LINE('',#8340,#1959);
#1277=LINE('',#8342,#1960);
#1278=LINE('',#8344,#1961);
#1279=LINE('',#8345,#1962);
#1280=LINE('',#8349,#1963);
#1281=LINE('',#8351,#1964);
#1282=LINE('',#8353,#1965);
#1283=LINE('',#8354,#1966);
#1284=LINE('',#8357,#1967);
#1285=LINE('',#8358,#1968);
#1286=LINE('',#8359,#1969);
#1287=LINE('',#8361,#1970);
#1288=LINE('',#8363,#1971);
#1289=LINE('',#8365,#1972);
#1290=LINE('',#8367,#1973);
#1291=LINE('',#8369,#1974);
#1292=LINE('',#8370,#1975);
#1293=LINE('',#8373,#1976);
#1294=LINE('',#8374,#1977);
#1295=LINE('',#8376,#1978);
#1296=LINE('',#8378,#1979);
#1297=LINE('',#8379,#1980);
#1298=LINE('',#8382,#1981);
#1299=LINE('',#8383,#1982);
#1300=LINE('',#8386,#1983);
#1301=LINE('',#8387,#1984);
#1302=LINE('',#8390,#1985);
#1303=LINE('',#8392,#1986);
#1304=LINE('',#8394,#1987);
#1305=LINE('',#8395,#1988);
#1306=LINE('',#8399,#1989);
#1307=LINE('',#8400,#1990);
#1308=LINE('',#8401,#1991);
#1309=LINE('',#8405,#1992);
#1310=LINE('',#8407,#1993);
#1311=LINE('',#8409,#1994);
#1312=LINE('',#8410,#1995);
#1313=LINE('',#8411,#1996);
#1314=LINE('',#8414,#1997);
#1315=LINE('',#8416,#1998);
#1316=LINE('',#8417,#1999);
#1317=LINE('',#8420,#2000);
#1318=LINE('',#8421,#2001);
#1319=LINE('',#8424,#2002);
#1320=LINE('',#8425,#2003);
#1321=LINE('',#8426,#2004);
#1322=LINE('',#8433,#2005);
#1323=LINE('',#8437,#2006);
#1324=LINE('',#8441,#2007);
#1325=LINE('',#8444,#2008);
#1326=LINE('',#8447,#2009);
#1327=LINE('',#8448,#2010);
#1328=LINE('',#8449,#2011);
#1329=LINE('',#8454,#2012);
#1330=LINE('',#8455,#2013);
#1331=LINE('',#8458,#2014);
#1332=LINE('',#8459,#2015);
#1333=LINE('',#8463,#2016);
#1334=LINE('',#8466,#2017);
#1335=LINE('',#8467,#2018);
#1336=LINE('',#8471,#2019);
#1337=LINE('',#8474,#2020);
#1338=LINE('',#8475,#2021);
#1339=LINE('',#8479,#2022);
#1340=LINE('',#8481,#2023);
#1341=LINE('',#8486,#2024);
#1342=LINE('',#8503,#2025);
#1343=LINE('',#8519,#2026);
#1344=LINE('',#8535,#2027);
#1345=LINE('',#8547,#2028);
#1346=LINE('',#8549,#2029);
#1347=LINE('',#8551,#2030);
#1348=LINE('',#8552,#2031);
#1349=LINE('',#8555,#2032);
#1350=LINE('',#8557,#2033);
#1351=LINE('',#8558,#2034);
#1352=LINE('',#8569,#2035);
#1353=LINE('',#8573,#2036);
#1354=LINE('',#8577,#2037);
#1355=LINE('',#8581,#2038);
#1356=LINE('',#8584,#2039);
#1357=LINE('',#8585,#2040);
#1358=LINE('',#8590,#2041);
#1359=LINE('',#8591,#2042);
#1360=LINE('',#8592,#2043);
#1361=LINE('',#8596,#2044);
#1362=LINE('',#8599,#2045);
#1363=LINE('',#8600,#2046);
#1364=LINE('',#8604,#2047);
#1365=LINE('',#8608,#2048);
#1366=LINE('',#8612,#2049);
#1367=LINE('',#8616,#2050);
#1368=LINE('',#8620,#2051);
#1369=LINE('',#8624,#2052);
#1370=LINE('',#8625,#2053);
#1371=LINE('',#8629,#2054);
#1372=LINE('',#8632,#2055);
#1373=LINE('',#8633,#2056);
#1374=LINE('',#8637,#2057);
#1375=LINE('',#8638,#2058);
#1376=LINE('',#8640,#2059);
#1377=LINE('',#8642,#2060);
#1378=LINE('',#8644,#2061);
#1379=LINE('',#8646,#2062);
#1380=LINE('',#8648,#2063);
#1381=LINE('',#8650,#2064);
#1382=LINE('',#8658,#2065);
#1383=LINE('',#8665,#2066);
#1384=LINE('',#8672,#2067);
#1385=LINE('',#8679,#2068);
#1386=LINE('',#8683,#2069);
#1387=LINE('',#8688,#2070);
#1388=LINE('',#8693,#2071);
#1389=LINE('',#8698,#2072);
#1390=LINE('',#8704,#2073);
#1391=LINE('',#8706,#2074);
#1392=LINE('',#8708,#2075);
#1393=LINE('',#8710,#2076);
#1394=LINE('',#8711,#2077);
#1395=LINE('',#8714,#2078);
#1396=LINE('',#8716,#2079);
#1397=LINE('',#8717,#2080);
#1398=LINE('',#8720,#2081);
#1399=LINE('',#8721,#2082);
#1400=LINE('',#8724,#2083);
#1401=LINE('',#8725,#2084);
#1402=LINE('',#8727,#2085);
#1403=LINE('',#8733,#2086);
#1404=LINE('',#8735,#2087);
#1405=LINE('',#8737,#2088);
#1406=LINE('',#8738,#2089);
#1407=LINE('',#8741,#2090);
#1408=LINE('',#8743,#2091);
#1409=LINE('',#8744,#2092);
#1410=LINE('',#8747,#2093);
#1411=LINE('',#8749,#2094);
#1412=LINE('',#8751,#2095);
#1413=LINE('',#8752,#2096);
#1414=LINE('',#8754,#2097);
#1415=LINE('',#8756,#2098);
#1416=LINE('',#8760,#2099);
#1417=LINE('',#8762,#2100);
#1418=LINE('',#8764,#2101);
#1419=LINE('',#8765,#2102);
#1420=LINE('',#8771,#2103);
#1421=LINE('',#8773,#2104);
#1422=LINE('',#8775,#2105);
#1423=LINE('',#8776,#2106);
#1424=LINE('',#8783,#2107);
#1425=LINE('',#8790,#2108);
#1426=LINE('',#8794,#2109);
#1427=LINE('',#8795,#2110);
#1428=LINE('',#8796,#2111);
#1429=LINE('',#8799,#2112);
#1430=LINE('',#8800,#2113);
#1431=LINE('',#8803,#2114);
#1432=LINE('',#8804,#2115);
#1433=LINE('',#8806,#2116);
#1434=LINE('',#8809,#2117);
#1435=LINE('',#8813,#2118);
#1436=LINE('',#8817,#2119);
#1437=LINE('',#8821,#2120);
#1438=LINE('',#8826,#2121);
#1439=LINE('',#8828,#2122);
#1440=LINE('',#8830,#2123);
#1441=LINE('',#8831,#2124);
#1442=LINE('',#8834,#2125);
#1443=LINE('',#8836,#2126);
#1444=LINE('',#8837,#2127);
#1445=LINE('',#8840,#2128);
#1446=LINE('',#8841,#2129);
#1447=LINE('',#8844,#2130);
#1448=LINE('',#8845,#2131);
#1449=LINE('',#8847,#2132);
#1450=LINE('',#8851,#2133);
#1451=LINE('',#8853,#2134);
#1452=LINE('',#8855,#2135);
#1453=LINE('',#8856,#2136);
#1454=LINE('',#8859,#2137);
#1455=LINE('',#8861,#2138);
#1456=LINE('',#8862,#2139);
#1457=LINE('',#8865,#2140);
#1458=LINE('',#8866,#2141);
#1459=LINE('',#8869,#2142);
#1460=LINE('',#8870,#2143);
#1461=LINE('',#8872,#2144);
#1462=LINE('',#8876,#2145);
#1463=LINE('',#8878,#2146);
#1464=LINE('',#8880,#2147);
#1465=LINE('',#8881,#2148);
#1466=LINE('',#8883,#2149);
#1467=LINE('',#8884,#2150);
#1468=LINE('',#8886,#2151);
#1469=LINE('',#8888,#2152);
#1470=LINE('',#8894,#2153);
#1471=LINE('',#8896,#2154);
#1472=LINE('',#8898,#2155);
#1473=LINE('',#8899,#2156);
#1474=LINE('',#8902,#2157);
#1475=LINE('',#8904,#2158);
#1476=LINE('',#8905,#2159);
#1477=LINE('',#8908,#2160);
#1478=LINE('',#8910,#2161);
#1479=LINE('',#8911,#2162);
#1480=LINE('',#8913,#2163);
#1481=LINE('',#8914,#2164);
#1482=LINE('',#8918,#2165);
#1483=LINE('',#8920,#2166);
#1484=LINE('',#8922,#2167);
#1485=LINE('',#8923,#2168);
#1486=LINE('',#8927,#2169);
#1487=LINE('',#8929,#2170);
#1488=LINE('',#8931,#2171);
#1489=LINE('',#8932,#2172);
#1490=LINE('',#8935,#2173);
#1491=LINE('',#8937,#2174);
#1492=LINE('',#8938,#2175);
#1493=LINE('',#8941,#2176);
#1494=LINE('',#8943,#2177);
#1495=LINE('',#8944,#2178);
#1496=LINE('',#8946,#2179);
#1497=LINE('',#8947,#2180);
#1498=LINE('',#8951,#2181);
#1499=LINE('',#8953,#2182);
#1500=LINE('',#8955,#2183);
#1501=LINE('',#8956,#2184);
#1502=LINE('',#8959,#2185);
#1503=LINE('',#8961,#2186);
#1504=LINE('',#8962,#2187);
#1505=LINE('',#8965,#2188);
#1506=LINE('',#8966,#2189);
#1507=LINE('',#8969,#2190);
#1508=LINE('',#8971,#2191);
#1509=LINE('',#8972,#2192);
#1510=LINE('',#8975,#2193);
#1511=LINE('',#8976,#2194);
#1512=LINE('',#8979,#2195);
#1513=LINE('',#8980,#2196);
#1514=LINE('',#8982,#2197);
#1515=LINE('',#8985,#2198);
#1516=LINE('',#8986,#2199);
#1517=LINE('',#8988,#2200);
#1518=LINE('',#8992,#2201);
#1519=LINE('',#8994,#2202);
#1520=LINE('',#8996,#2203);
#1521=LINE('',#8998,#2204);
#1522=LINE('',#9000,#2205);
#1523=LINE('',#9001,#2206);
#1524=LINE('',#9004,#2207);
#1525=LINE('',#9006,#2208);
#1526=LINE('',#9008,#2209);
#1527=LINE('',#9010,#2210);
#1528=LINE('',#9011,#2211);
#1529=LINE('',#9014,#2212);
#1530=LINE('',#9016,#2213);
#1531=LINE('',#9018,#2214);
#1532=LINE('',#9020,#2215);
#1533=LINE('',#9021,#2216);
#1534=LINE('',#9023,#2217);
#1535=LINE('',#9024,#2218);
#1536=LINE('',#9030,#2219);
#1537=LINE('',#9034,#2220);
#1538=LINE('',#9038,#2221);
#1539=LINE('',#9041,#2222);
#1540=LINE('',#9043,#2223);
#1541=LINE('',#9045,#2224);
#1542=LINE('',#9047,#2225);
#1543=LINE('',#9049,#2226);
#1544=LINE('',#9051,#2227);
#1545=LINE('',#9053,#2228);
#1546=LINE('',#9054,#2229);
#1547=LINE('',#9057,#2230);
#1548=LINE('',#9058,#2231);
#1549=LINE('',#9061,#2232);
#1550=LINE('',#9063,#2233);
#1551=LINE('',#9064,#2234);
#1552=LINE('',#9066,#2235);
#1553=LINE('',#9069,#2236);
#1554=LINE('',#9070,#2237);
#1555=LINE('',#9072,#2238);
#1556=LINE('',#9073,#2239);
#1557=LINE('',#9077,#2240);
#1558=LINE('',#9078,#2241);
#1559=LINE('',#9081,#2242);
#1560=LINE('',#9082,#2243);
#1561=LINE('',#9084,#2244);
#1562=LINE('',#9091,#2245);
#1563=LINE('',#9102,#2246);
#1564=LINE('',#9110,#2247);
#1565=LINE('',#9118,#2248);
#1566=LINE('',#9124,#2249);
#1567=LINE('',#9127,#2250);
#1568=LINE('',#9129,#2251);
#1569=LINE('',#9130,#2252);
#1570=LINE('',#9133,#2253);
#1571=LINE('',#9137,#2254);
#1572=LINE('',#9138,#2255);
#1573=LINE('',#9141,#2256);
#1574=LINE('',#9145,#2257);
#1575=LINE('',#9146,#2258);
#1576=LINE('',#9149,#2259);
#1577=LINE('',#9153,#2260);
#1578=LINE('',#9154,#2261);
#1579=LINE('',#9162,#2262);
#1580=LINE('',#9164,#2263);
#1581=LINE('',#9166,#2264);
#1582=LINE('',#9167,#2265);
#1583=LINE('',#9170,#2266);
#1584=LINE('',#9172,#2267);
#1585=LINE('',#9173,#2268);
#1586=LINE('',#9176,#2269);
#1587=LINE('',#9177,#2270);
#1588=LINE('',#9180,#2271);
#1589=LINE('',#9181,#2272);
#1590=LINE('',#9183,#2273);
#1591=LINE('',#9188,#2274);
#1592=LINE('',#9190,#2275);
#1593=LINE('',#9192,#2276);
#1594=LINE('',#9193,#2277);
#1595=LINE('',#9196,#2278);
#1596=LINE('',#9198,#2279);
#1597=LINE('',#9199,#2280);
#1598=LINE('',#9202,#2281);
#1599=LINE('',#9203,#2282);
#1600=LINE('',#9206,#2283);
#1601=LINE('',#9207,#2284);
#1602=LINE('',#9209,#2285);
#1603=LINE('',#9214,#2286);
#1604=LINE('',#9216,#2287);
#1605=LINE('',#9218,#2288);
#1606=LINE('',#9219,#2289);
#1607=LINE('',#9222,#2290);
#1608=LINE('',#9224,#2291);
#1609=LINE('',#9225,#2292);
#1610=LINE('',#9228,#2293);
#1611=LINE('',#9229,#2294);
#1612=LINE('',#9232,#2295);
#1613=LINE('',#9233,#2296);
#1614=LINE('',#9235,#2297);
#1615=LINE('',#9241,#2298);
#1616=LINE('',#9243,#2299);
#1617=LINE('',#9245,#2300);
#1618=LINE('',#9246,#2301);
#1619=LINE('',#9249,#2302);
#1620=LINE('',#9251,#2303);
#1621=LINE('',#9252,#2304);
#1622=LINE('',#9255,#2305);
#1623=LINE('',#9256,#2306);
#1624=LINE('',#9259,#2307);
#1625=LINE('',#9260,#2308);
#1626=LINE('',#9262,#2309);
#1627=LINE('',#9268,#2310);
#1628=LINE('',#9270,#2311);
#1629=LINE('',#9272,#2312);
#1630=LINE('',#9273,#2313);
#1631=LINE('',#9276,#2314);
#1632=LINE('',#9278,#2315);
#1633=LINE('',#9279,#2316);
#1634=LINE('',#9282,#2317);
#1635=LINE('',#9283,#2318);
#1636=LINE('',#9286,#2319);
#1637=LINE('',#9287,#2320);
#1638=LINE('',#9289,#2321);
#1639=LINE('',#9294,#2322);
#1640=LINE('',#9296,#2323);
#1641=LINE('',#9298,#2324);
#1642=LINE('',#9299,#2325);
#1643=LINE('',#9302,#2326);
#1644=LINE('',#9304,#2327);
#1645=LINE('',#9305,#2328);
#1646=LINE('',#9308,#2329);
#1647=LINE('',#9309,#2330);
#1648=LINE('',#9312,#2331);
#1649=LINE('',#9313,#2332);
#1650=LINE('',#9315,#2333);
#1651=LINE('',#9320,#2334);
#1652=LINE('',#9322,#2335);
#1653=LINE('',#9324,#2336);
#1654=LINE('',#9325,#2337);
#1655=LINE('',#9328,#2338);
#1656=LINE('',#9330,#2339);
#1657=LINE('',#9331,#2340);
#1658=LINE('',#9334,#2341);
#1659=LINE('',#9335,#2342);
#1660=LINE('',#9338,#2343);
#1661=LINE('',#9339,#2344);
#1662=LINE('',#9341,#2345);
#1663=VECTOR('',#6225,10.);
#1664=VECTOR('',#6226,10.);
#1665=VECTOR('',#6227,10.);
#1666=VECTOR('',#6228,10.);
#1667=VECTOR('',#6231,10.);
#1668=VECTOR('',#6232,10.);
#1669=VECTOR('',#6233,10.);
#1670=VECTOR('',#6236,10.);
#1671=VECTOR('',#6237,10.);
#1672=VECTOR('',#6238,10.);
#1673=VECTOR('',#6241,10.);
#1674=VECTOR('',#6242,10.);
#1675=VECTOR('',#6245,10.);
#1676=VECTOR('',#6246,10.);
#1677=VECTOR('',#6247,10.);
#1678=VECTOR('',#6248,10.);
#1679=VECTOR('',#6251,10.);
#1680=VECTOR('',#6252,10.);
#1681=VECTOR('',#6253,10.);
#1682=VECTOR('',#6256,10.);
#1683=VECTOR('',#6257,10.);
#1684=VECTOR('',#6258,10.);
#1685=VECTOR('',#6261,10.);
#1686=VECTOR('',#6262,10.);
#1687=VECTOR('',#6265,10.);
#1688=VECTOR('',#6266,10.);
#1689=VECTOR('',#6267,10.);
#1690=VECTOR('',#6268,10.);
#1691=VECTOR('',#6271,10.);
#1692=VECTOR('',#6272,10.);
#1693=VECTOR('',#6273,10.);
#1694=VECTOR('',#6276,10.);
#1695=VECTOR('',#6277,10.);
#1696=VECTOR('',#6278,10.);
#1697=VECTOR('',#6281,10.);
#1698=VECTOR('',#6282,10.);
#1699=VECTOR('',#6285,10.);
#1700=VECTOR('',#6286,10.);
#1701=VECTOR('',#6287,10.);
#1702=VECTOR('',#6288,10.);
#1703=VECTOR('',#6291,10.);
#1704=VECTOR('',#6292,10.);
#1705=VECTOR('',#6293,10.);
#1706=VECTOR('',#6296,10.);
#1707=VECTOR('',#6297,10.);
#1708=VECTOR('',#6298,10.);
#1709=VECTOR('',#6301,10.);
#1710=VECTOR('',#6302,10.);
#1711=VECTOR('',#6305,10.);
#1712=VECTOR('',#6306,10.);
#1713=VECTOR('',#6307,10.);
#1714=VECTOR('',#6308,10.);
#1715=VECTOR('',#6311,10.);
#1716=VECTOR('',#6312,10.);
#1717=VECTOR('',#6313,10.);
#1718=VECTOR('',#6316,10.);
#1719=VECTOR('',#6317,10.);
#1720=VECTOR('',#6318,10.);
#1721=VECTOR('',#6321,10.);
#1722=VECTOR('',#6322,10.);
#1723=VECTOR('',#6325,10.);
#1724=VECTOR('',#6326,10.);
#1725=VECTOR('',#6327,10.);
#1726=VECTOR('',#6328,10.);
#1727=VECTOR('',#6331,10.);
#1728=VECTOR('',#6332,10.);
#1729=VECTOR('',#6333,10.);
#1730=VECTOR('',#6336,10.);
#1731=VECTOR('',#6337,10.);
#1732=VECTOR('',#6338,10.);
#1733=VECTOR('',#6341,10.);
#1734=VECTOR('',#6342,10.);
#1735=VECTOR('',#6345,10.);
#1736=VECTOR('',#6346,10.);
#1737=VECTOR('',#6347,10.);
#1738=VECTOR('',#6348,10.);
#1739=VECTOR('',#6351,10.);
#1740=VECTOR('',#6352,10.);
#1741=VECTOR('',#6353,10.);
#1742=VECTOR('',#6356,10.);
#1743=VECTOR('',#6357,10.);
#1744=VECTOR('',#6358,10.);
#1745=VECTOR('',#6361,10.);
#1746=VECTOR('',#6362,10.);
#1747=VECTOR('',#6365,10.);
#1748=VECTOR('',#6366,10.);
#1749=VECTOR('',#6367,10.);
#1750=VECTOR('',#6368,10.);
#1751=VECTOR('',#6371,10.);
#1752=VECTOR('',#6372,10.);
#1753=VECTOR('',#6373,10.);
#1754=VECTOR('',#6376,10.);
#1755=VECTOR('',#6377,10.);
#1756=VECTOR('',#6378,10.);
#1757=VECTOR('',#6381,10.);
#1758=VECTOR('',#6382,10.);
#1759=VECTOR('',#6385,10.);
#1760=VECTOR('',#6386,10.);
#1761=VECTOR('',#6387,10.);
#1762=VECTOR('',#6388,10.);
#1763=VECTOR('',#6391,10.);
#1764=VECTOR('',#6392,10.);
#1765=VECTOR('',#6393,10.);
#1766=VECTOR('',#6396,10.);
#1767=VECTOR('',#6397,10.);
#1768=VECTOR('',#6398,10.);
#1769=VECTOR('',#6401,10.);
#1770=VECTOR('',#6402,10.);
#1771=VECTOR('',#6405,10.);
#1772=VECTOR('',#6406,10.);
#1773=VECTOR('',#6407,10.);
#1774=VECTOR('',#6408,10.);
#1775=VECTOR('',#6411,10.);
#1776=VECTOR('',#6412,10.);
#1777=VECTOR('',#6413,10.);
#1778=VECTOR('',#6416,10.);
#1779=VECTOR('',#6417,10.);
#1780=VECTOR('',#6418,10.);
#1781=VECTOR('',#6421,10.);
#1782=VECTOR('',#6422,10.);
#1783=VECTOR('',#6425,10.);
#1784=VECTOR('',#6426,10.);
#1785=VECTOR('',#6427,10.);
#1786=VECTOR('',#6428,10.);
#1787=VECTOR('',#6431,10.);
#1788=VECTOR('',#6432,10.);
#1789=VECTOR('',#6433,10.);
#1790=VECTOR('',#6436,10.);
#1791=VECTOR('',#6437,10.);
#1792=VECTOR('',#6438,10.);
#1793=VECTOR('',#6441,10.);
#1794=VECTOR('',#6442,10.);
#1795=VECTOR('',#6445,10.);
#1796=VECTOR('',#6446,10.);
#1797=VECTOR('',#6447,10.);
#1798=VECTOR('',#6448,10.);
#1799=VECTOR('',#6451,10.);
#1800=VECTOR('',#6452,10.);
#1801=VECTOR('',#6453,10.);
#1802=VECTOR('',#6456,10.);
#1803=VECTOR('',#6457,10.);
#1804=VECTOR('',#6458,10.);
#1805=VECTOR('',#6461,10.);
#1806=VECTOR('',#6462,10.);
#1807=VECTOR('',#6465,10.);
#1808=VECTOR('',#6466,10.);
#1809=VECTOR('',#6467,10.);
#1810=VECTOR('',#6468,10.);
#1811=VECTOR('',#6471,10.);
#1812=VECTOR('',#6472,10.);
#1813=VECTOR('',#6473,10.);
#1814=VECTOR('',#6476,10.);
#1815=VECTOR('',#6477,10.);
#1816=VECTOR('',#6478,10.);
#1817=VECTOR('',#6481,10.);
#1818=VECTOR('',#6482,10.);
#1819=VECTOR('',#6485,10.);
#1820=VECTOR('',#6486,10.);
#1821=VECTOR('',#6487,10.);
#1822=VECTOR('',#6488,10.);
#1823=VECTOR('',#6491,10.);
#1824=VECTOR('',#6492,10.);
#1825=VECTOR('',#6493,10.);
#1826=VECTOR('',#6496,10.);
#1827=VECTOR('',#6497,10.);
#1828=VECTOR('',#6498,10.);
#1829=VECTOR('',#6501,10.);
#1830=VECTOR('',#6502,10.);
#1831=VECTOR('',#6505,10.);
#1832=VECTOR('',#6506,10.);
#1833=VECTOR('',#6507,10.);
#1834=VECTOR('',#6508,10.);
#1835=VECTOR('',#6511,10.);
#1836=VECTOR('',#6512,10.);
#1837=VECTOR('',#6513,10.);
#1838=VECTOR('',#6516,10.);
#1839=VECTOR('',#6517,10.);
#1840=VECTOR('',#6518,10.);
#1841=VECTOR('',#6521,10.);
#1842=VECTOR('',#6522,10.);
#1843=VECTOR('',#6525,10.);
#1844=VECTOR('',#6526,10.);
#1845=VECTOR('',#6527,10.);
#1846=VECTOR('',#6528,10.);
#1847=VECTOR('',#6531,10.);
#1848=VECTOR('',#6532,10.);
#1849=VECTOR('',#6533,10.);
#1850=VECTOR('',#6536,10.);
#1851=VECTOR('',#6537,10.);
#1852=VECTOR('',#6538,10.);
#1853=VECTOR('',#6541,10.);
#1854=VECTOR('',#6542,10.);
#1855=VECTOR('',#6545,10.);
#1856=VECTOR('',#6546,10.);
#1857=VECTOR('',#6547,10.);
#1858=VECTOR('',#6548,10.);
#1859=VECTOR('',#6551,10.);
#1860=VECTOR('',#6552,10.);
#1861=VECTOR('',#6553,10.);
#1862=VECTOR('',#6556,10.);
#1863=VECTOR('',#6557,10.);
#1864=VECTOR('',#6558,10.);
#1865=VECTOR('',#6561,10.);
#1866=VECTOR('',#6562,10.);
#1867=VECTOR('',#6565,10.);
#1868=VECTOR('',#6566,10.);
#1869=VECTOR('',#6567,10.);
#1870=VECTOR('',#6568,10.);
#1871=VECTOR('',#6571,10.);
#1872=VECTOR('',#6572,10.);
#1873=VECTOR('',#6573,10.);
#1874=VECTOR('',#6576,10.);
#1875=VECTOR('',#6577,10.);
#1876=VECTOR('',#6578,10.);
#1877=VECTOR('',#6581,10.);
#1878=VECTOR('',#6582,10.);
#1879=VECTOR('',#6585,10.);
#1880=VECTOR('',#6586,10.);
#1881=VECTOR('',#6587,10.);
#1882=VECTOR('',#6588,10.);
#1883=VECTOR('',#6591,10.);
#1884=VECTOR('',#6592,10.);
#1885=VECTOR('',#6593,10.);
#1886=VECTOR('',#6596,10.);
#1887=VECTOR('',#6597,10.);
#1888=VECTOR('',#6598,10.);
#1889=VECTOR('',#6601,10.);
#1890=VECTOR('',#6602,10.);
#1891=VECTOR('',#6605,10.);
#1892=VECTOR('',#6606,10.);
#1893=VECTOR('',#6607,10.);
#1894=VECTOR('',#6608,10.);
#1895=VECTOR('',#6611,10.);
#1896=VECTOR('',#6612,10.);
#1897=VECTOR('',#6613,10.);
#1898=VECTOR('',#6616,10.);
#1899=VECTOR('',#6617,10.);
#1900=VECTOR('',#6618,10.);
#1901=VECTOR('',#6621,10.);
#1902=VECTOR('',#6624,10.);
#1903=VECTOR('',#6625,10.);
#1904=VECTOR('',#6626,10.);
#1905=VECTOR('',#6627,10.);
#1906=VECTOR('',#6628,10.);
#1907=VECTOR('',#6631,10.);
#1908=VECTOR('',#6632,10.);
#1909=VECTOR('',#6633,10.);
#1910=VECTOR('',#6634,10.);
#1911=VECTOR('',#6637,10.);
#1912=VECTOR('',#6638,10.);
#1913=VECTOR('',#6639,10.);
#1914=VECTOR('',#6642,10.);
#1915=VECTOR('',#6643,10.);
#1916=VECTOR('',#6644,10.);
#1917=VECTOR('',#6647,10.);
#1918=VECTOR('',#6648,10.);
#1919=VECTOR('',#6653,10.);
#1920=VECTOR('',#6654,10.);
#1921=VECTOR('',#6655,10.);
#1922=VECTOR('',#6656,10.);
#1923=VECTOR('',#6659,10.);
#1924=VECTOR('',#6660,10.);
#1925=VECTOR('',#6661,10.);
#1926=VECTOR('',#6664,10.);
#1927=VECTOR('',#6665,10.);
#1928=VECTOR('',#6666,10.);
#1929=VECTOR('',#6669,10.);
#1930=VECTOR('',#6670,10.);
#1931=VECTOR('',#6675,10.);
#1932=VECTOR('',#6676,10.);
#1933=VECTOR('',#6677,10.);
#1934=VECTOR('',#6678,10.);
#1935=VECTOR('',#6681,10.);
#1936=VECTOR('',#6682,10.);
#1937=VECTOR('',#6683,10.);
#1938=VECTOR('',#6686,10.);
#1939=VECTOR('',#6687,10.);
#1940=VECTOR('',#6688,10.);
#1941=VECTOR('',#6691,10.);
#1942=VECTOR('',#6694,10.);
#1943=VECTOR('',#6697,10.);
#1944=VECTOR('',#6698,10.);
#1945=VECTOR('',#6699,10.);
#1946=VECTOR('',#6700,10.);
#1947=VECTOR('',#6703,10.);
#1948=VECTOR('',#6704,10.);
#1949=VECTOR('',#6705,10.);
#1950=VECTOR('',#6708,10.);
#1951=VECTOR('',#6709,10.);
#1952=VECTOR('',#6710,10.);
#1953=VECTOR('',#6713,10.);
#1954=VECTOR('',#6716,10.);
#1955=VECTOR('',#6723,2.);
#1956=VECTOR('',#6732,2.);
#1957=VECTOR('',#6739,3.75);
#1958=VECTOR('',#6748,3.75);
#1959=VECTOR('',#6755,10.);
#1960=VECTOR('',#6756,10.);
#1961=VECTOR('',#6757,10.);
#1962=VECTOR('',#6758,10.);
#1963=VECTOR('',#6761,10.);
#1964=VECTOR('',#6762,10.);
#1965=VECTOR('',#6763,10.);
#1966=VECTOR('',#6764,10.);
#1967=VECTOR('',#6767,10.);
#1968=VECTOR('',#6768,10.);
#1969=VECTOR('',#6769,10.);
#1970=VECTOR('',#6770,10.);
#1971=VECTOR('',#6771,10.);
#1972=VECTOR('',#6772,10.);
#1973=VECTOR('',#6773,10.);
#1974=VECTOR('',#6774,10.);
#1975=VECTOR('',#6775,10.);
#1976=VECTOR('',#6778,10.);
#1977=VECTOR('',#6779,10.);
#1978=VECTOR('',#6780,10.);
#1979=VECTOR('',#6781,10.);
#1980=VECTOR('',#6782,10.);
#1981=VECTOR('',#6785,10.);
#1982=VECTOR('',#6786,10.);
#1983=VECTOR('',#6789,10.);
#1984=VECTOR('',#6790,10.);
#1985=VECTOR('',#6793,10.);
#1986=VECTOR('',#6794,10.);
#1987=VECTOR('',#6795,10.);
#1988=VECTOR('',#6796,10.);
#1989=VECTOR('',#6799,10.);
#1990=VECTOR('',#6800,10.);
#1991=VECTOR('',#6801,10.);
#1992=VECTOR('',#6804,10.);
#1993=VECTOR('',#6805,10.);
#1994=VECTOR('',#6806,10.);
#1995=VECTOR('',#6807,10.);
#1996=VECTOR('',#6808,10.);
#1997=VECTOR('',#6811,10.);
#1998=VECTOR('',#6812,10.);
#1999=VECTOR('',#6813,10.);
#2000=VECTOR('',#6816,10.);
#2001=VECTOR('',#6817,10.);
#2002=VECTOR('',#6820,10.);
#2003=VECTOR('',#6821,10.);
#2004=VECTOR('',#6822,10.);
#2005=VECTOR('',#6829,10.);
#2006=VECTOR('',#6832,10.);
#2007=VECTOR('',#6835,10.);
#2008=VECTOR('',#6838,10.);
#2009=VECTOR('',#6839,10.);
#2010=VECTOR('',#6840,10.);
#2011=VECTOR('',#6841,10.);
#2012=VECTOR('',#6846,10.);
#2013=VECTOR('',#6847,10.);
#2014=VECTOR('',#6850,10.);
#2015=VECTOR('',#6851,10.);
#2016=VECTOR('',#6856,10.);
#2017=VECTOR('',#6859,10.);
#2018=VECTOR('',#6860,10.);
#2019=VECTOR('',#6865,10.);
#2020=VECTOR('',#6868,10.);
#2021=VECTOR('',#6869,10.);
#2022=VECTOR('',#6874,10.);
#2023=VECTOR('',#6877,10.);
#2024=VECTOR('',#6882,10.);
#2025=VECTOR('',#6893,10.);
#2026=VECTOR('',#6902,10.);
#2027=VECTOR('',#6911,10.);
#2028=VECTOR('',#6916,10.);
#2029=VECTOR('',#6917,10.);
#2030=VECTOR('',#6918,10.);
#2031=VECTOR('',#6919,10.);
#2032=VECTOR('',#6922,10.);
#2033=VECTOR('',#6923,10.);
#2034=VECTOR('',#6924,10.);
#2035=VECTOR('',#6933,10.);
#2036=VECTOR('',#6936,10.);
#2037=VECTOR('',#6939,10.);
#2038=VECTOR('',#6942,10.);
#2039=VECTOR('',#6947,10.);
#2040=VECTOR('',#6948,10.);
#2041=VECTOR('',#6953,10.);
#2042=VECTOR('',#6954,10.);
#2043=VECTOR('',#6955,10.);
#2044=VECTOR('',#6960,10.);
#2045=VECTOR('',#6963,10.);
#2046=VECTOR('',#6964,10.);
#2047=VECTOR('',#6969,10.);
#2048=VECTOR('',#6972,10.);
#2049=VECTOR('',#6975,10.);
#2050=VECTOR('',#6978,10.);
#2051=VECTOR('',#6981,10.);
#2052=VECTOR('',#6986,10.);
#2053=VECTOR('',#6987,10.);
#2054=VECTOR('',#6992,10.);
#2055=VECTOR('',#6995,10.);
#2056=VECTOR('',#6996,10.);
#2057=VECTOR('',#7003,10.);
#2058=VECTOR('',#7004,10.);
#2059=VECTOR('',#7007,10.);
#2060=VECTOR('',#7010,10.);
#2061=VECTOR('',#7013,10.);
#2062=VECTOR('',#7016,10.);
#2063=VECTOR('',#7019,10.);
#2064=VECTOR('',#7022,10.);
#2065=VECTOR('',#7033,2.2);
#2066=VECTOR('',#7042,2.2);
#2067=VECTOR('',#7051,2.2);
#2068=VECTOR('',#7060,2.2);
#2069=VECTOR('',#7065,0.85);
#2070=VECTOR('',#7072,0.85);
#2071=VECTOR('',#7079,0.85);
#2072=VECTOR('',#7086,0.85);
#2073=VECTOR('',#7095,10.);
#2074=VECTOR('',#7096,10.);
#2075=VECTOR('',#7097,10.);
#2076=VECTOR('',#7098,10.);
#2077=VECTOR('',#7099,10.);
#2078=VECTOR('',#7102,10.);
#2079=VECTOR('',#7103,10.);
#2080=VECTOR('',#7104,10.);
#2081=VECTOR('',#7107,10.);
#2082=VECTOR('',#7108,10.);
#2083=VECTOR('',#7111,10.);
#2084=VECTOR('',#7112,10.);
#2085=VECTOR('',#7115,10.);
#2086=VECTOR('',#7122,10.);
#2087=VECTOR('',#7123,10.);
#2088=VECTOR('',#7124,10.);
#2089=VECTOR('',#7125,10.);
#2090=VECTOR('',#7128,10.);
#2091=VECTOR('',#7129,10.);
#2092=VECTOR('',#7130,10.);
#2093=VECTOR('',#7133,10.);
#2094=VECTOR('',#7134,10.);
#2095=VECTOR('',#7135,10.);
#2096=VECTOR('',#7136,10.);
#2097=VECTOR('',#7139,10.);
#2098=VECTOR('',#7142,10.);
#2099=VECTOR('',#7145,10.);
#2100=VECTOR('',#7146,10.);
#2101=VECTOR('',#7147,10.);
#2102=VECTOR('',#7148,10.);
#2103=VECTOR('',#7153,10.);
#2104=VECTOR('',#7154,10.);
#2105=VECTOR('',#7155,10.);
#2106=VECTOR('',#7156,10.);
#2107=VECTOR('',#7165,1.5);
#2108=VECTOR('',#7174,1.5);
#2109=VECTOR('',#7177,10.);
#2110=VECTOR('',#7178,10.);
#2111=VECTOR('',#7179,10.);
#2112=VECTOR('',#7182,10.);
#2113=VECTOR('',#7183,10.);
#2114=VECTOR('',#7186,10.);
#2115=VECTOR('',#7187,10.);
#2116=VECTOR('',#7190,10.);
#2117=VECTOR('',#7193,2.45);
#2118=VECTOR('',#7198,1.7);
#2119=VECTOR('',#7203,2.45);
#2120=VECTOR('',#7208,1.7);
#2121=VECTOR('',#7213,10.);
#2122=VECTOR('',#7214,10.);
#2123=VECTOR('',#7215,10.);
#2124=VECTOR('',#7216,10.);
#2125=VECTOR('',#7219,10.);
#2126=VECTOR('',#7220,10.);
#2127=VECTOR('',#7221,10.);
#2128=VECTOR('',#7224,10.);
#2129=VECTOR('',#7225,10.);
#2130=VECTOR('',#7228,10.);
#2131=VECTOR('',#7229,10.);
#2132=VECTOR('',#7232,10.);
#2133=VECTOR('',#7235,10.);
#2134=VECTOR('',#7236,10.);
#2135=VECTOR('',#7237,10.);
#2136=VECTOR('',#7238,10.);
#2137=VECTOR('',#7241,10.);
#2138=VECTOR('',#7242,10.);
#2139=VECTOR('',#7243,10.);
#2140=VECTOR('',#7246,10.);
#2141=VECTOR('',#7247,10.);
#2142=VECTOR('',#7250,10.);
#2143=VECTOR('',#7251,10.);
#2144=VECTOR('',#7254,10.);
#2145=VECTOR('',#7257,10.);
#2146=VECTOR('',#7258,10.);
#2147=VECTOR('',#7259,10.);
#2148=VECTOR('',#7260,10.);
#2149=VECTOR('',#7263,10.);
#2150=VECTOR('',#7264,10.);
#2151=VECTOR('',#7267,10.);
#2152=VECTOR('',#7270,10.);
#2153=VECTOR('',#7277,10.);
#2154=VECTOR('',#7278,10.);
#2155=VECTOR('',#7279,10.);
#2156=VECTOR('',#7280,10.);
#2157=VECTOR('',#7283,10.);
#2158=VECTOR('',#7284,10.);
#2159=VECTOR('',#7285,10.);
#2160=VECTOR('',#7288,10.);
#2161=VECTOR('',#7289,10.);
#2162=VECTOR('',#7290,10.);
#2163=VECTOR('',#7293,10.);
#2164=VECTOR('',#7294,10.);
#2165=VECTOR('',#7297,10.);
#2166=VECTOR('',#7298,10.);
#2167=VECTOR('',#7299,10.);
#2168=VECTOR('',#7300,10.);
#2169=VECTOR('',#7303,10.);
#2170=VECTOR('',#7304,10.);
#2171=VECTOR('',#7305,10.);
#2172=VECTOR('',#7306,10.);
#2173=VECTOR('',#7309,10.);
#2174=VECTOR('',#7310,10.);
#2175=VECTOR('',#7311,10.);
#2176=VECTOR('',#7314,10.);
#2177=VECTOR('',#7315,10.);
#2178=VECTOR('',#7316,10.);
#2179=VECTOR('',#7319,10.);
#2180=VECTOR('',#7320,10.);
#2181=VECTOR('',#7323,10.);
#2182=VECTOR('',#7324,10.);
#2183=VECTOR('',#7325,10.);
#2184=VECTOR('',#7326,10.);
#2185=VECTOR('',#7329,10.);
#2186=VECTOR('',#7330,10.);
#2187=VECTOR('',#7331,10.);
#2188=VECTOR('',#7334,10.);
#2189=VECTOR('',#7335,10.);
#2190=VECTOR('',#7338,10.);
#2191=VECTOR('',#7339,10.);
#2192=VECTOR('',#7340,10.);
#2193=VECTOR('',#7343,10.);
#2194=VECTOR('',#7344,10.);
#2195=VECTOR('',#7347,10.);
#2196=VECTOR('',#7348,10.);
#2197=VECTOR('',#7351,10.);
#2198=VECTOR('',#7354,10.);
#2199=VECTOR('',#7355,10.);
#2200=VECTOR('',#7358,10.);
#2201=VECTOR('',#7361,10.);
#2202=VECTOR('',#7362,10.);
#2203=VECTOR('',#7363,10.);
#2204=VECTOR('',#7364,10.);
#2205=VECTOR('',#7365,10.);
#2206=VECTOR('',#7366,10.);
#2207=VECTOR('',#7369,10.);
#2208=VECTOR('',#7370,10.);
#2209=VECTOR('',#7371,10.);
#2210=VECTOR('',#7372,10.);
#2211=VECTOR('',#7373,10.);
#2212=VECTOR('',#7376,10.);
#2213=VECTOR('',#7377,10.);
#2214=VECTOR('',#7378,10.);
#2215=VECTOR('',#7379,10.);
#2216=VECTOR('',#7380,10.);
#2217=VECTOR('',#7383,10.);
#2218=VECTOR('',#7384,10.);
#2219=VECTOR('',#7389,10.);
#2220=VECTOR('',#7392,10.);
#2221=VECTOR('',#7395,10.);
#2222=VECTOR('',#7398,10.);
#2223=VECTOR('',#7399,10.);
#2224=VECTOR('',#7400,10.);
#2225=VECTOR('',#7401,10.);
#2226=VECTOR('',#7402,10.);
#2227=VECTOR('',#7403,10.);
#2228=VECTOR('',#7404,10.);
#2229=VECTOR('',#7405,10.);
#2230=VECTOR('',#7408,10.);
#2231=VECTOR('',#7409,10.);
#2232=VECTOR('',#7412,10.);
#2233=VECTOR('',#7413,10.);
#2234=VECTOR('',#7414,10.);
#2235=VECTOR('',#7417,10.);
#2236=VECTOR('',#7420,10.);
#2237=VECTOR('',#7421,10.);
#2238=VECTOR('',#7424,10.);
#2239=VECTOR('',#7425,10.);
#2240=VECTOR('',#7430,10.);
#2241=VECTOR('',#7431,10.);
#2242=VECTOR('',#7434,10.);
#2243=VECTOR('',#7435,10.);
#2244=VECTOR('',#7438,10.);
#2245=VECTOR('',#7447,39.);
#2246=VECTOR('',#7462,10.);
#2247=VECTOR('',#7473,10.);
#2248=VECTOR('',#7484,10.);
#2249=VECTOR('',#7493,10.);
#2250=VECTOR('',#7496,10.);
#2251=VECTOR('',#7497,10.);
#2252=VECTOR('',#7498,10.);
#2253=VECTOR('',#7501,10.);
#2254=VECTOR('',#7506,10.);
#2255=VECTOR('',#7507,10.);
#2256=VECTOR('',#7510,10.);
#2257=VECTOR('',#7515,10.);
#2258=VECTOR('',#7516,10.);
#2259=VECTOR('',#7519,10.);
#2260=VECTOR('',#7524,10.);
#2261=VECTOR('',#7525,10.);
#2262=VECTOR('',#7536,10.);
#2263=VECTOR('',#7537,10.);
#2264=VECTOR('',#7538,10.);
#2265=VECTOR('',#7539,10.);
#2266=VECTOR('',#7542,10.);
#2267=VECTOR('',#7543,10.);
#2268=VECTOR('',#7544,10.);
#2269=VECTOR('',#7547,10.);
#2270=VECTOR('',#7548,10.);
#2271=VECTOR('',#7551,10.);
#2272=VECTOR('',#7552,10.);
#2273=VECTOR('',#7555,10.);
#2274=VECTOR('',#7560,10.);
#2275=VECTOR('',#7561,10.);
#2276=VECTOR('',#7562,10.);
#2277=VECTOR('',#7563,10.);
#2278=VECTOR('',#7566,10.);
#2279=VECTOR('',#7567,10.);
#2280=VECTOR('',#7568,10.);
#2281=VECTOR('',#7571,10.);
#2282=VECTOR('',#7572,10.);
#2283=VECTOR('',#7575,10.);
#2284=VECTOR('',#7576,10.);
#2285=VECTOR('',#7579,10.);
#2286=VECTOR('',#7584,10.);
#2287=VECTOR('',#7585,10.);
#2288=VECTOR('',#7586,10.);
#2289=VECTOR('',#7587,10.);
#2290=VECTOR('',#7590,10.);
#2291=VECTOR('',#7591,10.);
#2292=VECTOR('',#7592,10.);
#2293=VECTOR('',#7595,10.);
#2294=VECTOR('',#7596,10.);
#2295=VECTOR('',#7599,10.);
#2296=VECTOR('',#7600,10.);
#2297=VECTOR('',#7603,10.);
#2298=VECTOR('',#7610,10.);
#2299=VECTOR('',#7611,10.);
#2300=VECTOR('',#7612,10.);
#2301=VECTOR('',#7613,10.);
#2302=VECTOR('',#7616,10.);
#2303=VECTOR('',#7617,10.);
#2304=VECTOR('',#7618,10.);
#2305=VECTOR('',#7621,10.);
#2306=VECTOR('',#7622,10.);
#2307=VECTOR('',#7625,10.);
#2308=VECTOR('',#7626,10.);
#2309=VECTOR('',#7629,10.);
#2310=VECTOR('',#7636,10.);
#2311=VECTOR('',#7637,10.);
#2312=VECTOR('',#7638,10.);
#2313=VECTOR('',#7639,10.);
#2314=VECTOR('',#7642,10.);
#2315=VECTOR('',#7643,10.);
#2316=VECTOR('',#7644,10.);
#2317=VECTOR('',#7647,10.);
#2318=VECTOR('',#7648,10.);
#2319=VECTOR('',#7651,10.);
#2320=VECTOR('',#7652,10.);
#2321=VECTOR('',#7655,10.);
#2322=VECTOR('',#7660,10.);
#2323=VECTOR('',#7661,10.);
#2324=VECTOR('',#7662,10.);
#2325=VECTOR('',#7663,10.);
#2326=VECTOR('',#7666,10.);
#2327=VECTOR('',#7667,10.);
#2328=VECTOR('',#7668,10.);
#2329=VECTOR('',#7671,10.);
#2330=VECTOR('',#7672,10.);
#2331=VECTOR('',#7675,10.);
#2332=VECTOR('',#7676,10.);
#2333=VECTOR('',#7679,10.);
#2334=VECTOR('',#7684,10.);
#2335=VECTOR('',#7685,10.);
#2336=VECTOR('',#7686,10.);
#2337=VECTOR('',#7687,10.);
#2338=VECTOR('',#7690,10.);
#2339=VECTOR('',#7691,10.);
#2340=VECTOR('',#7692,10.);
#2341=VECTOR('',#7695,10.);
#2342=VECTOR('',#7696,10.);
#2343=VECTOR('',#7699,10.);
#2344=VECTOR('',#7700,10.);
#2345=VECTOR('',#7703,10.);
#2346=VERTEX_POINT('',#7721);
#2347=VERTEX_POINT('',#7722);
#2348=VERTEX_POINT('',#7724);
#2349=VERTEX_POINT('',#7726);
#2350=VERTEX_POINT('',#7730);
#2351=VERTEX_POINT('',#7732);
#2352=VERTEX_POINT('',#7736);
#2353=VERTEX_POINT('',#7738);
#2354=VERTEX_POINT('',#7745);
#2355=VERTEX_POINT('',#7746);
#2356=VERTEX_POINT('',#7748);
#2357=VERTEX_POINT('',#7750);
#2358=VERTEX_POINT('',#7754);
#2359=VERTEX_POINT('',#7756);
#2360=VERTEX_POINT('',#7760);
#2361=VERTEX_POINT('',#7762);
#2362=VERTEX_POINT('',#7769);
#2363=VERTEX_POINT('',#7770);
#2364=VERTEX_POINT('',#7772);
#2365=VERTEX_POINT('',#7774);
#2366=VERTEX_POINT('',#7778);
#2367=VERTEX_POINT('',#7780);
#2368=VERTEX_POINT('',#7784);
#2369=VERTEX_POINT('',#7786);
#2370=VERTEX_POINT('',#7793);
#2371=VERTEX_POINT('',#7794);
#2372=VERTEX_POINT('',#7796);
#2373=VERTEX_POINT('',#7798);
#2374=VERTEX_POINT('',#7802);
#2375=VERTEX_POINT('',#7804);
#2376=VERTEX_POINT('',#7808);
#2377=VERTEX_POINT('',#7810);
#2378=VERTEX_POINT('',#7817);
#2379=VERTEX_POINT('',#7818);
#2380=VERTEX_POINT('',#7820);
#2381=VERTEX_POINT('',#7822);
#2382=VERTEX_POINT('',#7826);
#2383=VERTEX_POINT('',#7828);
#2384=VERTEX_POINT('',#7832);
#2385=VERTEX_POINT('',#7834);
#2386=VERTEX_POINT('',#7841);
#2387=VERTEX_POINT('',#7842);
#2388=VERTEX_POINT('',#7844);
#2389=VERTEX_POINT('',#7846);
#2390=VERTEX_POINT('',#7850);
#2391=VERTEX_POINT('',#7852);
#2392=VERTEX_POINT('',#7856);
#2393=VERTEX_POINT('',#7858);
#2394=VERTEX_POINT('',#7865);
#2395=VERTEX_POINT('',#7866);
#2396=VERTEX_POINT('',#7868);
#2397=VERTEX_POINT('',#7870);
#2398=VERTEX_POINT('',#7874);
#2399=VERTEX_POINT('',#7876);
#2400=VERTEX_POINT('',#7880);
#2401=VERTEX_POINT('',#7882);
#2402=VERTEX_POINT('',#7889);
#2403=VERTEX_POINT('',#7890);
#2404=VERTEX_POINT('',#7892);
#2405=VERTEX_POINT('',#7894);
#2406=VERTEX_POINT('',#7898);
#2407=VERTEX_POINT('',#7900);
#2408=VERTEX_POINT('',#7904);
#2409=VERTEX_POINT('',#7906);
#2410=VERTEX_POINT('',#7913);
#2411=VERTEX_POINT('',#7914);
#2412=VERTEX_POINT('',#7916);
#2413=VERTEX_POINT('',#7918);
#2414=VERTEX_POINT('',#7922);
#2415=VERTEX_POINT('',#7924);
#2416=VERTEX_POINT('',#7928);
#2417=VERTEX_POINT('',#7930);
#2418=VERTEX_POINT('',#7937);
#2419=VERTEX_POINT('',#7938);
#2420=VERTEX_POINT('',#7940);
#2421=VERTEX_POINT('',#7942);
#2422=VERTEX_POINT('',#7946);
#2423=VERTEX_POINT('',#7948);
#2424=VERTEX_POINT('',#7952);
#2425=VERTEX_POINT('',#7954);
#2426=VERTEX_POINT('',#7961);
#2427=VERTEX_POINT('',#7962);
#2428=VERTEX_POINT('',#7964);
#2429=VERTEX_POINT('',#7966);
#2430=VERTEX_POINT('',#7970);
#2431=VERTEX_POINT('',#7972);
#2432=VERTEX_POINT('',#7976);
#2433=VERTEX_POINT('',#7978);
#2434=VERTEX_POINT('',#7985);
#2435=VERTEX_POINT('',#7986);
#2436=VERTEX_POINT('',#7988);
#2437=VERTEX_POINT('',#7990);
#2438=VERTEX_POINT('',#7994);
#2439=VERTEX_POINT('',#7996);
#2440=VERTEX_POINT('',#8000);
#2441=VERTEX_POINT('',#8002);
#2442=VERTEX_POINT('',#8009);
#2443=VERTEX_POINT('',#8010);
#2444=VERTEX_POINT('',#8012);
#2445=VERTEX_POINT('',#8014);
#2446=VERTEX_POINT('',#8018);
#2447=VERTEX_POINT('',#8020);
#2448=VERTEX_POINT('',#8024);
#2449=VERTEX_POINT('',#8026);
#2450=VERTEX_POINT('',#8033);
#2451=VERTEX_POINT('',#8034);
#2452=VERTEX_POINT('',#8036);
#2453=VERTEX_POINT('',#8038);
#2454=VERTEX_POINT('',#8042);
#2455=VERTEX_POINT('',#8044);
#2456=VERTEX_POINT('',#8048);
#2457=VERTEX_POINT('',#8050);
#2458=VERTEX_POINT('',#8057);
#2459=VERTEX_POINT('',#8058);
#2460=VERTEX_POINT('',#8060);
#2461=VERTEX_POINT('',#8062);
#2462=VERTEX_POINT('',#8066);
#2463=VERTEX_POINT('',#8068);
#2464=VERTEX_POINT('',#8072);
#2465=VERTEX_POINT('',#8074);
#2466=VERTEX_POINT('',#8081);
#2467=VERTEX_POINT('',#8082);
#2468=VERTEX_POINT('',#8084);
#2469=VERTEX_POINT('',#8086);
#2470=VERTEX_POINT('',#8090);
#2471=VERTEX_POINT('',#8092);
#2472=VERTEX_POINT('',#8096);
#2473=VERTEX_POINT('',#8098);
#2474=VERTEX_POINT('',#8105);
#2475=VERTEX_POINT('',#8106);
#2476=VERTEX_POINT('',#8108);
#2477=VERTEX_POINT('',#8110);
#2478=VERTEX_POINT('',#8114);
#2479=VERTEX_POINT('',#8116);
#2480=VERTEX_POINT('',#8120);
#2481=VERTEX_POINT('',#8122);
#2482=VERTEX_POINT('',#8129);
#2483=VERTEX_POINT('',#8130);
#2484=VERTEX_POINT('',#8132);
#2485=VERTEX_POINT('',#8134);
#2486=VERTEX_POINT('',#8138);
#2487=VERTEX_POINT('',#8140);
#2488=VERTEX_POINT('',#8144);
#2489=VERTEX_POINT('',#8146);
#2490=VERTEX_POINT('',#8153);
#2491=VERTEX_POINT('',#8154);
#2492=VERTEX_POINT('',#8156);
#2493=VERTEX_POINT('',#8158);
#2494=VERTEX_POINT('',#8162);
#2495=VERTEX_POINT('',#8164);
#2496=VERTEX_POINT('',#8168);
#2497=VERTEX_POINT('',#8170);
#2498=VERTEX_POINT('',#8177);
#2499=VERTEX_POINT('',#8178);
#2500=VERTEX_POINT('',#8180);
#2501=VERTEX_POINT('',#8182);
#2502=VERTEX_POINT('',#8186);
#2503=VERTEX_POINT('',#8188);
#2504=VERTEX_POINT('',#8192);
#2505=VERTEX_POINT('',#8193);
#2506=VERTEX_POINT('',#8200);
#2507=VERTEX_POINT('',#8202);
#2508=VERTEX_POINT('',#8204);
#2509=VERTEX_POINT('',#8206);
#2510=VERTEX_POINT('',#8210);
#2511=VERTEX_POINT('',#8211);
#2512=VERTEX_POINT('',#8213);
#2513=VERTEX_POINT('',#8215);
#2514=VERTEX_POINT('',#8219);
#2515=VERTEX_POINT('',#8221);
#2516=VERTEX_POINT('',#8225);
#2517=VERTEX_POINT('',#8227);
#2518=VERTEX_POINT('',#8235);
#2519=VERTEX_POINT('',#8236);
#2520=VERTEX_POINT('',#8238);
#2521=VERTEX_POINT('',#8240);
#2522=VERTEX_POINT('',#8244);
#2523=VERTEX_POINT('',#8246);
#2524=VERTEX_POINT('',#8250);
#2525=VERTEX_POINT('',#8252);
#2526=VERTEX_POINT('',#8260);
#2527=VERTEX_POINT('',#8261);
#2528=VERTEX_POINT('',#8263);
#2529=VERTEX_POINT('',#8265);
#2530=VERTEX_POINT('',#8269);
#2531=VERTEX_POINT('',#8271);
#2532=VERTEX_POINT('',#8275);
#2533=VERTEX_POINT('',#8277);
#2534=VERTEX_POINT('',#8285);
#2535=VERTEX_POINT('',#8286);
#2536=VERTEX_POINT('',#8288);
#2537=VERTEX_POINT('',#8290);
#2538=VERTEX_POINT('',#8294);
#2539=VERTEX_POINT('',#8296);
#2540=VERTEX_POINT('',#8300);
#2541=VERTEX_POINT('',#8302);
#2542=VERTEX_POINT('',#8310);
#2543=VERTEX_POINT('',#8313);
#2544=VERTEX_POINT('',#8317);
#2545=VERTEX_POINT('',#8320);
#2546=VERTEX_POINT('',#8324);
#2547=VERTEX_POINT('',#8326);
#2548=VERTEX_POINT('',#8331);
#2549=VERTEX_POINT('',#8333);
#2550=VERTEX_POINT('',#8338);
#2551=VERTEX_POINT('',#8339);
#2552=VERTEX_POINT('',#8341);
#2553=VERTEX_POINT('',#8343);
#2554=VERTEX_POINT('',#8347);
#2555=VERTEX_POINT('',#8348);
#2556=VERTEX_POINT('',#8350);
#2557=VERTEX_POINT('',#8352);
#2558=VERTEX_POINT('',#8356);
#2559=VERTEX_POINT('',#8360);
#2560=VERTEX_POINT('',#8362);
#2561=VERTEX_POINT('',#8364);
#2562=VERTEX_POINT('',#8366);
#2563=VERTEX_POINT('',#8368);
#2564=VERTEX_POINT('',#8372);
#2565=VERTEX_POINT('',#8375);
#2566=VERTEX_POINT('',#8377);
#2567=VERTEX_POINT('',#8381);
#2568=VERTEX_POINT('',#8385);
#2569=VERTEX_POINT('',#8389);
#2570=VERTEX_POINT('',#8391);
#2571=VERTEX_POINT('',#8393);
#2572=VERTEX_POINT('',#8397);
#2573=VERTEX_POINT('',#8398);
#2574=VERTEX_POINT('',#8403);
#2575=VERTEX_POINT('',#8404);
#2576=VERTEX_POINT('',#8406);
#2577=VERTEX_POINT('',#8408);
#2578=VERTEX_POINT('',#8413);
#2579=VERTEX_POINT('',#8415);
#2580=VERTEX_POINT('',#8419);
#2581=VERTEX_POINT('',#8423);
#2582=VERTEX_POINT('',#8429);
#2583=VERTEX_POINT('',#8430);
#2584=VERTEX_POINT('',#8432);
#2585=VERTEX_POINT('',#8434);
#2586=VERTEX_POINT('',#8436);
#2587=VERTEX_POINT('',#8438);
#2588=VERTEX_POINT('',#8440);
#2589=VERTEX_POINT('',#8442);
#2590=VERTEX_POINT('',#8445);
#2591=VERTEX_POINT('',#8446);
#2592=VERTEX_POINT('',#8451);
#2593=VERTEX_POINT('',#8452);
#2594=VERTEX_POINT('',#8457);
#2595=VERTEX_POINT('',#8461);
#2596=VERTEX_POINT('',#8465);
#2597=VERTEX_POINT('',#8469);
#2598=VERTEX_POINT('',#8473);
#2599=VERTEX_POINT('',#8477);
#2600=VERTEX_POINT('',#8483);
#2601=VERTEX_POINT('',#8485);
#2602=VERTEX_POINT('',#8497);
#2603=VERTEX_POINT('',#8501);
#2604=VERTEX_POINT('',#8513);
#2605=VERTEX_POINT('',#8517);
#2606=VERTEX_POINT('',#8529);
#2607=VERTEX_POINT('',#8533);
#2608=VERTEX_POINT('',#8548);
#2609=VERTEX_POINT('',#8550);
#2610=VERTEX_POINT('',#8554);
#2611=VERTEX_POINT('',#8556);
#2612=VERTEX_POINT('',#8559);
#2613=VERTEX_POINT('',#8561);
#2614=VERTEX_POINT('',#8563);
#2615=VERTEX_POINT('',#8565);
#2616=VERTEX_POINT('',#8567);
#2617=VERTEX_POINT('',#8568);
#2618=VERTEX_POINT('',#8570);
#2619=VERTEX_POINT('',#8572);
#2620=VERTEX_POINT('',#8574);
#2621=VERTEX_POINT('',#8576);
#2622=VERTEX_POINT('',#8578);
#2623=VERTEX_POINT('',#8580);
#2624=VERTEX_POINT('',#8588);
#2625=VERTEX_POINT('',#8589);
#2626=VERTEX_POINT('',#8594);
#2627=VERTEX_POINT('',#8598);
#2628=VERTEX_POINT('',#8602);
#2629=VERTEX_POINT('',#8606);
#2630=VERTEX_POINT('',#8607);
#2631=VERTEX_POINT('',#8609);
#2632=VERTEX_POINT('',#8611);
#2633=VERTEX_POINT('',#8613);
#2634=VERTEX_POINT('',#8615);
#2635=VERTEX_POINT('',#8617);
#2636=VERTEX_POINT('',#8619);
#2637=VERTEX_POINT('',#8623);
#2638=VERTEX_POINT('',#8627);
#2639=VERTEX_POINT('',#8631);
#2640=VERTEX_POINT('',#8653);
#2641=VERTEX_POINT('',#8655);
#2642=VERTEX_POINT('',#8660);
#2643=VERTEX_POINT('',#8662);
#2644=VERTEX_POINT('',#8667);
#2645=VERTEX_POINT('',#8669);
#2646=VERTEX_POINT('',#8674);
#2647=VERTEX_POINT('',#8676);
#2648=VERTEX_POINT('',#8681);
#2649=VERTEX_POINT('',#8686);
#2650=VERTEX_POINT('',#8691);
#2651=VERTEX_POINT('',#8696);
#2652=VERTEX_POINT('',#8703);
#2653=VERTEX_POINT('',#8705);
#2654=VERTEX_POINT('',#8707);
#2655=VERTEX_POINT('',#8709);
#2656=VERTEX_POINT('',#8713);
#2657=VERTEX_POINT('',#8715);
#2658=VERTEX_POINT('',#8719);
#2659=VERTEX_POINT('',#8723);
#2660=VERTEX_POINT('',#8731);
#2661=VERTEX_POINT('',#8732);
#2662=VERTEX_POINT('',#8734);
#2663=VERTEX_POINT('',#8736);
#2664=VERTEX_POINT('',#8740);
#2665=VERTEX_POINT('',#8742);
#2666=VERTEX_POINT('',#8746);
#2667=VERTEX_POINT('',#8748);
#2668=VERTEX_POINT('',#8750);
#2669=VERTEX_POINT('',#8758);
#2670=VERTEX_POINT('',#8759);
#2671=VERTEX_POINT('',#8761);
#2672=VERTEX_POINT('',#8763);
#2673=VERTEX_POINT('',#8766);
#2674=VERTEX_POINT('',#8768);
#2675=VERTEX_POINT('',#8770);
#2676=VERTEX_POINT('',#8772);
#2677=VERTEX_POINT('',#8774);
#2678=VERTEX_POINT('',#8778);
#2679=VERTEX_POINT('',#8781);
#2680=VERTEX_POINT('',#8785);
#2681=VERTEX_POINT('',#8788);
#2682=VERTEX_POINT('',#8792);
#2683=VERTEX_POINT('',#8793);
#2684=VERTEX_POINT('',#8798);
#2685=VERTEX_POINT('',#8802);
#2686=VERTEX_POINT('',#8808);
#2687=VERTEX_POINT('',#8812);
#2688=VERTEX_POINT('',#8816);
#2689=VERTEX_POINT('',#8820);
#2690=VERTEX_POINT('',#8824);
#2691=VERTEX_POINT('',#8825);
#2692=VERTEX_POINT('',#8827);
#2693=VERTEX_POINT('',#8829);
#2694=VERTEX_POINT('',#8833);
#2695=VERTEX_POINT('',#8835);
#2696=VERTEX_POINT('',#8839);
#2697=VERTEX_POINT('',#8843);
#2698=VERTEX_POINT('',#8849);
#2699=VERTEX_POINT('',#8850);
#2700=VERTEX_POINT('',#8852);
#2701=VERTEX_POINT('',#8854);
#2702=VERTEX_POINT('',#8858);
#2703=VERTEX_POINT('',#8860);
#2704=VERTEX_POINT('',#8864);
#2705=VERTEX_POINT('',#8868);
#2706=VERTEX_POINT('',#8874);
#2707=VERTEX_POINT('',#8875);
#2708=VERTEX_POINT('',#8877);
#2709=VERTEX_POINT('',#8879);
#2710=VERTEX_POINT('',#8892);
#2711=VERTEX_POINT('',#8893);
#2712=VERTEX_POINT('',#8895);
#2713=VERTEX_POINT('',#8897);
#2714=VERTEX_POINT('',#8901);
#2715=VERTEX_POINT('',#8903);
#2716=VERTEX_POINT('',#8907);
#2717=VERTEX_POINT('',#8909);
#2718=VERTEX_POINT('',#8916);
#2719=VERTEX_POINT('',#8917);
#2720=VERTEX_POINT('',#8919);
#2721=VERTEX_POINT('',#8921);
#2722=VERTEX_POINT('',#8925);
#2723=VERTEX_POINT('',#8926);
#2724=VERTEX_POINT('',#8928);
#2725=VERTEX_POINT('',#8930);
#2726=VERTEX_POINT('',#8934);
#2727=VERTEX_POINT('',#8936);
#2728=VERTEX_POINT('',#8940);
#2729=VERTEX_POINT('',#8942);
#2730=VERTEX_POINT('',#8949);
#2731=VERTEX_POINT('',#8950);
#2732=VERTEX_POINT('',#8952);
#2733=VERTEX_POINT('',#8954);
#2734=VERTEX_POINT('',#8958);
#2735=VERTEX_POINT('',#8960);
#2736=VERTEX_POINT('',#8964);
#2737=VERTEX_POINT('',#8968);
#2738=VERTEX_POINT('',#8970);
#2739=VERTEX_POINT('',#8974);
#2740=VERTEX_POINT('',#8978);
#2741=VERTEX_POINT('',#8984);
#2742=VERTEX_POINT('',#8990);
#2743=VERTEX_POINT('',#8991);
#2744=VERTEX_POINT('',#8993);
#2745=VERTEX_POINT('',#8995);
#2746=VERTEX_POINT('',#8997);
#2747=VERTEX_POINT('',#8999);
#2748=VERTEX_POINT('',#9003);
#2749=VERTEX_POINT('',#9005);
#2750=VERTEX_POINT('',#9007);
#2751=VERTEX_POINT('',#9009);
#2752=VERTEX_POINT('',#9013);
#2753=VERTEX_POINT('',#9015);
#2754=VERTEX_POINT('',#9017);
#2755=VERTEX_POINT('',#9019);
#2756=VERTEX_POINT('',#9026);
#2757=VERTEX_POINT('',#9027);
#2758=VERTEX_POINT('',#9029);
#2759=VERTEX_POINT('',#9031);
#2760=VERTEX_POINT('',#9033);
#2761=VERTEX_POINT('',#9035);
#2762=VERTEX_POINT('',#9037);
#2763=VERTEX_POINT('',#9039);
#2764=VERTEX_POINT('',#9042);
#2765=VERTEX_POINT('',#9044);
#2766=VERTEX_POINT('',#9046);
#2767=VERTEX_POINT('',#9048);
#2768=VERTEX_POINT('',#9050);
#2769=VERTEX_POINT('',#9052);
#2770=VERTEX_POINT('',#9056);
#2771=VERTEX_POINT('',#9060);
#2772=VERTEX_POINT('',#9062);
#2773=VERTEX_POINT('',#9068);
#2774=VERTEX_POINT('',#9076);
#2775=VERTEX_POINT('',#9080);
#2776=VERTEX_POINT('',#9087);
#2777=VERTEX_POINT('',#9090);
#2778=VERTEX_POINT('',#9094);
#2779=VERTEX_POINT('',#9096);
#2780=VERTEX_POINT('',#9100);
#2781=VERTEX_POINT('',#9104);
#2782=VERTEX_POINT('',#9108);
#2783=VERTEX_POINT('',#9112);
#2784=VERTEX_POINT('',#9116);
#2785=VERTEX_POINT('',#9120);
#2786=VERTEX_POINT('',#9126);
#2787=VERTEX_POINT('',#9128);
#2788=VERTEX_POINT('',#9132);
#2789=VERTEX_POINT('',#9136);
#2790=VERTEX_POINT('',#9140);
#2791=VERTEX_POINT('',#9144);
#2792=VERTEX_POINT('',#9148);
#2793=VERTEX_POINT('',#9152);
#2794=VERTEX_POINT('',#9160);
#2795=VERTEX_POINT('',#9161);
#2796=VERTEX_POINT('',#9163);
#2797=VERTEX_POINT('',#9165);
#2798=VERTEX_POINT('',#9169);
#2799=VERTEX_POINT('',#9171);
#2800=VERTEX_POINT('',#9175);
#2801=VERTEX_POINT('',#9179);
#2802=VERTEX_POINT('',#9186);
#2803=VERTEX_POINT('',#9187);
#2804=VERTEX_POINT('',#9189);
#2805=VERTEX_POINT('',#9191);
#2806=VERTEX_POINT('',#9195);
#2807=VERTEX_POINT('',#9197);
#2808=VERTEX_POINT('',#9201);
#2809=VERTEX_POINT('',#9205);
#2810=VERTEX_POINT('',#9212);
#2811=VERTEX_POINT('',#9213);
#2812=VERTEX_POINT('',#9215);
#2813=VERTEX_POINT('',#9217);
#2814=VERTEX_POINT('',#9221);
#2815=VERTEX_POINT('',#9223);
#2816=VERTEX_POINT('',#9227);
#2817=VERTEX_POINT('',#9231);
#2818=VERTEX_POINT('',#9239);
#2819=VERTEX_POINT('',#9240);
#2820=VERTEX_POINT('',#9242);
#2821=VERTEX_POINT('',#9244);
#2822=VERTEX_POINT('',#9248);
#2823=VERTEX_POINT('',#9250);
#2824=VERTEX_POINT('',#9254);
#2825=VERTEX_POINT('',#9258);
#2826=VERTEX_POINT('',#9266);
#2827=VERTEX_POINT('',#9267);
#2828=VERTEX_POINT('',#9269);
#2829=VERTEX_POINT('',#9271);
#2830=VERTEX_POINT('',#9275);
#2831=VERTEX_POINT('',#9277);
#2832=VERTEX_POINT('',#9281);
#2833=VERTEX_POINT('',#9285);
#2834=VERTEX_POINT('',#9292);
#2835=VERTEX_POINT('',#9293);
#2836=VERTEX_POINT('',#9295);
#2837=VERTEX_POINT('',#9297);
#2838=VERTEX_POINT('',#9301);
#2839=VERTEX_POINT('',#9303);
#2840=VERTEX_POINT('',#9307);
#2841=VERTEX_POINT('',#9311);
#2842=VERTEX_POINT('',#9318);
#2843=VERTEX_POINT('',#9319);
#2844=VERTEX_POINT('',#9321);
#2845=VERTEX_POINT('',#9323);
#2846=VERTEX_POINT('',#9327);
#2847=VERTEX_POINT('',#9329);
#2848=VERTEX_POINT('',#9333);
#2849=VERTEX_POINT('',#9337);
#2850=EDGE_CURVE('',#2346,#2347,#980,.T.);
#2851=EDGE_CURVE('',#2348,#2346,#981,.T.);
#2852=EDGE_CURVE('',#2349,#2348,#982,.T.);
#2853=EDGE_CURVE('',#2349,#2347,#983,.T.);
#2854=EDGE_CURVE('',#2347,#2350,#984,.T.);
#2855=EDGE_CURVE('',#2351,#2349,#985,.T.);
#2856=EDGE_CURVE('',#2350,#2351,#986,.T.);
#2857=EDGE_CURVE('',#2350,#2352,#987,.T.);
#2858=EDGE_CURVE('',#2353,#2351,#988,.T.);
#2859=EDGE_CURVE('',#2353,#2352,#989,.T.);
#2860=EDGE_CURVE('',#2352,#2346,#990,.T.);
#2861=EDGE_CURVE('',#2348,#2353,#991,.T.);
#2862=EDGE_CURVE('',#2354,#2355,#992,.T.);
#2863=EDGE_CURVE('',#2356,#2354,#993,.T.);
#2864=EDGE_CURVE('',#2357,#2356,#994,.T.);
#2865=EDGE_CURVE('',#2357,#2355,#995,.T.);
#2866=EDGE_CURVE('',#2355,#2358,#996,.T.);
#2867=EDGE_CURVE('',#2359,#2357,#997,.T.);
#2868=EDGE_CURVE('',#2358,#2359,#998,.T.);
#2869=EDGE_CURVE('',#2358,#2360,#999,.T.);
#2870=EDGE_CURVE('',#2361,#2359,#1000,.T.);
#2871=EDGE_CURVE('',#2361,#2360,#1001,.T.);
#2872=EDGE_CURVE('',#2360,#2354,#1002,.T.);
#2873=EDGE_CURVE('',#2356,#2361,#1003,.T.);
#2874=EDGE_CURVE('',#2362,#2363,#1004,.T.);
#2875=EDGE_CURVE('',#2364,#2362,#1005,.T.);
#2876=EDGE_CURVE('',#2365,#2364,#1006,.T.);
#2877=EDGE_CURVE('',#2365,#2363,#1007,.T.);
#2878=EDGE_CURVE('',#2363,#2366,#1008,.T.);
#2879=EDGE_CURVE('',#2367,#2365,#1009,.T.);
#2880=EDGE_CURVE('',#2366,#2367,#1010,.T.);
#2881=EDGE_CURVE('',#2366,#2368,#1011,.T.);
#2882=EDGE_CURVE('',#2369,#2367,#1012,.T.);
#2883=EDGE_CURVE('',#2369,#2368,#1013,.T.);
#2884=EDGE_CURVE('',#2368,#2362,#1014,.T.);
#2885=EDGE_CURVE('',#2364,#2369,#1015,.T.);
#2886=EDGE_CURVE('',#2370,#2371,#1016,.T.);
#2887=EDGE_CURVE('',#2370,#2372,#1017,.T.);
#2888=EDGE_CURVE('',#2373,#2372,#1018,.T.);
#2889=EDGE_CURVE('',#2371,#2373,#1019,.T.);
#2890=EDGE_CURVE('',#2371,#2374,#1020,.T.);
#2891=EDGE_CURVE('',#2375,#2373,#1021,.T.);
#2892=EDGE_CURVE('',#2374,#2375,#1022,.T.);
#2893=EDGE_CURVE('',#2374,#2376,#1023,.T.);
#2894=EDGE_CURVE('',#2377,#2375,#1024,.T.);
#2895=EDGE_CURVE('',#2377,#2376,#1025,.T.);
#2896=EDGE_CURVE('',#2376,#2370,#1026,.T.);
#2897=EDGE_CURVE('',#2372,#2377,#1027,.T.);
#2898=EDGE_CURVE('',#2378,#2379,#1028,.T.);
#2899=EDGE_CURVE('',#2378,#2380,#1029,.T.);
#2900=EDGE_CURVE('',#2381,#2380,#1030,.T.);
#2901=EDGE_CURVE('',#2379,#2381,#1031,.T.);
#2902=EDGE_CURVE('',#2379,#2382,#1032,.T.);
#2903=EDGE_CURVE('',#2383,#2381,#1033,.T.);
#2904=EDGE_CURVE('',#2382,#2383,#1034,.T.);
#2905=EDGE_CURVE('',#2382,#2384,#1035,.T.);
#2906=EDGE_CURVE('',#2385,#2383,#1036,.T.);
#2907=EDGE_CURVE('',#2385,#2384,#1037,.T.);
#2908=EDGE_CURVE('',#2384,#2378,#1038,.T.);
#2909=EDGE_CURVE('',#2380,#2385,#1039,.T.);
#2910=EDGE_CURVE('',#2386,#2387,#1040,.T.);
#2911=EDGE_CURVE('',#2386,#2388,#1041,.T.);
#2912=EDGE_CURVE('',#2389,#2388,#1042,.T.);
#2913=EDGE_CURVE('',#2387,#2389,#1043,.T.);
#2914=EDGE_CURVE('',#2387,#2390,#1044,.T.);
#2915=EDGE_CURVE('',#2391,#2389,#1045,.T.);
#2916=EDGE_CURVE('',#2390,#2391,#1046,.T.);
#2917=EDGE_CURVE('',#2390,#2392,#1047,.T.);
#2918=EDGE_CURVE('',#2393,#2391,#1048,.T.);
#2919=EDGE_CURVE('',#2393,#2392,#1049,.T.);
#2920=EDGE_CURVE('',#2392,#2386,#1050,.T.);
#2921=EDGE_CURVE('',#2388,#2393,#1051,.T.);
#2922=EDGE_CURVE('',#2394,#2395,#1052,.T.);
#2923=EDGE_CURVE('',#2394,#2396,#1053,.T.);
#2924=EDGE_CURVE('',#2397,#2396,#1054,.T.);
#2925=EDGE_CURVE('',#2395,#2397,#1055,.T.);
#2926=EDGE_CURVE('',#2395,#2398,#1056,.T.);
#2927=EDGE_CURVE('',#2399,#2397,#1057,.T.);
#2928=EDGE_CURVE('',#2398,#2399,#1058,.T.);
#2929=EDGE_CURVE('',#2398,#2400,#1059,.T.);
#2930=EDGE_CURVE('',#2401,#2399,#1060,.T.);
#2931=EDGE_CURVE('',#2401,#2400,#1061,.T.);
#2932=EDGE_CURVE('',#2400,#2394,#1062,.T.);
#2933=EDGE_CURVE('',#2396,#2401,#1063,.T.);
#2934=EDGE_CURVE('',#2402,#2403,#1064,.T.);
#2935=EDGE_CURVE('',#2402,#2404,#1065,.T.);
#2936=EDGE_CURVE('',#2405,#2404,#1066,.T.);
#2937=EDGE_CURVE('',#2403,#2405,#1067,.T.);
#2938=EDGE_CURVE('',#2403,#2406,#1068,.T.);
#2939=EDGE_CURVE('',#2407,#2405,#1069,.T.);
#2940=EDGE_CURVE('',#2406,#2407,#1070,.T.);
#2941=EDGE_CURVE('',#2406,#2408,#1071,.T.);
#2942=EDGE_CURVE('',#2409,#2407,#1072,.T.);
#2943=EDGE_CURVE('',#2409,#2408,#1073,.T.);
#2944=EDGE_CURVE('',#2408,#2402,#1074,.T.);
#2945=EDGE_CURVE('',#2404,#2409,#1075,.T.);
#2946=EDGE_CURVE('',#2410,#2411,#1076,.T.);
#2947=EDGE_CURVE('',#2410,#2412,#1077,.T.);
#2948=EDGE_CURVE('',#2413,#2412,#1078,.T.);
#2949=EDGE_CURVE('',#2411,#2413,#1079,.T.);
#2950=EDGE_CURVE('',#2411,#2414,#1080,.T.);
#2951=EDGE_CURVE('',#2415,#2413,#1081,.T.);
#2952=EDGE_CURVE('',#2414,#2415,#1082,.T.);
#2953=EDGE_CURVE('',#2414,#2416,#1083,.T.);
#2954=EDGE_CURVE('',#2417,#2415,#1084,.T.);
#2955=EDGE_CURVE('',#2417,#2416,#1085,.T.);
#2956=EDGE_CURVE('',#2416,#2410,#1086,.T.);
#2957=EDGE_CURVE('',#2412,#2417,#1087,.T.);
#2958=EDGE_CURVE('',#2418,#2419,#1088,.T.);
#2959=EDGE_CURVE('',#2418,#2420,#1089,.T.);
#2960=EDGE_CURVE('',#2421,#2420,#1090,.T.);
#2961=EDGE_CURVE('',#2419,#2421,#1091,.T.);
#2962=EDGE_CURVE('',#2419,#2422,#1092,.T.);
#2963=EDGE_CURVE('',#2423,#2421,#1093,.T.);
#2964=EDGE_CURVE('',#2422,#2423,#1094,.T.);
#2965=EDGE_CURVE('',#2422,#2424,#1095,.T.);
#2966=EDGE_CURVE('',#2425,#2423,#1096,.T.);
#2967=EDGE_CURVE('',#2425,#2424,#1097,.T.);
#2968=EDGE_CURVE('',#2424,#2418,#1098,.T.);
#2969=EDGE_CURVE('',#2420,#2425,#1099,.T.);
#2970=EDGE_CURVE('',#2426,#2427,#1100,.T.);
#2971=EDGE_CURVE('',#2426,#2428,#1101,.T.);
#2972=EDGE_CURVE('',#2429,#2428,#1102,.T.);
#2973=EDGE_CURVE('',#2427,#2429,#1103,.T.);
#2974=EDGE_CURVE('',#2427,#2430,#1104,.T.);
#2975=EDGE_CURVE('',#2431,#2429,#1105,.T.);
#2976=EDGE_CURVE('',#2430,#2431,#1106,.T.);
#2977=EDGE_CURVE('',#2430,#2432,#1107,.T.);
#2978=EDGE_CURVE('',#2433,#2431,#1108,.T.);
#2979=EDGE_CURVE('',#2433,#2432,#1109,.T.);
#2980=EDGE_CURVE('',#2432,#2426,#1110,.T.);
#2981=EDGE_CURVE('',#2428,#2433,#1111,.T.);
#2982=EDGE_CURVE('',#2434,#2435,#1112,.T.);
#2983=EDGE_CURVE('',#2434,#2436,#1113,.T.);
#2984=EDGE_CURVE('',#2437,#2436,#1114,.T.);
#2985=EDGE_CURVE('',#2435,#2437,#1115,.T.);
#2986=EDGE_CURVE('',#2435,#2438,#1116,.T.);
#2987=EDGE_CURVE('',#2439,#2437,#1117,.T.);
#2988=EDGE_CURVE('',#2438,#2439,#1118,.T.);
#2989=EDGE_CURVE('',#2438,#2440,#1119,.T.);
#2990=EDGE_CURVE('',#2441,#2439,#1120,.T.);
#2991=EDGE_CURVE('',#2441,#2440,#1121,.T.);
#2992=EDGE_CURVE('',#2440,#2434,#1122,.T.);
#2993=EDGE_CURVE('',#2436,#2441,#1123,.T.);
#2994=EDGE_CURVE('',#2442,#2443,#1124,.T.);
#2995=EDGE_CURVE('',#2442,#2444,#1125,.T.);
#2996=EDGE_CURVE('',#2445,#2444,#1126,.T.);
#2997=EDGE_CURVE('',#2443,#2445,#1127,.T.);
#2998=EDGE_CURVE('',#2443,#2446,#1128,.T.);
#2999=EDGE_CURVE('',#2447,#2445,#1129,.T.);
#3000=EDGE_CURVE('',#2446,#2447,#1130,.T.);
#3001=EDGE_CURVE('',#2446,#2448,#1131,.T.);
#3002=EDGE_CURVE('',#2449,#2447,#1132,.T.);
#3003=EDGE_CURVE('',#2449,#2448,#1133,.T.);
#3004=EDGE_CURVE('',#2448,#2442,#1134,.T.);
#3005=EDGE_CURVE('',#2444,#2449,#1135,.T.);
#3006=EDGE_CURVE('',#2450,#2451,#1136,.T.);
#3007=EDGE_CURVE('',#2450,#2452,#1137,.T.);
#3008=EDGE_CURVE('',#2453,#2452,#1138,.T.);
#3009=EDGE_CURVE('',#2451,#2453,#1139,.T.);
#3010=EDGE_CURVE('',#2451,#2454,#1140,.T.);
#3011=EDGE_CURVE('',#2455,#2453,#1141,.T.);
#3012=EDGE_CURVE('',#2454,#2455,#1142,.T.);
#3013=EDGE_CURVE('',#2454,#2456,#1143,.T.);
#3014=EDGE_CURVE('',#2457,#2455,#1144,.T.);
#3015=EDGE_CURVE('',#2457,#2456,#1145,.T.);
#3016=EDGE_CURVE('',#2456,#2450,#1146,.T.);
#3017=EDGE_CURVE('',#2452,#2457,#1147,.T.);
#3018=EDGE_CURVE('',#2458,#2459,#1148,.T.);
#3019=EDGE_CURVE('',#2458,#2460,#1149,.T.);
#3020=EDGE_CURVE('',#2461,#2460,#1150,.T.);
#3021=EDGE_CURVE('',#2459,#2461,#1151,.T.);
#3022=EDGE_CURVE('',#2459,#2462,#1152,.T.);
#3023=EDGE_CURVE('',#2463,#2461,#1153,.T.);
#3024=EDGE_CURVE('',#2462,#2463,#1154,.T.);
#3025=EDGE_CURVE('',#2462,#2464,#1155,.T.);
#3026=EDGE_CURVE('',#2465,#2463,#1156,.T.);
#3027=EDGE_CURVE('',#2465,#2464,#1157,.T.);
#3028=EDGE_CURVE('',#2464,#2458,#1158,.T.);
#3029=EDGE_CURVE('',#2460,#2465,#1159,.T.);
#3030=EDGE_CURVE('',#2466,#2467,#1160,.T.);
#3031=EDGE_CURVE('',#2466,#2468,#1161,.T.);
#3032=EDGE_CURVE('',#2469,#2468,#1162,.T.);
#3033=EDGE_CURVE('',#2467,#2469,#1163,.T.);
#3034=EDGE_CURVE('',#2467,#2470,#1164,.T.);
#3035=EDGE_CURVE('',#2471,#2469,#1165,.T.);
#3036=EDGE_CURVE('',#2470,#2471,#1166,.T.);
#3037=EDGE_CURVE('',#2470,#2472,#1167,.T.);
#3038=EDGE_CURVE('',#2473,#2471,#1168,.T.);
#3039=EDGE_CURVE('',#2473,#2472,#1169,.T.);
#3040=EDGE_CURVE('',#2472,#2466,#1170,.T.);
#3041=EDGE_CURVE('',#2468,#2473,#1171,.T.);
#3042=EDGE_CURVE('',#2474,#2475,#1172,.T.);
#3043=EDGE_CURVE('',#2474,#2476,#1173,.T.);
#3044=EDGE_CURVE('',#2477,#2476,#1174,.T.);
#3045=EDGE_CURVE('',#2475,#2477,#1175,.T.);
#3046=EDGE_CURVE('',#2475,#2478,#1176,.T.);
#3047=EDGE_CURVE('',#2479,#2477,#1177,.T.);
#3048=EDGE_CURVE('',#2478,#2479,#1178,.T.);
#3049=EDGE_CURVE('',#2478,#2480,#1179,.T.);
#3050=EDGE_CURVE('',#2481,#2479,#1180,.T.);
#3051=EDGE_CURVE('',#2481,#2480,#1181,.T.);
#3052=EDGE_CURVE('',#2480,#2474,#1182,.T.);
#3053=EDGE_CURVE('',#2476,#2481,#1183,.T.);
#3054=EDGE_CURVE('',#2482,#2483,#1184,.T.);
#3055=EDGE_CURVE('',#2482,#2484,#1185,.T.);
#3056=EDGE_CURVE('',#2485,#2484,#1186,.T.);
#3057=EDGE_CURVE('',#2483,#2485,#1187,.T.);
#3058=EDGE_CURVE('',#2483,#2486,#1188,.T.);
#3059=EDGE_CURVE('',#2487,#2485,#1189,.T.);
#3060=EDGE_CURVE('',#2486,#2487,#1190,.T.);
#3061=EDGE_CURVE('',#2486,#2488,#1191,.T.);
#3062=EDGE_CURVE('',#2489,#2487,#1192,.T.);
#3063=EDGE_CURVE('',#2489,#2488,#1193,.T.);
#3064=EDGE_CURVE('',#2488,#2482,#1194,.T.);
#3065=EDGE_CURVE('',#2484,#2489,#1195,.T.);
#3066=EDGE_CURVE('',#2490,#2491,#1196,.T.);
#3067=EDGE_CURVE('',#2490,#2492,#1197,.T.);
#3068=EDGE_CURVE('',#2493,#2492,#1198,.T.);
#3069=EDGE_CURVE('',#2491,#2493,#1199,.T.);
#3070=EDGE_CURVE('',#2491,#2494,#1200,.T.);
#3071=EDGE_CURVE('',#2495,#2493,#1201,.T.);
#3072=EDGE_CURVE('',#2494,#2495,#1202,.T.);
#3073=EDGE_CURVE('',#2494,#2496,#1203,.T.);
#3074=EDGE_CURVE('',#2497,#2495,#1204,.T.);
#3075=EDGE_CURVE('',#2497,#2496,#1205,.T.);
#3076=EDGE_CURVE('',#2496,#2490,#1206,.T.);
#3077=EDGE_CURVE('',#2492,#2497,#1207,.T.);
#3078=EDGE_CURVE('',#2498,#2499,#1208,.T.);
#3079=EDGE_CURVE('',#2500,#2498,#1209,.T.);
#3080=EDGE_CURVE('',#2501,#2500,#1210,.T.);
#3081=EDGE_CURVE('',#2499,#2501,#1211,.T.);
#3082=EDGE_CURVE('',#2502,#2500,#1212,.T.);
#3083=EDGE_CURVE('',#2503,#2502,#1213,.T.);
#3084=EDGE_CURVE('',#2501,#2503,#1214,.T.);
#3085=EDGE_CURVE('',#2504,#2505,#1215,.T.);
#3086=EDGE_CURVE('',#2498,#2504,#1216,.T.);
#3087=EDGE_CURVE('',#2505,#2499,#1217,.T.);
#3088=EDGE_CURVE('',#2502,#2504,#1218,.T.);
#3089=EDGE_CURVE('',#2505,#2506,#1219,.T.);
#3090=EDGE_CURVE('',#2506,#2507,#1220,.T.);
#3091=EDGE_CURVE('',#2508,#2507,#1221,.T.);
#3092=EDGE_CURVE('',#2509,#2508,#1222,.T.);
#3093=EDGE_CURVE('',#2509,#2503,#1223,.T.);
#3094=EDGE_CURVE('',#2510,#2511,#1224,.T.);
#3095=EDGE_CURVE('',#2512,#2510,#1225,.T.);
#3096=EDGE_CURVE('',#2513,#2512,#1226,.T.);
#3097=EDGE_CURVE('',#2511,#2513,#1227,.T.);
#3098=EDGE_CURVE('',#2514,#2512,#1228,.T.);
#3099=EDGE_CURVE('',#2515,#2514,#1229,.T.);
#3100=EDGE_CURVE('',#2513,#2515,#1230,.T.);
#3101=EDGE_CURVE('',#2516,#2514,#1231,.T.);
#3102=EDGE_CURVE('',#2517,#2516,#1232,.T.);
#3103=EDGE_CURVE('',#2515,#2517,#1233,.T.);
#3104=EDGE_CURVE('',#2510,#2516,#1234,.T.);
#3105=EDGE_CURVE('',#2517,#2511,#1235,.T.);
#3106=EDGE_CURVE('',#2518,#2519,#1236,.T.);
#3107=EDGE_CURVE('',#2520,#2518,#1237,.T.);
#3108=EDGE_CURVE('',#2521,#2520,#1238,.T.);
#3109=EDGE_CURVE('',#2519,#2521,#1239,.T.);
#3110=EDGE_CURVE('',#2522,#2520,#1240,.T.);
#3111=EDGE_CURVE('',#2523,#2522,#1241,.T.);
#3112=EDGE_CURVE('',#2521,#2523,#1242,.T.);
#3113=EDGE_CURVE('',#2524,#2522,#1243,.T.);
#3114=EDGE_CURVE('',#2525,#2524,#1244,.T.);
#3115=EDGE_CURVE('',#2523,#2525,#1245,.T.);
#3116=EDGE_CURVE('',#2518,#2524,#1246,.T.);
#3117=EDGE_CURVE('',#2525,#2519,#1247,.T.);
#3118=EDGE_CURVE('',#2526,#2527,#1248,.T.);
#3119=EDGE_CURVE('',#2528,#2526,#1249,.T.);
#3120=EDGE_CURVE('',#2529,#2528,#1250,.T.);
#3121=EDGE_CURVE('',#2527,#2529,#1251,.T.);
#3122=EDGE_CURVE('',#2527,#2530,#1252,.T.);
#3123=EDGE_CURVE('',#2531,#2529,#1253,.T.);
#3124=EDGE_CURVE('',#2531,#2530,#1254,.T.);
#3125=EDGE_CURVE('',#2530,#2532,#1255,.T.);
#3126=EDGE_CURVE('',#2533,#2531,#1256,.T.);
#3127=EDGE_CURVE('',#2532,#2533,#1257,.T.);
#3128=EDGE_CURVE('',#2528,#2533,#1258,.T.);
#3129=EDGE_CURVE('',#2532,#2526,#1259,.T.);
#3130=EDGE_CURVE('',#2534,#2535,#1260,.T.);
#3131=EDGE_CURVE('',#2536,#2534,#1261,.T.);
#3132=EDGE_CURVE('',#2537,#2536,#1262,.T.);
#3133=EDGE_CURVE('',#2535,#2537,#1263,.T.);
#3134=EDGE_CURVE('',#2535,#2538,#1264,.T.);
#3135=EDGE_CURVE('',#2539,#2537,#1265,.T.);
#3136=EDGE_CURVE('',#2539,#2538,#1266,.T.);
#3137=EDGE_CURVE('',#2538,#2540,#1267,.T.);
#3138=EDGE_CURVE('',#2541,#2539,#1268,.T.);
#3139=EDGE_CURVE('',#2540,#2541,#1269,.T.);
#3140=EDGE_CURVE('',#2536,#2541,#1270,.T.);
#3141=EDGE_CURVE('',#2540,#2534,#1271,.T.);
#3142=EDGE_CURVE('',#2542,#2542,#194,.T.);
#3143=EDGE_CURVE('',#2542,#2543,#1272,.T.);
#3144=EDGE_CURVE('',#2543,#2543,#195,.T.);
#3145=EDGE_CURVE('',#2544,#2544,#196,.T.);
#3146=EDGE_CURVE('',#2544,#2545,#1273,.T.);
#3147=EDGE_CURVE('',#2545,#2545,#197,.T.);
#3148=EDGE_CURVE('',#2546,#2546,#198,.T.);
#3149=EDGE_CURVE('',#2546,#2547,#1274,.T.);
#3150=EDGE_CURVE('',#2547,#2547,#199,.T.);
#3151=EDGE_CURVE('',#2548,#2548,#200,.T.);
#3152=EDGE_CURVE('',#2548,#2549,#1275,.T.);
#3153=EDGE_CURVE('',#2549,#2549,#201,.T.);
#3154=EDGE_CURVE('',#2550,#2551,#1276,.T.);
#3155=EDGE_CURVE('',#2550,#2552,#1277,.T.);
#3156=EDGE_CURVE('',#2553,#2552,#1278,.T.);
#3157=EDGE_CURVE('',#2551,#2553,#1279,.T.);
#3158=EDGE_CURVE('',#2554,#2555,#1280,.T.);
#3159=EDGE_CURVE('',#2556,#2554,#1281,.T.);
#3160=EDGE_CURVE('',#2557,#2556,#1282,.T.);
#3161=EDGE_CURVE('',#2557,#2555,#1283,.T.);
#3162=EDGE_CURVE('',#2558,#2509,#1284,.T.);
#3163=EDGE_CURVE('',#2552,#2558,#1285,.T.);
#3164=EDGE_CURVE('',#2555,#2550,#1286,.T.);
#3165=EDGE_CURVE('',#2559,#2557,#1287,.T.);
#3166=EDGE_CURVE('',#2559,#2560,#1288,.T.);
#3167=EDGE_CURVE('',#2560,#2561,#1289,.T.);
#3168=EDGE_CURVE('',#2561,#2562,#1290,.T.);
#3169=EDGE_CURVE('',#2563,#2562,#1291,.T.);
#3170=EDGE_CURVE('',#2506,#2563,#1292,.T.);
#3171=EDGE_CURVE('',#2564,#2556,#1293,.T.);
#3172=EDGE_CURVE('',#2564,#2563,#1294,.T.);
#3173=EDGE_CURVE('',#2562,#2565,#1295,.T.);
#3174=EDGE_CURVE('',#2565,#2566,#1296,.T.);
#3175=EDGE_CURVE('',#2566,#2559,#1297,.T.);
#3176=EDGE_CURVE('',#2558,#2567,#1298,.T.);
#3177=EDGE_CURVE('',#2553,#2567,#1299,.T.);
#3178=EDGE_CURVE('',#2554,#2568,#1300,.T.);
#3179=EDGE_CURVE('',#2564,#2568,#1301,.T.);
#3180=EDGE_CURVE('',#2569,#2567,#1302,.T.);
#3181=EDGE_CURVE('',#2570,#2569,#1303,.T.);
#3182=EDGE_CURVE('',#2570,#2571,#1304,.T.);
#3183=EDGE_CURVE('',#2571,#2551,#1305,.T.);
#3184=EDGE_CURVE('',#2572,#2573,#1306,.T.);
#3185=EDGE_CURVE('',#2572,#2561,#1307,.T.);
#3186=EDGE_CURVE('',#2573,#2560,#1308,.T.);
#3187=EDGE_CURVE('',#2574,#2575,#1309,.T.);
#3188=EDGE_CURVE('',#2574,#2576,#1310,.T.);
#3189=EDGE_CURVE('',#2577,#2576,#1311,.T.);
#3190=EDGE_CURVE('',#2577,#2565,#1312,.T.);
#3191=EDGE_CURVE('',#2575,#2572,#1313,.T.);
#3192=EDGE_CURVE('',#2578,#2574,#1314,.T.);
#3193=EDGE_CURVE('',#2579,#2578,#1315,.T.);
#3194=EDGE_CURVE('',#2576,#2579,#1316,.T.);
#3195=EDGE_CURVE('',#2579,#2580,#1317,.T.);
#3196=EDGE_CURVE('',#2580,#2577,#1318,.T.);
#3197=EDGE_CURVE('',#2581,#2578,#1319,.T.);
#3198=EDGE_CURVE('',#2573,#2581,#1320,.T.);
#3199=EDGE_CURVE('',#2566,#2580,#1321,.T.);
#3200=EDGE_CURVE('',#2582,#2583,#202,.T.);
#3201=EDGE_CURVE('',#2582,#2584,#1322,.T.);
#3202=EDGE_CURVE('',#2585,#2584,#203,.T.);
#3203=EDGE_CURVE('',#2585,#2586,#1323,.T.);
#3204=EDGE_CURVE('',#2587,#2586,#204,.T.);
#3205=EDGE_CURVE('',#2587,#2588,#1324,.T.);
#3206=EDGE_CURVE('',#2589,#2588,#205,.T.);
#3207=EDGE_CURVE('',#2589,#2583,#1325,.T.);
#3208=EDGE_CURVE('',#2590,#2591,#1326,.T.);
#3209=EDGE_CURVE('',#2591,#2508,#1327,.T.);
#3210=EDGE_CURVE('',#2507,#2590,#1328,.T.);
#3211=EDGE_CURVE('',#2592,#2593,#206,.T.);
#3212=EDGE_CURVE('',#2592,#2587,#1329,.T.);
#3213=EDGE_CURVE('',#2586,#2593,#1330,.T.);
#3214=EDGE_CURVE('',#2593,#2594,#1331,.T.);
#3215=EDGE_CURVE('',#2594,#2585,#1332,.T.);
#3216=EDGE_CURVE('',#2594,#2595,#207,.T.);
#3217=EDGE_CURVE('',#2584,#2595,#1333,.T.);
#3218=EDGE_CURVE('',#2595,#2596,#1334,.T.);
#3219=EDGE_CURVE('',#2596,#2582,#1335,.T.);
#3220=EDGE_CURVE('',#2596,#2597,#208,.T.);
#3221=EDGE_CURVE('',#2583,#2597,#1336,.T.);
#3222=EDGE_CURVE('',#2597,#2598,#1337,.T.);
#3223=EDGE_CURVE('',#2598,#2589,#1338,.T.);
#3224=EDGE_CURVE('',#2598,#2599,#209,.T.);
#3225=EDGE_CURVE('',#2588,#2599,#1339,.T.);
#3226=EDGE_CURVE('',#2599,#2592,#1340,.T.);
#3227=EDGE_CURVE('',#2600,#2598,#210,.T.);
#3228=EDGE_CURVE('',#2600,#2601,#1341,.T.);
#3229=EDGE_CURVE('',#2597,#2601,#211,.T.);
#3230=EDGE_CURVE('',#2602,#2599,#212,.T.);
#3231=EDGE_CURVE('',#2602,#2600,#213,.T.);
#3232=EDGE_CURVE('',#2603,#2592,#214,.T.);
#3233=EDGE_CURVE('',#2603,#2602,#1342,.T.);
#3234=EDGE_CURVE('',#2604,#2593,#215,.T.);
#3235=EDGE_CURVE('',#2604,#2603,#216,.T.);
#3236=EDGE_CURVE('',#2605,#2594,#217,.T.);
#3237=EDGE_CURVE('',#2605,#2604,#1343,.T.);
#3238=EDGE_CURVE('',#2606,#2595,#218,.T.);
#3239=EDGE_CURVE('',#2606,#2605,#219,.T.);
#3240=EDGE_CURVE('',#2607,#2596,#220,.T.);
#3241=EDGE_CURVE('',#2607,#2606,#1344,.T.);
#3242=EDGE_CURVE('',#2601,#2607,#221,.T.);
#3243=EDGE_CURVE('',#2569,#2591,#1345,.T.);
#3244=EDGE_CURVE('',#2590,#2608,#1346,.T.);
#3245=EDGE_CURVE('',#2608,#2609,#1347,.T.);
#3246=EDGE_CURVE('',#2609,#2570,#1348,.T.);
#3247=EDGE_CURVE('',#2610,#2608,#1349,.T.);
#3248=EDGE_CURVE('',#2611,#2610,#1350,.T.);
#3249=EDGE_CURVE('',#2609,#2611,#1351,.T.);
#3250=EDGE_CURVE('',#2612,#2612,#222,.T.);
#3251=EDGE_CURVE('',#2613,#2613,#223,.T.);
#3252=EDGE_CURVE('',#2614,#2614,#224,.T.);
#3253=EDGE_CURVE('',#2615,#2615,#225,.T.);
#3254=EDGE_CURVE('',#2616,#2617,#1352,.T.);
#3255=EDGE_CURVE('',#2618,#2617,#226,.T.);
#3256=EDGE_CURVE('',#2618,#2619,#1353,.T.);
#3257=EDGE_CURVE('',#2620,#2619,#227,.T.);
#3258=EDGE_CURVE('',#2620,#2621,#1354,.T.);
#3259=EDGE_CURVE('',#2622,#2621,#228,.T.);
#3260=EDGE_CURVE('',#2622,#2623,#1355,.T.);
#3261=EDGE_CURVE('',#2616,#2623,#229,.T.);
#3262=EDGE_CURVE('',#2611,#2571,#1356,.T.);
#3263=EDGE_CURVE('',#2610,#2568,#1357,.T.);
#3264=EDGE_CURVE('',#2624,#2625,#1358,.T.);
#3265=EDGE_CURVE('',#2621,#2624,#1359,.T.);
#3266=EDGE_CURVE('',#2625,#2620,#1360,.T.);
#3267=EDGE_CURVE('',#2625,#2626,#230,.T.);
#3268=EDGE_CURVE('',#2619,#2626,#1361,.T.);
#3269=EDGE_CURVE('',#2626,#2627,#1362,.T.);
#3270=EDGE_CURVE('',#2627,#2618,#1363,.T.);
#3271=EDGE_CURVE('',#2627,#2628,#231,.T.);
#3272=EDGE_CURVE('',#2617,#2628,#1364,.T.);
#3273=EDGE_CURVE('',#2629,#2630,#1365,.T.);
#3274=EDGE_CURVE('',#2631,#2629,#232,.T.);
#3275=EDGE_CURVE('',#2632,#2631,#1366,.T.);
#3276=EDGE_CURVE('',#2633,#2632,#233,.T.);
#3277=EDGE_CURVE('',#2634,#2633,#1367,.T.);
#3278=EDGE_CURVE('',#2635,#2634,#234,.T.);
#3279=EDGE_CURVE('',#2636,#2635,#1368,.T.);
#3280=EDGE_CURVE('',#2630,#2636,#235,.T.);
#3281=EDGE_CURVE('',#2628,#2637,#1369,.T.);
#3282=EDGE_CURVE('',#2637,#2616,#1370,.T.);
#3283=EDGE_CURVE('',#2637,#2638,#236,.T.);
#3284=EDGE_CURVE('',#2623,#2638,#1371,.T.);
#3285=EDGE_CURVE('',#2638,#2639,#1372,.T.);
#3286=EDGE_CURVE('',#2639,#2622,#1373,.T.);
#3287=EDGE_CURVE('',#2639,#2624,#237,.T.);
#3288=EDGE_CURVE('',#2627,#2636,#1374,.T.);
#3289=EDGE_CURVE('',#2630,#2628,#1375,.T.);
#3290=EDGE_CURVE('',#2626,#2635,#1376,.T.);
#3291=EDGE_CURVE('',#2625,#2634,#1377,.T.);
#3292=EDGE_CURVE('',#2624,#2633,#1378,.T.);
#3293=EDGE_CURVE('',#2639,#2632,#1379,.T.);
#3294=EDGE_CURVE('',#2638,#2631,#1380,.T.);
#3295=EDGE_CURVE('',#2637,#2629,#1381,.T.);
#3296=EDGE_CURVE('',#2640,#2640,#238,.T.);
#3297=EDGE_CURVE('',#2641,#2641,#239,.T.);
#3298=EDGE_CURVE('',#2640,#2615,#1382,.T.);
#3299=EDGE_CURVE('',#2642,#2642,#240,.T.);
#3300=EDGE_CURVE('',#2643,#2643,#241,.T.);
#3301=EDGE_CURVE('',#2642,#2614,#1383,.T.);
#3302=EDGE_CURVE('',#2644,#2644,#242,.T.);
#3303=EDGE_CURVE('',#2645,#2645,#243,.T.);
#3304=EDGE_CURVE('',#2644,#2613,#1384,.T.);
#3305=EDGE_CURVE('',#2646,#2646,#244,.T.);
#3306=EDGE_CURVE('',#2647,#2647,#245,.T.);
#3307=EDGE_CURVE('',#2646,#2612,#1385,.T.);
#3308=EDGE_CURVE('',#2648,#2648,#246,.T.);
#3309=EDGE_CURVE('',#2648,#2647,#1386,.T.);
#3310=EDGE_CURVE('',#2649,#2649,#247,.T.);
#3311=EDGE_CURVE('',#2649,#2645,#1387,.T.);
#3312=EDGE_CURVE('',#2650,#2650,#248,.T.);
#3313=EDGE_CURVE('',#2650,#2643,#1388,.T.);
#3314=EDGE_CURVE('',#2651,#2651,#249,.T.);
#3315=EDGE_CURVE('',#2651,#2641,#1389,.T.);
#3316=EDGE_CURVE('',#2652,#2581,#1390,.T.);
#3317=EDGE_CURVE('',#2653,#2652,#1391,.T.);
#3318=EDGE_CURVE('',#2654,#2653,#1392,.T.);
#3319=EDGE_CURVE('',#2655,#2654,#1393,.T.);
#3320=EDGE_CURVE('',#2575,#2655,#1394,.T.);
#3321=EDGE_CURVE('',#2656,#2652,#1395,.T.);
#3322=EDGE_CURVE('',#2656,#2657,#1396,.T.);
#3323=EDGE_CURVE('',#2657,#2653,#1397,.T.);
#3324=EDGE_CURVE('',#2655,#2658,#1398,.T.);
#3325=EDGE_CURVE('',#2658,#2656,#1399,.T.);
#3326=EDGE_CURVE('',#2659,#2654,#1400,.T.);
#3327=EDGE_CURVE('',#2659,#2658,#1401,.T.);
#3328=EDGE_CURVE('',#2657,#2659,#1402,.T.);
#3329=EDGE_CURVE('',#2660,#2661,#1403,.T.);
#3330=EDGE_CURVE('',#2661,#2662,#1404,.T.);
#3331=EDGE_CURVE('',#2663,#2662,#1405,.T.);
#3332=EDGE_CURVE('',#2663,#2660,#1406,.T.);
#3333=EDGE_CURVE('',#2664,#2661,#1407,.T.);
#3334=EDGE_CURVE('',#2665,#2664,#1408,.T.);
#3335=EDGE_CURVE('',#2662,#2665,#1409,.T.);
#3336=EDGE_CURVE('',#2666,#2663,#1410,.T.);
#3337=EDGE_CURVE('',#2666,#2667,#1411,.T.);
#3338=EDGE_CURVE('',#2668,#2667,#1412,.T.);
#3339=EDGE_CURVE('',#2660,#2668,#1413,.T.);
#3340=EDGE_CURVE('',#2664,#2668,#1414,.T.);
#3341=EDGE_CURVE('',#2665,#2667,#1415,.T.);
#3342=EDGE_CURVE('',#2669,#2670,#1416,.T.);
#3343=EDGE_CURVE('',#2670,#2671,#1417,.T.);
#3344=EDGE_CURVE('',#2671,#2672,#1418,.T.);
#3345=EDGE_CURVE('',#2672,#2669,#1419,.T.);
#3346=EDGE_CURVE('',#2673,#2673,#250,.T.);
#3347=EDGE_CURVE('',#2674,#2674,#251,.T.);
#3348=EDGE_CURVE('',#2667,#2675,#1420,.T.);
#3349=EDGE_CURVE('',#2675,#2676,#1421,.T.);
#3350=EDGE_CURVE('',#2676,#2677,#1422,.T.);
#3351=EDGE_CURVE('',#2677,#2666,#1423,.T.);
#3352=EDGE_CURVE('',#2678,#2678,#252,.T.);
#3353=EDGE_CURVE('',#2679,#2679,#253,.T.);
#3354=EDGE_CURVE('',#2679,#2678,#1424,.T.);
#3355=EDGE_CURVE('',#2680,#2680,#254,.T.);
#3356=EDGE_CURVE('',#2681,#2681,#255,.T.);
#3357=EDGE_CURVE('',#2681,#2680,#1425,.T.);
#3358=EDGE_CURVE('',#2682,#2683,#1426,.T.);
#3359=EDGE_CURVE('',#2682,#2666,#1427,.T.);
#3360=EDGE_CURVE('',#2683,#2677,#1428,.T.);
#3361=EDGE_CURVE('',#2683,#2684,#1429,.T.);
#3362=EDGE_CURVE('',#2684,#2676,#1430,.T.);
#3363=EDGE_CURVE('',#2684,#2685,#1431,.T.);
#3364=EDGE_CURVE('',#2675,#2685,#1432,.T.);
#3365=EDGE_CURVE('',#2685,#2682,#1433,.T.);
#3366=EDGE_CURVE('',#2674,#2686,#1434,.T.);
#3367=EDGE_CURVE('',#2686,#2686,#256,.T.);
#3368=EDGE_CURVE('',#2686,#2687,#1435,.T.);
#3369=EDGE_CURVE('',#2687,#2687,#257,.T.);
#3370=EDGE_CURVE('',#2673,#2688,#1436,.T.);
#3371=EDGE_CURVE('',#2688,#2688,#258,.T.);
#3372=EDGE_CURVE('',#2688,#2689,#1437,.T.);
#3373=EDGE_CURVE('',#2689,#2689,#259,.T.);
#3374=EDGE_CURVE('',#2690,#2691,#1438,.T.);
#3375=EDGE_CURVE('',#2692,#2690,#1439,.T.);
#3376=EDGE_CURVE('',#2692,#2693,#1440,.T.);
#3377=EDGE_CURVE('',#2691,#2693,#1441,.T.);
#3378=EDGE_CURVE('',#2694,#2690,#1442,.T.);
#3379=EDGE_CURVE('',#2694,#2695,#1443,.T.);
#3380=EDGE_CURVE('',#2695,#2692,#1444,.T.);
#3381=EDGE_CURVE('',#2696,#2695,#1445,.T.);
#3382=EDGE_CURVE('',#2693,#2696,#1446,.T.);
#3383=EDGE_CURVE('',#2697,#2694,#1447,.T.);
#3384=EDGE_CURVE('',#2696,#2697,#1448,.T.);
#3385=EDGE_CURVE('',#2691,#2697,#1449,.T.);
#3386=EDGE_CURVE('',#2698,#2699,#1450,.T.);
#3387=EDGE_CURVE('',#2700,#2698,#1451,.T.);
#3388=EDGE_CURVE('',#2700,#2701,#1452,.T.);
#3389=EDGE_CURVE('',#2699,#2701,#1453,.T.);
#3390=EDGE_CURVE('',#2702,#2698,#1454,.T.);
#3391=EDGE_CURVE('',#2702,#2703,#1455,.T.);
#3392=EDGE_CURVE('',#2703,#2700,#1456,.T.);
#3393=EDGE_CURVE('',#2704,#2703,#1457,.T.);
#3394=EDGE_CURVE('',#2701,#2704,#1458,.T.);
#3395=EDGE_CURVE('',#2705,#2702,#1459,.T.);
#3396=EDGE_CURVE('',#2704,#2705,#1460,.T.);
#3397=EDGE_CURVE('',#2699,#2705,#1461,.T.);
#3398=EDGE_CURVE('',#2706,#2707,#1462,.T.);
#3399=EDGE_CURVE('',#2707,#2708,#1463,.T.);
#3400=EDGE_CURVE('',#2708,#2709,#1464,.T.);
#3401=EDGE_CURVE('',#2709,#2706,#1465,.T.);
#3402=EDGE_CURVE('',#2669,#2707,#1466,.T.);
#3403=EDGE_CURVE('',#2708,#2672,#1467,.T.);
#3404=EDGE_CURVE('',#2709,#2671,#1468,.T.);
#3405=EDGE_CURVE('',#2706,#2670,#1469,.T.);
#3406=EDGE_CURVE('',#2710,#2711,#1470,.T.);
#3407=EDGE_CURVE('',#2710,#2712,#1471,.T.);
#3408=EDGE_CURVE('',#2712,#2713,#1472,.T.);
#3409=EDGE_CURVE('',#2711,#2713,#1473,.T.);
#3410=EDGE_CURVE('',#2711,#2714,#1474,.T.);
#3411=EDGE_CURVE('',#2713,#2715,#1475,.T.);
#3412=EDGE_CURVE('',#2714,#2715,#1476,.T.);
#3413=EDGE_CURVE('',#2714,#2716,#1477,.T.);
#3414=EDGE_CURVE('',#2715,#2717,#1478,.T.);
#3415=EDGE_CURVE('',#2717,#2716,#1479,.T.);
#3416=EDGE_CURVE('',#2716,#2710,#1480,.T.);
#3417=EDGE_CURVE('',#2717,#2712,#1481,.T.);
#3418=EDGE_CURVE('',#2718,#2719,#1482,.T.);
#3419=EDGE_CURVE('',#2720,#2718,#1483,.T.);
#3420=EDGE_CURVE('',#2721,#2720,#1484,.T.);
#3421=EDGE_CURVE('',#2719,#2721,#1485,.T.);
#3422=EDGE_CURVE('',#2722,#2723,#1486,.T.);
#3423=EDGE_CURVE('',#2722,#2724,#1487,.T.);
#3424=EDGE_CURVE('',#2724,#2725,#1488,.T.);
#3425=EDGE_CURVE('',#2723,#2725,#1489,.T.);
#3426=EDGE_CURVE('',#2723,#2726,#1490,.T.);
#3427=EDGE_CURVE('',#2725,#2727,#1491,.T.);
#3428=EDGE_CURVE('',#2726,#2727,#1492,.T.);
#3429=EDGE_CURVE('',#2726,#2728,#1493,.T.);
#3430=EDGE_CURVE('',#2727,#2729,#1494,.T.);
#3431=EDGE_CURVE('',#2729,#2728,#1495,.T.);
#3432=EDGE_CURVE('',#2728,#2722,#1496,.T.);
#3433=EDGE_CURVE('',#2729,#2724,#1497,.T.);
#3434=EDGE_CURVE('',#2730,#2731,#1498,.T.);
#3435=EDGE_CURVE('',#2732,#2730,#1499,.T.);
#3436=EDGE_CURVE('',#2733,#2732,#1500,.T.);
#3437=EDGE_CURVE('',#2731,#2733,#1501,.T.);
#3438=EDGE_CURVE('',#2720,#2734,#1502,.T.);
#3439=EDGE_CURVE('',#2735,#2734,#1503,.T.);
#3440=EDGE_CURVE('',#2735,#2721,#1504,.T.);
#3441=EDGE_CURVE('',#2718,#2736,#1505,.T.);
#3442=EDGE_CURVE('',#2734,#2736,#1506,.T.);
#3443=EDGE_CURVE('',#2732,#2737,#1507,.T.);
#3444=EDGE_CURVE('',#2738,#2737,#1508,.T.);
#3445=EDGE_CURVE('',#2738,#2733,#1509,.T.);
#3446=EDGE_CURVE('',#2730,#2739,#1510,.T.);
#3447=EDGE_CURVE('',#2737,#2739,#1511,.T.);
#3448=EDGE_CURVE('',#2719,#2740,#1512,.T.);
#3449=EDGE_CURVE('',#2736,#2740,#1513,.T.);
#3450=EDGE_CURVE('',#2740,#2735,#1514,.T.);
#3451=EDGE_CURVE('',#2731,#2741,#1515,.T.);
#3452=EDGE_CURVE('',#2739,#2741,#1516,.T.);
#3453=EDGE_CURVE('',#2741,#2738,#1517,.T.);
#3454=EDGE_CURVE('',#2742,#2743,#1518,.T.);
#3455=EDGE_CURVE('',#2744,#2742,#1519,.T.);
#3456=EDGE_CURVE('',#2745,#2744,#1520,.T.);
#3457=EDGE_CURVE('',#2746,#2745,#1521,.T.);
#3458=EDGE_CURVE('',#2747,#2746,#1522,.T.);
#3459=EDGE_CURVE('',#2747,#2743,#1523,.T.);
#3460=EDGE_CURVE('',#2743,#2748,#1524,.T.);
#3461=EDGE_CURVE('',#2749,#2747,#1525,.T.);
#3462=EDGE_CURVE('',#2750,#2749,#1526,.T.);
#3463=EDGE_CURVE('',#2751,#2750,#1527,.T.);
#3464=EDGE_CURVE('',#2748,#2751,#1528,.T.);
#3465=EDGE_CURVE('',#2748,#2752,#1529,.T.);
#3466=EDGE_CURVE('',#2753,#2751,#1530,.T.);
#3467=EDGE_CURVE('',#2754,#2753,#1531,.T.);
#3468=EDGE_CURVE('',#2755,#2754,#1532,.T.);
#3469=EDGE_CURVE('',#2755,#2752,#1533,.T.);
#3470=EDGE_CURVE('',#2752,#2742,#1534,.T.);
#3471=EDGE_CURVE('',#2744,#2755,#1535,.T.);
#3472=EDGE_CURVE('',#2756,#2757,#260,.T.);
#3473=EDGE_CURVE('',#2758,#2756,#1536,.T.);
#3474=EDGE_CURVE('',#2759,#2758,#261,.T.);
#3475=EDGE_CURVE('',#2760,#2759,#1537,.T.);
#3476=EDGE_CURVE('',#2761,#2760,#262,.T.);
#3477=EDGE_CURVE('',#2762,#2761,#1538,.T.);
#3478=EDGE_CURVE('',#2763,#2762,#263,.T.);
#3479=EDGE_CURVE('',#2757,#2763,#1539,.T.);
#3480=EDGE_CURVE('',#2754,#2764,#1540,.T.);
#3481=EDGE_CURVE('',#2764,#2765,#1541,.T.);
#3482=EDGE_CURVE('',#2765,#2766,#1542,.T.);
#3483=EDGE_CURVE('',#2766,#2767,#1543,.T.);
#3484=EDGE_CURVE('',#2767,#2768,#1544,.T.);
#3485=EDGE_CURVE('',#2768,#2769,#1545,.T.);
#3486=EDGE_CURVE('',#2769,#2745,#1546,.T.);
#3487=EDGE_CURVE('',#2753,#2770,#1547,.T.);
#3488=EDGE_CURVE('',#2764,#2770,#1548,.T.);
#3489=EDGE_CURVE('',#2771,#2750,#1549,.T.);
#3490=EDGE_CURVE('',#2772,#2771,#1550,.T.);
#3491=EDGE_CURVE('',#2770,#2772,#1551,.T.);
#3492=EDGE_CURVE('',#2772,#2765,#1552,.T.);
#3493=EDGE_CURVE('',#2766,#2773,#1553,.T.);
#3494=EDGE_CURVE('',#2767,#2773,#1554,.T.);
#3495=EDGE_CURVE('',#2773,#2749,#1555,.T.);
#3496=EDGE_CURVE('',#2773,#2771,#1556,.T.);
#3497=EDGE_CURVE('',#2773,#2774,#1557,.T.);
#3498=EDGE_CURVE('',#2774,#2768,#1558,.T.);
#3499=EDGE_CURVE('',#2775,#2774,#1559,.T.);
#3500=EDGE_CURVE('',#2769,#2775,#1560,.T.);
#3501=EDGE_CURVE('',#2775,#2746,#1561,.T.);
#3502=EDGE_CURVE('',#2776,#2776,#264,.T.);
#3503=EDGE_CURVE('',#2776,#2777,#1562,.T.);
#3504=EDGE_CURVE('',#2777,#2777,#265,.T.);
#3505=EDGE_CURVE('',#2778,#2756,#266,.T.);
#3506=EDGE_CURVE('',#2757,#2779,#267,.T.);
#3507=EDGE_CURVE('',#2779,#2778,#268,.T.);
#3508=EDGE_CURVE('',#2763,#2780,#269,.T.);
#3509=EDGE_CURVE('',#2780,#2779,#1563,.T.);
#3510=EDGE_CURVE('',#2762,#2781,#270,.T.);
#3511=EDGE_CURVE('',#2781,#2780,#271,.T.);
#3512=EDGE_CURVE('',#2761,#2782,#272,.T.);
#3513=EDGE_CURVE('',#2782,#2781,#1564,.T.);
#3514=EDGE_CURVE('',#2760,#2783,#273,.T.);
#3515=EDGE_CURVE('',#2783,#2782,#274,.T.);
#3516=EDGE_CURVE('',#2759,#2784,#275,.T.);
#3517=EDGE_CURVE('',#2784,#2783,#1565,.T.);
#3518=EDGE_CURVE('',#2758,#2785,#276,.T.);
#3519=EDGE_CURVE('',#2785,#2784,#277,.T.);
#3520=EDGE_CURVE('',#2778,#2785,#1566,.T.);
#3521=EDGE_CURVE('',#2786,#2784,#1567,.T.);
#3522=EDGE_CURVE('',#2787,#2786,#1568,.T.);
#3523=EDGE_CURVE('',#2783,#2787,#1569,.T.);
#3524=EDGE_CURVE('',#2785,#2788,#1570,.T.);
#3525=EDGE_CURVE('',#2788,#2786,#278,.T.);
#3526=EDGE_CURVE('',#2789,#2778,#1571,.T.);
#3527=EDGE_CURVE('',#2788,#2789,#1572,.T.);
#3528=EDGE_CURVE('',#2779,#2790,#1573,.T.);
#3529=EDGE_CURVE('',#2790,#2789,#279,.T.);
#3530=EDGE_CURVE('',#2791,#2780,#1574,.T.);
#3531=EDGE_CURVE('',#2790,#2791,#1575,.T.);
#3532=EDGE_CURVE('',#2781,#2792,#1576,.T.);
#3533=EDGE_CURVE('',#2792,#2791,#280,.T.);
#3534=EDGE_CURVE('',#2793,#2782,#1577,.T.);
#3535=EDGE_CURVE('',#2792,#2793,#1578,.T.);
#3536=EDGE_CURVE('',#2787,#2793,#281,.T.);
#3537=EDGE_CURVE('',#2794,#2795,#1579,.T.);
#3538=EDGE_CURVE('',#2795,#2796,#1580,.T.);
#3539=EDGE_CURVE('',#2796,#2797,#1581,.T.);
#3540=EDGE_CURVE('',#2797,#2794,#1582,.T.);
#3541=EDGE_CURVE('',#2798,#2795,#1583,.T.);
#3542=EDGE_CURVE('',#2799,#2798,#1584,.T.);
#3543=EDGE_CURVE('',#2796,#2799,#1585,.T.);
#3544=EDGE_CURVE('',#2800,#2799,#1586,.T.);
#3545=EDGE_CURVE('',#2797,#2800,#1587,.T.);
#3546=EDGE_CURVE('',#2801,#2800,#1588,.T.);
#3547=EDGE_CURVE('',#2794,#2801,#1589,.T.);
#3548=EDGE_CURVE('',#2798,#2801,#1590,.T.);
#3549=EDGE_CURVE('',#2802,#2803,#1591,.T.);
#3550=EDGE_CURVE('',#2803,#2804,#1592,.T.);
#3551=EDGE_CURVE('',#2804,#2805,#1593,.T.);
#3552=EDGE_CURVE('',#2805,#2802,#1594,.T.);
#3553=EDGE_CURVE('',#2806,#2803,#1595,.T.);
#3554=EDGE_CURVE('',#2807,#2806,#1596,.T.);
#3555=EDGE_CURVE('',#2804,#2807,#1597,.T.);
#3556=EDGE_CURVE('',#2808,#2807,#1598,.T.);
#3557=EDGE_CURVE('',#2805,#2808,#1599,.T.);
#3558=EDGE_CURVE('',#2809,#2808,#1600,.T.);
#3559=EDGE_CURVE('',#2802,#2809,#1601,.T.);
#3560=EDGE_CURVE('',#2806,#2809,#1602,.T.);
#3561=EDGE_CURVE('',#2810,#2811,#1603,.T.);
#3562=EDGE_CURVE('',#2811,#2812,#1604,.T.);
#3563=EDGE_CURVE('',#2812,#2813,#1605,.T.);
#3564=EDGE_CURVE('',#2813,#2810,#1606,.T.);
#3565=EDGE_CURVE('',#2814,#2811,#1607,.T.);
#3566=EDGE_CURVE('',#2815,#2814,#1608,.T.);
#3567=EDGE_CURVE('',#2812,#2815,#1609,.T.);
#3568=EDGE_CURVE('',#2816,#2815,#1610,.T.);
#3569=EDGE_CURVE('',#2813,#2816,#1611,.T.);
#3570=EDGE_CURVE('',#2817,#2816,#1612,.T.);
#3571=EDGE_CURVE('',#2810,#2817,#1613,.T.);
#3572=EDGE_CURVE('',#2814,#2817,#1614,.T.);
#3573=EDGE_CURVE('',#2818,#2819,#1615,.T.);
#3574=EDGE_CURVE('',#2819,#2820,#1616,.T.);
#3575=EDGE_CURVE('',#2820,#2821,#1617,.T.);
#3576=EDGE_CURVE('',#2821,#2818,#1618,.T.);
#3577=EDGE_CURVE('',#2822,#2819,#1619,.T.);
#3578=EDGE_CURVE('',#2823,#2822,#1620,.T.);
#3579=EDGE_CURVE('',#2820,#2823,#1621,.T.);
#3580=EDGE_CURVE('',#2824,#2823,#1622,.T.);
#3581=EDGE_CURVE('',#2821,#2824,#1623,.T.);
#3582=EDGE_CURVE('',#2825,#2824,#1624,.T.);
#3583=EDGE_CURVE('',#2818,#2825,#1625,.T.);
#3584=EDGE_CURVE('',#2822,#2825,#1626,.T.);
#3585=EDGE_CURVE('',#2826,#2827,#1627,.T.);
#3586=EDGE_CURVE('',#2827,#2828,#1628,.T.);
#3587=EDGE_CURVE('',#2828,#2829,#1629,.T.);
#3588=EDGE_CURVE('',#2829,#2826,#1630,.T.);
#3589=EDGE_CURVE('',#2830,#2827,#1631,.T.);
#3590=EDGE_CURVE('',#2831,#2830,#1632,.T.);
#3591=EDGE_CURVE('',#2828,#2831,#1633,.T.);
#3592=EDGE_CURVE('',#2832,#2831,#1634,.T.);
#3593=EDGE_CURVE('',#2829,#2832,#1635,.T.);
#3594=EDGE_CURVE('',#2833,#2832,#1636,.T.);
#3595=EDGE_CURVE('',#2826,#2833,#1637,.T.);
#3596=EDGE_CURVE('',#2830,#2833,#1638,.T.);
#3597=EDGE_CURVE('',#2834,#2835,#1639,.T.);
#3598=EDGE_CURVE('',#2835,#2836,#1640,.T.);
#3599=EDGE_CURVE('',#2836,#2837,#1641,.T.);
#3600=EDGE_CURVE('',#2837,#2834,#1642,.T.);
#3601=EDGE_CURVE('',#2838,#2835,#1643,.T.);
#3602=EDGE_CURVE('',#2839,#2838,#1644,.T.);
#3603=EDGE_CURVE('',#2836,#2839,#1645,.T.);
#3604=EDGE_CURVE('',#2840,#2839,#1646,.T.);
#3605=EDGE_CURVE('',#2837,#2840,#1647,.T.);
#3606=EDGE_CURVE('',#2841,#2840,#1648,.T.);
#3607=EDGE_CURVE('',#2834,#2841,#1649,.T.);
#3608=EDGE_CURVE('',#2838,#2841,#1650,.T.);
#3609=EDGE_CURVE('',#2842,#2843,#1651,.T.);
#3610=EDGE_CURVE('',#2843,#2844,#1652,.T.);
#3611=EDGE_CURVE('',#2844,#2845,#1653,.T.);
#3612=EDGE_CURVE('',#2845,#2842,#1654,.T.);
#3613=EDGE_CURVE('',#2846,#2843,#1655,.T.);
#3614=EDGE_CURVE('',#2847,#2846,#1656,.T.);
#3615=EDGE_CURVE('',#2844,#2847,#1657,.T.);
#3616=EDGE_CURVE('',#2848,#2847,#1658,.T.);
#3617=EDGE_CURVE('',#2845,#2848,#1659,.T.);
#3618=EDGE_CURVE('',#2849,#2848,#1660,.T.);
#3619=EDGE_CURVE('',#2842,#2849,#1661,.T.);
#3620=EDGE_CURVE('',#2846,#2849,#1662,.T.);
#3621=ORIENTED_EDGE('',*,*,#2850,.F.);
#3622=ORIENTED_EDGE('',*,*,#2851,.F.);
#3623=ORIENTED_EDGE('',*,*,#2852,.F.);
#3624=ORIENTED_EDGE('',*,*,#2853,.T.);
#3625=ORIENTED_EDGE('',*,*,#2854,.F.);
#3626=ORIENTED_EDGE('',*,*,#2853,.F.);
#3627=ORIENTED_EDGE('',*,*,#2855,.F.);
#3628=ORIENTED_EDGE('',*,*,#2856,.F.);
#3629=ORIENTED_EDGE('',*,*,#2857,.F.);
#3630=ORIENTED_EDGE('',*,*,#2856,.T.);
#3631=ORIENTED_EDGE('',*,*,#2858,.F.);
#3632=ORIENTED_EDGE('',*,*,#2859,.T.);
#3633=ORIENTED_EDGE('',*,*,#2860,.F.);
#3634=ORIENTED_EDGE('',*,*,#2859,.F.);
#3635=ORIENTED_EDGE('',*,*,#2861,.F.);
#3636=ORIENTED_EDGE('',*,*,#2851,.T.);
#3637=ORIENTED_EDGE('',*,*,#2862,.F.);
#3638=ORIENTED_EDGE('',*,*,#2863,.F.);
#3639=ORIENTED_EDGE('',*,*,#2864,.F.);
#3640=ORIENTED_EDGE('',*,*,#2865,.T.);
#3641=ORIENTED_EDGE('',*,*,#2866,.F.);
#3642=ORIENTED_EDGE('',*,*,#2865,.F.);
#3643=ORIENTED_EDGE('',*,*,#2867,.F.);
#3644=ORIENTED_EDGE('',*,*,#2868,.F.);
#3645=ORIENTED_EDGE('',*,*,#2869,.F.);
#3646=ORIENTED_EDGE('',*,*,#2868,.T.);
#3647=ORIENTED_EDGE('',*,*,#2870,.F.);
#3648=ORIENTED_EDGE('',*,*,#2871,.T.);
#3649=ORIENTED_EDGE('',*,*,#2872,.F.);
#3650=ORIENTED_EDGE('',*,*,#2871,.F.);
#3651=ORIENTED_EDGE('',*,*,#2873,.F.);
#3652=ORIENTED_EDGE('',*,*,#2863,.T.);
#3653=ORIENTED_EDGE('',*,*,#2874,.F.);
#3654=ORIENTED_EDGE('',*,*,#2875,.F.);
#3655=ORIENTED_EDGE('',*,*,#2876,.F.);
#3656=ORIENTED_EDGE('',*,*,#2877,.T.);
#3657=ORIENTED_EDGE('',*,*,#2878,.F.);
#3658=ORIENTED_EDGE('',*,*,#2877,.F.);
#3659=ORIENTED_EDGE('',*,*,#2879,.F.);
#3660=ORIENTED_EDGE('',*,*,#2880,.F.);
#3661=ORIENTED_EDGE('',*,*,#2881,.F.);
#3662=ORIENTED_EDGE('',*,*,#2880,.T.);
#3663=ORIENTED_EDGE('',*,*,#2882,.F.);
#3664=ORIENTED_EDGE('',*,*,#2883,.T.);
#3665=ORIENTED_EDGE('',*,*,#2884,.F.);
#3666=ORIENTED_EDGE('',*,*,#2883,.F.);
#3667=ORIENTED_EDGE('',*,*,#2885,.F.);
#3668=ORIENTED_EDGE('',*,*,#2875,.T.);
#3669=ORIENTED_EDGE('',*,*,#2886,.F.);
#3670=ORIENTED_EDGE('',*,*,#2887,.T.);
#3671=ORIENTED_EDGE('',*,*,#2888,.F.);
#3672=ORIENTED_EDGE('',*,*,#2889,.F.);
#3673=ORIENTED_EDGE('',*,*,#2890,.F.);
#3674=ORIENTED_EDGE('',*,*,#2889,.T.);
#3675=ORIENTED_EDGE('',*,*,#2891,.F.);
#3676=ORIENTED_EDGE('',*,*,#2892,.F.);
#3677=ORIENTED_EDGE('',*,*,#2893,.F.);
#3678=ORIENTED_EDGE('',*,*,#2892,.T.);
#3679=ORIENTED_EDGE('',*,*,#2894,.F.);
#3680=ORIENTED_EDGE('',*,*,#2895,.T.);
#3681=ORIENTED_EDGE('',*,*,#2896,.F.);
#3682=ORIENTED_EDGE('',*,*,#2895,.F.);
#3683=ORIENTED_EDGE('',*,*,#2897,.F.);
#3684=ORIENTED_EDGE('',*,*,#2887,.F.);
#3685=ORIENTED_EDGE('',*,*,#2898,.F.);
#3686=ORIENTED_EDGE('',*,*,#2899,.T.);
#3687=ORIENTED_EDGE('',*,*,#2900,.F.);
#3688=ORIENTED_EDGE('',*,*,#2901,.F.);
#3689=ORIENTED_EDGE('',*,*,#2902,.F.);
#3690=ORIENTED_EDGE('',*,*,#2901,.T.);
#3691=ORIENTED_EDGE('',*,*,#2903,.F.);
#3692=ORIENTED_EDGE('',*,*,#2904,.F.);
#3693=ORIENTED_EDGE('',*,*,#2905,.F.);
#3694=ORIENTED_EDGE('',*,*,#2904,.T.);
#3695=ORIENTED_EDGE('',*,*,#2906,.F.);
#3696=ORIENTED_EDGE('',*,*,#2907,.T.);
#3697=ORIENTED_EDGE('',*,*,#2908,.F.);
#3698=ORIENTED_EDGE('',*,*,#2907,.F.);
#3699=ORIENTED_EDGE('',*,*,#2909,.F.);
#3700=ORIENTED_EDGE('',*,*,#2899,.F.);
#3701=ORIENTED_EDGE('',*,*,#2910,.F.);
#3702=ORIENTED_EDGE('',*,*,#2911,.T.);
#3703=ORIENTED_EDGE('',*,*,#2912,.F.);
#3704=ORIENTED_EDGE('',*,*,#2913,.F.);
#3705=ORIENTED_EDGE('',*,*,#2914,.F.);
#3706=ORIENTED_EDGE('',*,*,#2913,.T.);
#3707=ORIENTED_EDGE('',*,*,#2915,.F.);
#3708=ORIENTED_EDGE('',*,*,#2916,.F.);
#3709=ORIENTED_EDGE('',*,*,#2917,.F.);
#3710=ORIENTED_EDGE('',*,*,#2916,.T.);
#3711=ORIENTED_EDGE('',*,*,#2918,.F.);
#3712=ORIENTED_EDGE('',*,*,#2919,.T.);
#3713=ORIENTED_EDGE('',*,*,#2920,.F.);
#3714=ORIENTED_EDGE('',*,*,#2919,.F.);
#3715=ORIENTED_EDGE('',*,*,#2921,.F.);
#3716=ORIENTED_EDGE('',*,*,#2911,.F.);
#3717=ORIENTED_EDGE('',*,*,#2922,.F.);
#3718=ORIENTED_EDGE('',*,*,#2923,.T.);
#3719=ORIENTED_EDGE('',*,*,#2924,.F.);
#3720=ORIENTED_EDGE('',*,*,#2925,.F.);
#3721=ORIENTED_EDGE('',*,*,#2926,.F.);
#3722=ORIENTED_EDGE('',*,*,#2925,.T.);
#3723=ORIENTED_EDGE('',*,*,#2927,.F.);
#3724=ORIENTED_EDGE('',*,*,#2928,.F.);
#3725=ORIENTED_EDGE('',*,*,#2929,.F.);
#3726=ORIENTED_EDGE('',*,*,#2928,.T.);
#3727=ORIENTED_EDGE('',*,*,#2930,.F.);
#3728=ORIENTED_EDGE('',*,*,#2931,.T.);
#3729=ORIENTED_EDGE('',*,*,#2932,.F.);
#3730=ORIENTED_EDGE('',*,*,#2931,.F.);
#3731=ORIENTED_EDGE('',*,*,#2933,.F.);
#3732=ORIENTED_EDGE('',*,*,#2923,.F.);
#3733=ORIENTED_EDGE('',*,*,#2934,.F.);
#3734=ORIENTED_EDGE('',*,*,#2935,.T.);
#3735=ORIENTED_EDGE('',*,*,#2936,.F.);
#3736=ORIENTED_EDGE('',*,*,#2937,.F.);
#3737=ORIENTED_EDGE('',*,*,#2938,.F.);
#3738=ORIENTED_EDGE('',*,*,#2937,.T.);
#3739=ORIENTED_EDGE('',*,*,#2939,.F.);
#3740=ORIENTED_EDGE('',*,*,#2940,.F.);
#3741=ORIENTED_EDGE('',*,*,#2941,.F.);
#3742=ORIENTED_EDGE('',*,*,#2940,.T.);
#3743=ORIENTED_EDGE('',*,*,#2942,.F.);
#3744=ORIENTED_EDGE('',*,*,#2943,.T.);
#3745=ORIENTED_EDGE('',*,*,#2944,.F.);
#3746=ORIENTED_EDGE('',*,*,#2943,.F.);
#3747=ORIENTED_EDGE('',*,*,#2945,.F.);
#3748=ORIENTED_EDGE('',*,*,#2935,.F.);
#3749=ORIENTED_EDGE('',*,*,#2946,.F.);
#3750=ORIENTED_EDGE('',*,*,#2947,.T.);
#3751=ORIENTED_EDGE('',*,*,#2948,.F.);
#3752=ORIENTED_EDGE('',*,*,#2949,.F.);
#3753=ORIENTED_EDGE('',*,*,#2950,.F.);
#3754=ORIENTED_EDGE('',*,*,#2949,.T.);
#3755=ORIENTED_EDGE('',*,*,#2951,.F.);
#3756=ORIENTED_EDGE('',*,*,#2952,.F.);
#3757=ORIENTED_EDGE('',*,*,#2953,.F.);
#3758=ORIENTED_EDGE('',*,*,#2952,.T.);
#3759=ORIENTED_EDGE('',*,*,#2954,.F.);
#3760=ORIENTED_EDGE('',*,*,#2955,.T.);
#3761=ORIENTED_EDGE('',*,*,#2956,.F.);
#3762=ORIENTED_EDGE('',*,*,#2955,.F.);
#3763=ORIENTED_EDGE('',*,*,#2957,.F.);
#3764=ORIENTED_EDGE('',*,*,#2947,.F.);
#3765=ORIENTED_EDGE('',*,*,#2958,.F.);
#3766=ORIENTED_EDGE('',*,*,#2959,.T.);
#3767=ORIENTED_EDGE('',*,*,#2960,.F.);
#3768=ORIENTED_EDGE('',*,*,#2961,.F.);
#3769=ORIENTED_EDGE('',*,*,#2962,.F.);
#3770=ORIENTED_EDGE('',*,*,#2961,.T.);
#3771=ORIENTED_EDGE('',*,*,#2963,.F.);
#3772=ORIENTED_EDGE('',*,*,#2964,.F.);
#3773=ORIENTED_EDGE('',*,*,#2965,.F.);
#3774=ORIENTED_EDGE('',*,*,#2964,.T.);
#3775=ORIENTED_EDGE('',*,*,#2966,.F.);
#3776=ORIENTED_EDGE('',*,*,#2967,.T.);
#3777=ORIENTED_EDGE('',*,*,#2968,.F.);
#3778=ORIENTED_EDGE('',*,*,#2967,.F.);
#3779=ORIENTED_EDGE('',*,*,#2969,.F.);
#3780=ORIENTED_EDGE('',*,*,#2959,.F.);
#3781=ORIENTED_EDGE('',*,*,#2970,.F.);
#3782=ORIENTED_EDGE('',*,*,#2971,.T.);
#3783=ORIENTED_EDGE('',*,*,#2972,.F.);
#3784=ORIENTED_EDGE('',*,*,#2973,.F.);
#3785=ORIENTED_EDGE('',*,*,#2974,.F.);
#3786=ORIENTED_EDGE('',*,*,#2973,.T.);
#3787=ORIENTED_EDGE('',*,*,#2975,.F.);
#3788=ORIENTED_EDGE('',*,*,#2976,.F.);
#3789=ORIENTED_EDGE('',*,*,#2977,.F.);
#3790=ORIENTED_EDGE('',*,*,#2976,.T.);
#3791=ORIENTED_EDGE('',*,*,#2978,.F.);
#3792=ORIENTED_EDGE('',*,*,#2979,.T.);
#3793=ORIENTED_EDGE('',*,*,#2980,.F.);
#3794=ORIENTED_EDGE('',*,*,#2979,.F.);
#3795=ORIENTED_EDGE('',*,*,#2981,.F.);
#3796=ORIENTED_EDGE('',*,*,#2971,.F.);
#3797=ORIENTED_EDGE('',*,*,#2982,.F.);
#3798=ORIENTED_EDGE('',*,*,#2983,.T.);
#3799=ORIENTED_EDGE('',*,*,#2984,.F.);
#3800=ORIENTED_EDGE('',*,*,#2985,.F.);
#3801=ORIENTED_EDGE('',*,*,#2986,.F.);
#3802=ORIENTED_EDGE('',*,*,#2985,.T.);
#3803=ORIENTED_EDGE('',*,*,#2987,.F.);
#3804=ORIENTED_EDGE('',*,*,#2988,.F.);
#3805=ORIENTED_EDGE('',*,*,#2989,.F.);
#3806=ORIENTED_EDGE('',*,*,#2988,.T.);
#3807=ORIENTED_EDGE('',*,*,#2990,.F.);
#3808=ORIENTED_EDGE('',*,*,#2991,.T.);
#3809=ORIENTED_EDGE('',*,*,#2992,.F.);
#3810=ORIENTED_EDGE('',*,*,#2991,.F.);
#3811=ORIENTED_EDGE('',*,*,#2993,.F.);
#3812=ORIENTED_EDGE('',*,*,#2983,.F.);
#3813=ORIENTED_EDGE('',*,*,#2994,.F.);
#3814=ORIENTED_EDGE('',*,*,#2995,.T.);
#3815=ORIENTED_EDGE('',*,*,#2996,.F.);
#3816=ORIENTED_EDGE('',*,*,#2997,.F.);
#3817=ORIENTED_EDGE('',*,*,#2998,.F.);
#3818=ORIENTED_EDGE('',*,*,#2997,.T.);
#3819=ORIENTED_EDGE('',*,*,#2999,.F.);
#3820=ORIENTED_EDGE('',*,*,#3000,.F.);
#3821=ORIENTED_EDGE('',*,*,#3001,.F.);
#3822=ORIENTED_EDGE('',*,*,#3000,.T.);
#3823=ORIENTED_EDGE('',*,*,#3002,.F.);
#3824=ORIENTED_EDGE('',*,*,#3003,.T.);
#3825=ORIENTED_EDGE('',*,*,#3004,.F.);
#3826=ORIENTED_EDGE('',*,*,#3003,.F.);
#3827=ORIENTED_EDGE('',*,*,#3005,.F.);
#3828=ORIENTED_EDGE('',*,*,#2995,.F.);
#3829=ORIENTED_EDGE('',*,*,#3006,.F.);
#3830=ORIENTED_EDGE('',*,*,#3007,.T.);
#3831=ORIENTED_EDGE('',*,*,#3008,.F.);
#3832=ORIENTED_EDGE('',*,*,#3009,.F.);
#3833=ORIENTED_EDGE('',*,*,#3010,.F.);
#3834=ORIENTED_EDGE('',*,*,#3009,.T.);
#3835=ORIENTED_EDGE('',*,*,#3011,.F.);
#3836=ORIENTED_EDGE('',*,*,#3012,.F.);
#3837=ORIENTED_EDGE('',*,*,#3013,.F.);
#3838=ORIENTED_EDGE('',*,*,#3012,.T.);
#3839=ORIENTED_EDGE('',*,*,#3014,.F.);
#3840=ORIENTED_EDGE('',*,*,#3015,.T.);
#3841=ORIENTED_EDGE('',*,*,#3016,.F.);
#3842=ORIENTED_EDGE('',*,*,#3015,.F.);
#3843=ORIENTED_EDGE('',*,*,#3017,.F.);
#3844=ORIENTED_EDGE('',*,*,#3007,.F.);
#3845=ORIENTED_EDGE('',*,*,#3018,.F.);
#3846=ORIENTED_EDGE('',*,*,#3019,.T.);
#3847=ORIENTED_EDGE('',*,*,#3020,.F.);
#3848=ORIENTED_EDGE('',*,*,#3021,.F.);
#3849=ORIENTED_EDGE('',*,*,#3022,.F.);
#3850=ORIENTED_EDGE('',*,*,#3021,.T.);
#3851=ORIENTED_EDGE('',*,*,#3023,.F.);
#3852=ORIENTED_EDGE('',*,*,#3024,.F.);
#3853=ORIENTED_EDGE('',*,*,#3025,.F.);
#3854=ORIENTED_EDGE('',*,*,#3024,.T.);
#3855=ORIENTED_EDGE('',*,*,#3026,.F.);
#3856=ORIENTED_EDGE('',*,*,#3027,.T.);
#3857=ORIENTED_EDGE('',*,*,#3028,.F.);
#3858=ORIENTED_EDGE('',*,*,#3027,.F.);
#3859=ORIENTED_EDGE('',*,*,#3029,.F.);
#3860=ORIENTED_EDGE('',*,*,#3019,.F.);
#3861=ORIENTED_EDGE('',*,*,#3030,.F.);
#3862=ORIENTED_EDGE('',*,*,#3031,.T.);
#3863=ORIENTED_EDGE('',*,*,#3032,.F.);
#3864=ORIENTED_EDGE('',*,*,#3033,.F.);
#3865=ORIENTED_EDGE('',*,*,#3034,.F.);
#3866=ORIENTED_EDGE('',*,*,#3033,.T.);
#3867=ORIENTED_EDGE('',*,*,#3035,.F.);
#3868=ORIENTED_EDGE('',*,*,#3036,.F.);
#3869=ORIENTED_EDGE('',*,*,#3037,.F.);
#3870=ORIENTED_EDGE('',*,*,#3036,.T.);
#3871=ORIENTED_EDGE('',*,*,#3038,.F.);
#3872=ORIENTED_EDGE('',*,*,#3039,.T.);
#3873=ORIENTED_EDGE('',*,*,#3040,.F.);
#3874=ORIENTED_EDGE('',*,*,#3039,.F.);
#3875=ORIENTED_EDGE('',*,*,#3041,.F.);
#3876=ORIENTED_EDGE('',*,*,#3031,.F.);
#3877=ORIENTED_EDGE('',*,*,#3042,.F.);
#3878=ORIENTED_EDGE('',*,*,#3043,.T.);
#3879=ORIENTED_EDGE('',*,*,#3044,.F.);
#3880=ORIENTED_EDGE('',*,*,#3045,.F.);
#3881=ORIENTED_EDGE('',*,*,#3046,.F.);
#3882=ORIENTED_EDGE('',*,*,#3045,.T.);
#3883=ORIENTED_EDGE('',*,*,#3047,.F.);
#3884=ORIENTED_EDGE('',*,*,#3048,.F.);
#3885=ORIENTED_EDGE('',*,*,#3049,.F.);
#3886=ORIENTED_EDGE('',*,*,#3048,.T.);
#3887=ORIENTED_EDGE('',*,*,#3050,.F.);
#3888=ORIENTED_EDGE('',*,*,#3051,.T.);
#3889=ORIENTED_EDGE('',*,*,#3052,.F.);
#3890=ORIENTED_EDGE('',*,*,#3051,.F.);
#3891=ORIENTED_EDGE('',*,*,#3053,.F.);
#3892=ORIENTED_EDGE('',*,*,#3043,.F.);
#3893=ORIENTED_EDGE('',*,*,#3054,.F.);
#3894=ORIENTED_EDGE('',*,*,#3055,.T.);
#3895=ORIENTED_EDGE('',*,*,#3056,.F.);
#3896=ORIENTED_EDGE('',*,*,#3057,.F.);
#3897=ORIENTED_EDGE('',*,*,#3058,.F.);
#3898=ORIENTED_EDGE('',*,*,#3057,.T.);
#3899=ORIENTED_EDGE('',*,*,#3059,.F.);
#3900=ORIENTED_EDGE('',*,*,#3060,.F.);
#3901=ORIENTED_EDGE('',*,*,#3061,.F.);
#3902=ORIENTED_EDGE('',*,*,#3060,.T.);
#3903=ORIENTED_EDGE('',*,*,#3062,.F.);
#3904=ORIENTED_EDGE('',*,*,#3063,.T.);
#3905=ORIENTED_EDGE('',*,*,#3064,.F.);
#3906=ORIENTED_EDGE('',*,*,#3063,.F.);
#3907=ORIENTED_EDGE('',*,*,#3065,.F.);
#3908=ORIENTED_EDGE('',*,*,#3055,.F.);
#3909=ORIENTED_EDGE('',*,*,#3066,.F.);
#3910=ORIENTED_EDGE('',*,*,#3067,.T.);
#3911=ORIENTED_EDGE('',*,*,#3068,.F.);
#3912=ORIENTED_EDGE('',*,*,#3069,.F.);
#3913=ORIENTED_EDGE('',*,*,#3070,.F.);
#3914=ORIENTED_EDGE('',*,*,#3069,.T.);
#3915=ORIENTED_EDGE('',*,*,#3071,.F.);
#3916=ORIENTED_EDGE('',*,*,#3072,.F.);
#3917=ORIENTED_EDGE('',*,*,#3073,.F.);
#3918=ORIENTED_EDGE('',*,*,#3072,.T.);
#3919=ORIENTED_EDGE('',*,*,#3074,.F.);
#3920=ORIENTED_EDGE('',*,*,#3075,.T.);
#3921=ORIENTED_EDGE('',*,*,#3076,.F.);
#3922=ORIENTED_EDGE('',*,*,#3075,.F.);
#3923=ORIENTED_EDGE('',*,*,#3077,.F.);
#3924=ORIENTED_EDGE('',*,*,#3067,.F.);
#3925=ORIENTED_EDGE('',*,*,#3078,.F.);
#3926=ORIENTED_EDGE('',*,*,#3079,.F.);
#3927=ORIENTED_EDGE('',*,*,#3080,.F.);
#3928=ORIENTED_EDGE('',*,*,#3081,.F.);
#3929=ORIENTED_EDGE('',*,*,#3080,.T.);
#3930=ORIENTED_EDGE('',*,*,#3082,.F.);
#3931=ORIENTED_EDGE('',*,*,#3083,.F.);
#3932=ORIENTED_EDGE('',*,*,#3084,.F.);
#3933=ORIENTED_EDGE('',*,*,#3085,.F.);
#3934=ORIENTED_EDGE('',*,*,#3086,.F.);
#3935=ORIENTED_EDGE('',*,*,#3078,.T.);
#3936=ORIENTED_EDGE('',*,*,#3087,.F.);
#3937=ORIENTED_EDGE('',*,*,#3086,.T.);
#3938=ORIENTED_EDGE('',*,*,#3088,.F.);
#3939=ORIENTED_EDGE('',*,*,#3082,.T.);
#3940=ORIENTED_EDGE('',*,*,#3079,.T.);
#3941=ORIENTED_EDGE('',*,*,#3083,.T.);
#3942=ORIENTED_EDGE('',*,*,#3088,.T.);
#3943=ORIENTED_EDGE('',*,*,#3085,.T.);
#3944=ORIENTED_EDGE('',*,*,#3089,.T.);
#3945=ORIENTED_EDGE('',*,*,#3090,.T.);
#3946=ORIENTED_EDGE('',*,*,#3091,.F.);
#3947=ORIENTED_EDGE('',*,*,#3092,.F.);
#3948=ORIENTED_EDGE('',*,*,#3093,.T.);
#3949=ORIENTED_EDGE('',*,*,#3094,.F.);
#3950=ORIENTED_EDGE('',*,*,#3095,.F.);
#3951=ORIENTED_EDGE('',*,*,#3096,.F.);
#3952=ORIENTED_EDGE('',*,*,#3097,.F.);
#3953=ORIENTED_EDGE('',*,*,#3096,.T.);
#3954=ORIENTED_EDGE('',*,*,#3098,.F.);
#3955=ORIENTED_EDGE('',*,*,#3099,.F.);
#3956=ORIENTED_EDGE('',*,*,#3100,.F.);
#3957=ORIENTED_EDGE('',*,*,#3099,.T.);
#3958=ORIENTED_EDGE('',*,*,#3101,.F.);
#3959=ORIENTED_EDGE('',*,*,#3102,.F.);
#3960=ORIENTED_EDGE('',*,*,#3103,.F.);
#3961=ORIENTED_EDGE('',*,*,#3102,.T.);
#3962=ORIENTED_EDGE('',*,*,#3104,.F.);
#3963=ORIENTED_EDGE('',*,*,#3094,.T.);
#3964=ORIENTED_EDGE('',*,*,#3105,.F.);
#3965=ORIENTED_EDGE('',*,*,#3104,.T.);
#3966=ORIENTED_EDGE('',*,*,#3101,.T.);
#3967=ORIENTED_EDGE('',*,*,#3098,.T.);
#3968=ORIENTED_EDGE('',*,*,#3095,.T.);
#3969=ORIENTED_EDGE('',*,*,#3106,.F.);
#3970=ORIENTED_EDGE('',*,*,#3107,.F.);
#3971=ORIENTED_EDGE('',*,*,#3108,.F.);
#3972=ORIENTED_EDGE('',*,*,#3109,.F.);
#3973=ORIENTED_EDGE('',*,*,#3108,.T.);
#3974=ORIENTED_EDGE('',*,*,#3110,.F.);
#3975=ORIENTED_EDGE('',*,*,#3111,.F.);
#3976=ORIENTED_EDGE('',*,*,#3112,.F.);
#3977=ORIENTED_EDGE('',*,*,#3111,.T.);
#3978=ORIENTED_EDGE('',*,*,#3113,.F.);
#3979=ORIENTED_EDGE('',*,*,#3114,.F.);
#3980=ORIENTED_EDGE('',*,*,#3115,.F.);
#3981=ORIENTED_EDGE('',*,*,#3114,.T.);
#3982=ORIENTED_EDGE('',*,*,#3116,.F.);
#3983=ORIENTED_EDGE('',*,*,#3106,.T.);
#3984=ORIENTED_EDGE('',*,*,#3117,.F.);
#3985=ORIENTED_EDGE('',*,*,#3116,.T.);
#3986=ORIENTED_EDGE('',*,*,#3113,.T.);
#3987=ORIENTED_EDGE('',*,*,#3110,.T.);
#3988=ORIENTED_EDGE('',*,*,#3107,.T.);
#3989=ORIENTED_EDGE('',*,*,#3118,.F.);
#3990=ORIENTED_EDGE('',*,*,#3119,.F.);
#3991=ORIENTED_EDGE('',*,*,#3120,.F.);
#3992=ORIENTED_EDGE('',*,*,#3121,.F.);
#3993=ORIENTED_EDGE('',*,*,#3122,.F.);
#3994=ORIENTED_EDGE('',*,*,#3121,.T.);
#3995=ORIENTED_EDGE('',*,*,#3123,.F.);
#3996=ORIENTED_EDGE('',*,*,#3124,.T.);
#3997=ORIENTED_EDGE('',*,*,#3125,.F.);
#3998=ORIENTED_EDGE('',*,*,#3124,.F.);
#3999=ORIENTED_EDGE('',*,*,#3126,.F.);
#4000=ORIENTED_EDGE('',*,*,#3127,.F.);
#4001=ORIENTED_EDGE('',*,*,#3128,.T.);
#4002=ORIENTED_EDGE('',*,*,#3126,.T.);
#4003=ORIENTED_EDGE('',*,*,#3123,.T.);
#4004=ORIENTED_EDGE('',*,*,#3120,.T.);
#4005=ORIENTED_EDGE('',*,*,#3129,.F.);
#4006=ORIENTED_EDGE('',*,*,#3127,.T.);
#4007=ORIENTED_EDGE('',*,*,#3128,.F.);
#4008=ORIENTED_EDGE('',*,*,#3119,.T.);
#4009=ORIENTED_EDGE('',*,*,#3130,.F.);
#4010=ORIENTED_EDGE('',*,*,#3131,.F.);
#4011=ORIENTED_EDGE('',*,*,#3132,.F.);
#4012=ORIENTED_EDGE('',*,*,#3133,.F.);
#4013=ORIENTED_EDGE('',*,*,#3134,.F.);
#4014=ORIENTED_EDGE('',*,*,#3133,.T.);
#4015=ORIENTED_EDGE('',*,*,#3135,.F.);
#4016=ORIENTED_EDGE('',*,*,#3136,.T.);
#4017=ORIENTED_EDGE('',*,*,#3137,.F.);
#4018=ORIENTED_EDGE('',*,*,#3136,.F.);
#4019=ORIENTED_EDGE('',*,*,#3138,.F.);
#4020=ORIENTED_EDGE('',*,*,#3139,.F.);
#4021=ORIENTED_EDGE('',*,*,#3140,.T.);
#4022=ORIENTED_EDGE('',*,*,#3138,.T.);
#4023=ORIENTED_EDGE('',*,*,#3135,.T.);
#4024=ORIENTED_EDGE('',*,*,#3132,.T.);
#4025=ORIENTED_EDGE('',*,*,#3141,.F.);
#4026=ORIENTED_EDGE('',*,*,#3139,.T.);
#4027=ORIENTED_EDGE('',*,*,#3140,.F.);
#4028=ORIENTED_EDGE('',*,*,#3131,.T.);
#4029=ORIENTED_EDGE('',*,*,#3142,.F.);
#4030=ORIENTED_EDGE('',*,*,#3142,.T.);
#4031=ORIENTED_EDGE('',*,*,#3143,.T.);
#4032=ORIENTED_EDGE('',*,*,#3144,.F.);
#4033=ORIENTED_EDGE('',*,*,#3143,.F.);
#4034=ORIENTED_EDGE('',*,*,#3145,.F.);
#4035=ORIENTED_EDGE('',*,*,#3145,.T.);
#4036=ORIENTED_EDGE('',*,*,#3146,.T.);
#4037=ORIENTED_EDGE('',*,*,#3147,.F.);
#4038=ORIENTED_EDGE('',*,*,#3146,.F.);
#4039=ORIENTED_EDGE('',*,*,#3148,.F.);
#4040=ORIENTED_EDGE('',*,*,#3149,.T.);
#4041=ORIENTED_EDGE('',*,*,#3150,.F.);
#4042=ORIENTED_EDGE('',*,*,#3149,.F.);
#4043=ORIENTED_EDGE('',*,*,#3148,.T.);
#4044=ORIENTED_EDGE('',*,*,#3147,.T.);
#4045=ORIENTED_EDGE('',*,*,#3151,.F.);
#4046=ORIENTED_EDGE('',*,*,#3152,.T.);
#4047=ORIENTED_EDGE('',*,*,#3153,.F.);
#4048=ORIENTED_EDGE('',*,*,#3152,.F.);
#4049=ORIENTED_EDGE('',*,*,#3151,.T.);
#4050=ORIENTED_EDGE('',*,*,#3144,.T.);
#4051=ORIENTED_EDGE('',*,*,#3154,.F.);
#4052=ORIENTED_EDGE('',*,*,#3155,.T.);
#4053=ORIENTED_EDGE('',*,*,#3156,.F.);
#4054=ORIENTED_EDGE('',*,*,#3157,.F.);
#4055=ORIENTED_EDGE('',*,*,#3158,.F.);
#4056=ORIENTED_EDGE('',*,*,#3159,.F.);
#4057=ORIENTED_EDGE('',*,*,#3160,.F.);
#4058=ORIENTED_EDGE('',*,*,#3161,.T.);
#4059=ORIENTED_EDGE('',*,*,#3084,.T.);
#4060=ORIENTED_EDGE('',*,*,#3093,.F.);
#4061=ORIENTED_EDGE('',*,*,#3162,.F.);
#4062=ORIENTED_EDGE('',*,*,#3163,.F.);
#4063=ORIENTED_EDGE('',*,*,#3155,.F.);
#4064=ORIENTED_EDGE('',*,*,#3164,.F.);
#4065=ORIENTED_EDGE('',*,*,#3161,.F.);
#4066=ORIENTED_EDGE('',*,*,#3165,.F.);
#4067=ORIENTED_EDGE('',*,*,#3166,.T.);
#4068=ORIENTED_EDGE('',*,*,#3167,.T.);
#4069=ORIENTED_EDGE('',*,*,#3168,.T.);
#4070=ORIENTED_EDGE('',*,*,#3169,.F.);
#4071=ORIENTED_EDGE('',*,*,#3170,.F.);
#4072=ORIENTED_EDGE('',*,*,#3089,.F.);
#4073=ORIENTED_EDGE('',*,*,#3087,.T.);
#4074=ORIENTED_EDGE('',*,*,#3081,.T.);
#4075=ORIENTED_EDGE('',*,*,#3097,.T.);
#4076=ORIENTED_EDGE('',*,*,#3100,.T.);
#4077=ORIENTED_EDGE('',*,*,#3103,.T.);
#4078=ORIENTED_EDGE('',*,*,#3105,.T.);
#4079=ORIENTED_EDGE('',*,*,#3109,.T.);
#4080=ORIENTED_EDGE('',*,*,#3112,.T.);
#4081=ORIENTED_EDGE('',*,*,#3115,.T.);
#4082=ORIENTED_EDGE('',*,*,#3117,.T.);
#4083=ORIENTED_EDGE('',*,*,#3150,.T.);
#4084=ORIENTED_EDGE('',*,*,#3153,.T.);
#4085=ORIENTED_EDGE('',*,*,#3160,.T.);
#4086=ORIENTED_EDGE('',*,*,#3171,.F.);
#4087=ORIENTED_EDGE('',*,*,#3172,.T.);
#4088=ORIENTED_EDGE('',*,*,#3169,.T.);
#4089=ORIENTED_EDGE('',*,*,#3173,.T.);
#4090=ORIENTED_EDGE('',*,*,#3174,.T.);
#4091=ORIENTED_EDGE('',*,*,#3175,.T.);
#4092=ORIENTED_EDGE('',*,*,#3165,.T.);
#4093=ORIENTED_EDGE('',*,*,#3156,.T.);
#4094=ORIENTED_EDGE('',*,*,#3163,.T.);
#4095=ORIENTED_EDGE('',*,*,#3176,.T.);
#4096=ORIENTED_EDGE('',*,*,#3177,.F.);
#4097=ORIENTED_EDGE('',*,*,#3159,.T.);
#4098=ORIENTED_EDGE('',*,*,#3178,.T.);
#4099=ORIENTED_EDGE('',*,*,#3179,.F.);
#4100=ORIENTED_EDGE('',*,*,#3171,.T.);
#4101=ORIENTED_EDGE('',*,*,#3157,.T.);
#4102=ORIENTED_EDGE('',*,*,#3177,.T.);
#4103=ORIENTED_EDGE('',*,*,#3180,.F.);
#4104=ORIENTED_EDGE('',*,*,#3181,.F.);
#4105=ORIENTED_EDGE('',*,*,#3182,.T.);
#4106=ORIENTED_EDGE('',*,*,#3183,.T.);
#4107=ORIENTED_EDGE('',*,*,#3184,.F.);
#4108=ORIENTED_EDGE('',*,*,#3185,.T.);
#4109=ORIENTED_EDGE('',*,*,#3167,.F.);
#4110=ORIENTED_EDGE('',*,*,#3186,.F.);
#4111=ORIENTED_EDGE('',*,*,#3187,.F.);
#4112=ORIENTED_EDGE('',*,*,#3188,.T.);
#4113=ORIENTED_EDGE('',*,*,#3189,.F.);
#4114=ORIENTED_EDGE('',*,*,#3190,.T.);
#4115=ORIENTED_EDGE('',*,*,#3173,.F.);
#4116=ORIENTED_EDGE('',*,*,#3168,.F.);
#4117=ORIENTED_EDGE('',*,*,#3185,.F.);
#4118=ORIENTED_EDGE('',*,*,#3191,.F.);
#4119=ORIENTED_EDGE('',*,*,#3192,.F.);
#4120=ORIENTED_EDGE('',*,*,#3193,.F.);
#4121=ORIENTED_EDGE('',*,*,#3194,.F.);
#4122=ORIENTED_EDGE('',*,*,#3188,.F.);
#4123=ORIENTED_EDGE('',*,*,#3189,.T.);
#4124=ORIENTED_EDGE('',*,*,#3194,.T.);
#4125=ORIENTED_EDGE('',*,*,#3195,.T.);
#4126=ORIENTED_EDGE('',*,*,#3196,.T.);
#4127=ORIENTED_EDGE('',*,*,#3197,.F.);
#4128=ORIENTED_EDGE('',*,*,#3198,.F.);
#4129=ORIENTED_EDGE('',*,*,#3186,.T.);
#4130=ORIENTED_EDGE('',*,*,#3166,.F.);
#4131=ORIENTED_EDGE('',*,*,#3175,.F.);
#4132=ORIENTED_EDGE('',*,*,#3199,.T.);
#4133=ORIENTED_EDGE('',*,*,#3195,.F.);
#4134=ORIENTED_EDGE('',*,*,#3193,.T.);
#4135=ORIENTED_EDGE('',*,*,#3174,.F.);
#4136=ORIENTED_EDGE('',*,*,#3190,.F.);
#4137=ORIENTED_EDGE('',*,*,#3196,.F.);
#4138=ORIENTED_EDGE('',*,*,#3199,.F.);
#4139=ORIENTED_EDGE('',*,*,#3200,.F.);
#4140=ORIENTED_EDGE('',*,*,#3201,.T.);
#4141=ORIENTED_EDGE('',*,*,#3202,.F.);
#4142=ORIENTED_EDGE('',*,*,#3203,.T.);
#4143=ORIENTED_EDGE('',*,*,#3204,.F.);
#4144=ORIENTED_EDGE('',*,*,#3205,.T.);
#4145=ORIENTED_EDGE('',*,*,#3206,.F.);
#4146=ORIENTED_EDGE('',*,*,#3207,.T.);
#4147=ORIENTED_EDGE('',*,*,#3208,.T.);
#4148=ORIENTED_EDGE('',*,*,#3209,.T.);
#4149=ORIENTED_EDGE('',*,*,#3091,.T.);
#4150=ORIENTED_EDGE('',*,*,#3210,.T.);
#4151=ORIENTED_EDGE('',*,*,#3211,.F.);
#4152=ORIENTED_EDGE('',*,*,#3212,.T.);
#4153=ORIENTED_EDGE('',*,*,#3204,.T.);
#4154=ORIENTED_EDGE('',*,*,#3213,.T.);
#4155=ORIENTED_EDGE('',*,*,#3214,.F.);
#4156=ORIENTED_EDGE('',*,*,#3213,.F.);
#4157=ORIENTED_EDGE('',*,*,#3203,.F.);
#4158=ORIENTED_EDGE('',*,*,#3215,.F.);
#4159=ORIENTED_EDGE('',*,*,#2857,.T.);
#4160=ORIENTED_EDGE('',*,*,#2860,.T.);
#4161=ORIENTED_EDGE('',*,*,#2850,.T.);
#4162=ORIENTED_EDGE('',*,*,#2854,.T.);
#4163=ORIENTED_EDGE('',*,*,#2869,.T.);
#4164=ORIENTED_EDGE('',*,*,#2872,.T.);
#4165=ORIENTED_EDGE('',*,*,#2862,.T.);
#4166=ORIENTED_EDGE('',*,*,#2866,.T.);
#4167=ORIENTED_EDGE('',*,*,#2881,.T.);
#4168=ORIENTED_EDGE('',*,*,#2884,.T.);
#4169=ORIENTED_EDGE('',*,*,#2874,.T.);
#4170=ORIENTED_EDGE('',*,*,#2878,.T.);
#4171=ORIENTED_EDGE('',*,*,#3216,.F.);
#4172=ORIENTED_EDGE('',*,*,#3215,.T.);
#4173=ORIENTED_EDGE('',*,*,#3202,.T.);
#4174=ORIENTED_EDGE('',*,*,#3217,.T.);
#4175=ORIENTED_EDGE('',*,*,#3218,.F.);
#4176=ORIENTED_EDGE('',*,*,#3217,.F.);
#4177=ORIENTED_EDGE('',*,*,#3201,.F.);
#4178=ORIENTED_EDGE('',*,*,#3219,.F.);
#4179=ORIENTED_EDGE('',*,*,#3073,.T.);
#4180=ORIENTED_EDGE('',*,*,#3076,.T.);
#4181=ORIENTED_EDGE('',*,*,#3066,.T.);
#4182=ORIENTED_EDGE('',*,*,#3070,.T.);
#4183=ORIENTED_EDGE('',*,*,#3061,.T.);
#4184=ORIENTED_EDGE('',*,*,#3064,.T.);
#4185=ORIENTED_EDGE('',*,*,#3054,.T.);
#4186=ORIENTED_EDGE('',*,*,#3058,.T.);
#4187=ORIENTED_EDGE('',*,*,#3049,.T.);
#4188=ORIENTED_EDGE('',*,*,#3052,.T.);
#4189=ORIENTED_EDGE('',*,*,#3042,.T.);
#4190=ORIENTED_EDGE('',*,*,#3046,.T.);
#4191=ORIENTED_EDGE('',*,*,#3037,.T.);
#4192=ORIENTED_EDGE('',*,*,#3040,.T.);
#4193=ORIENTED_EDGE('',*,*,#3030,.T.);
#4194=ORIENTED_EDGE('',*,*,#3034,.T.);
#4195=ORIENTED_EDGE('',*,*,#3025,.T.);
#4196=ORIENTED_EDGE('',*,*,#3028,.T.);
#4197=ORIENTED_EDGE('',*,*,#3018,.T.);
#4198=ORIENTED_EDGE('',*,*,#3022,.T.);
#4199=ORIENTED_EDGE('',*,*,#3013,.T.);
#4200=ORIENTED_EDGE('',*,*,#3016,.T.);
#4201=ORIENTED_EDGE('',*,*,#3006,.T.);
#4202=ORIENTED_EDGE('',*,*,#3010,.T.);
#4203=ORIENTED_EDGE('',*,*,#3001,.T.);
#4204=ORIENTED_EDGE('',*,*,#3004,.T.);
#4205=ORIENTED_EDGE('',*,*,#2994,.T.);
#4206=ORIENTED_EDGE('',*,*,#2998,.T.);
#4207=ORIENTED_EDGE('',*,*,#2989,.T.);
#4208=ORIENTED_EDGE('',*,*,#2992,.T.);
#4209=ORIENTED_EDGE('',*,*,#2982,.T.);
#4210=ORIENTED_EDGE('',*,*,#2986,.T.);
#4211=ORIENTED_EDGE('',*,*,#2977,.T.);
#4212=ORIENTED_EDGE('',*,*,#2980,.T.);
#4213=ORIENTED_EDGE('',*,*,#2970,.T.);
#4214=ORIENTED_EDGE('',*,*,#2974,.T.);
#4215=ORIENTED_EDGE('',*,*,#2965,.T.);
#4216=ORIENTED_EDGE('',*,*,#2968,.T.);
#4217=ORIENTED_EDGE('',*,*,#2958,.T.);
#4218=ORIENTED_EDGE('',*,*,#2962,.T.);
#4219=ORIENTED_EDGE('',*,*,#2953,.T.);
#4220=ORIENTED_EDGE('',*,*,#2956,.T.);
#4221=ORIENTED_EDGE('',*,*,#2946,.T.);
#4222=ORIENTED_EDGE('',*,*,#2950,.T.);
#4223=ORIENTED_EDGE('',*,*,#2941,.T.);
#4224=ORIENTED_EDGE('',*,*,#2944,.T.);
#4225=ORIENTED_EDGE('',*,*,#2934,.T.);
#4226=ORIENTED_EDGE('',*,*,#2938,.T.);
#4227=ORIENTED_EDGE('',*,*,#2929,.T.);
#4228=ORIENTED_EDGE('',*,*,#2932,.T.);
#4229=ORIENTED_EDGE('',*,*,#2922,.T.);
#4230=ORIENTED_EDGE('',*,*,#2926,.T.);
#4231=ORIENTED_EDGE('',*,*,#3220,.F.);
#4232=ORIENTED_EDGE('',*,*,#3219,.T.);
#4233=ORIENTED_EDGE('',*,*,#3200,.T.);
#4234=ORIENTED_EDGE('',*,*,#3221,.T.);
#4235=ORIENTED_EDGE('',*,*,#3222,.F.);
#4236=ORIENTED_EDGE('',*,*,#3221,.F.);
#4237=ORIENTED_EDGE('',*,*,#3207,.F.);
#4238=ORIENTED_EDGE('',*,*,#3223,.F.);
#4239=ORIENTED_EDGE('',*,*,#2893,.T.);
#4240=ORIENTED_EDGE('',*,*,#2896,.T.);
#4241=ORIENTED_EDGE('',*,*,#2886,.T.);
#4242=ORIENTED_EDGE('',*,*,#2890,.T.);
#4243=ORIENTED_EDGE('',*,*,#2905,.T.);
#4244=ORIENTED_EDGE('',*,*,#2908,.T.);
#4245=ORIENTED_EDGE('',*,*,#2898,.T.);
#4246=ORIENTED_EDGE('',*,*,#2902,.T.);
#4247=ORIENTED_EDGE('',*,*,#2917,.T.);
#4248=ORIENTED_EDGE('',*,*,#2920,.T.);
#4249=ORIENTED_EDGE('',*,*,#2910,.T.);
#4250=ORIENTED_EDGE('',*,*,#2914,.T.);
#4251=ORIENTED_EDGE('',*,*,#3224,.F.);
#4252=ORIENTED_EDGE('',*,*,#3223,.T.);
#4253=ORIENTED_EDGE('',*,*,#3206,.T.);
#4254=ORIENTED_EDGE('',*,*,#3225,.T.);
#4255=ORIENTED_EDGE('',*,*,#3226,.F.);
#4256=ORIENTED_EDGE('',*,*,#3225,.F.);
#4257=ORIENTED_EDGE('',*,*,#3205,.F.);
#4258=ORIENTED_EDGE('',*,*,#3212,.F.);
#4259=ORIENTED_EDGE('',*,*,#3227,.F.);
#4260=ORIENTED_EDGE('',*,*,#3228,.T.);
#4261=ORIENTED_EDGE('',*,*,#3229,.F.);
#4262=ORIENTED_EDGE('',*,*,#3222,.T.);
#4263=ORIENTED_EDGE('',*,*,#3227,.T.);
#4264=ORIENTED_EDGE('',*,*,#3224,.T.);
#4265=ORIENTED_EDGE('',*,*,#3230,.F.);
#4266=ORIENTED_EDGE('',*,*,#3231,.T.);
#4267=ORIENTED_EDGE('',*,*,#3230,.T.);
#4268=ORIENTED_EDGE('',*,*,#3226,.T.);
#4269=ORIENTED_EDGE('',*,*,#3232,.F.);
#4270=ORIENTED_EDGE('',*,*,#3233,.T.);
#4271=ORIENTED_EDGE('',*,*,#3232,.T.);
#4272=ORIENTED_EDGE('',*,*,#3211,.T.);
#4273=ORIENTED_EDGE('',*,*,#3234,.F.);
#4274=ORIENTED_EDGE('',*,*,#3235,.T.);
#4275=ORIENTED_EDGE('',*,*,#3234,.T.);
#4276=ORIENTED_EDGE('',*,*,#3214,.T.);
#4277=ORIENTED_EDGE('',*,*,#3236,.F.);
#4278=ORIENTED_EDGE('',*,*,#3237,.T.);
#4279=ORIENTED_EDGE('',*,*,#3236,.T.);
#4280=ORIENTED_EDGE('',*,*,#3216,.T.);
#4281=ORIENTED_EDGE('',*,*,#3238,.F.);
#4282=ORIENTED_EDGE('',*,*,#3239,.T.);
#4283=ORIENTED_EDGE('',*,*,#3238,.T.);
#4284=ORIENTED_EDGE('',*,*,#3218,.T.);
#4285=ORIENTED_EDGE('',*,*,#3240,.F.);
#4286=ORIENTED_EDGE('',*,*,#3241,.T.);
#4287=ORIENTED_EDGE('',*,*,#3229,.T.);
#4288=ORIENTED_EDGE('',*,*,#3242,.T.);
#4289=ORIENTED_EDGE('',*,*,#3240,.T.);
#4290=ORIENTED_EDGE('',*,*,#3220,.T.);
#4291=ORIENTED_EDGE('',*,*,#3181,.T.);
#4292=ORIENTED_EDGE('',*,*,#3243,.T.);
#4293=ORIENTED_EDGE('',*,*,#3208,.F.);
#4294=ORIENTED_EDGE('',*,*,#3244,.T.);
#4295=ORIENTED_EDGE('',*,*,#3245,.T.);
#4296=ORIENTED_EDGE('',*,*,#3246,.T.);
#4297=ORIENTED_EDGE('',*,*,#3125,.T.);
#4298=ORIENTED_EDGE('',*,*,#3129,.T.);
#4299=ORIENTED_EDGE('',*,*,#3118,.T.);
#4300=ORIENTED_EDGE('',*,*,#3122,.T.);
#4301=ORIENTED_EDGE('',*,*,#3137,.T.);
#4302=ORIENTED_EDGE('',*,*,#3141,.T.);
#4303=ORIENTED_EDGE('',*,*,#3130,.T.);
#4304=ORIENTED_EDGE('',*,*,#3134,.T.);
#4305=ORIENTED_EDGE('',*,*,#3247,.F.);
#4306=ORIENTED_EDGE('',*,*,#3248,.F.);
#4307=ORIENTED_EDGE('',*,*,#3249,.F.);
#4308=ORIENTED_EDGE('',*,*,#3245,.F.);
#4309=ORIENTED_EDGE('',*,*,#3250,.T.);
#4310=ORIENTED_EDGE('',*,*,#3251,.T.);
#4311=ORIENTED_EDGE('',*,*,#3252,.T.);
#4312=ORIENTED_EDGE('',*,*,#3253,.T.);
#4313=ORIENTED_EDGE('',*,*,#3254,.T.);
#4314=ORIENTED_EDGE('',*,*,#3255,.F.);
#4315=ORIENTED_EDGE('',*,*,#3256,.T.);
#4316=ORIENTED_EDGE('',*,*,#3257,.F.);
#4317=ORIENTED_EDGE('',*,*,#3258,.T.);
#4318=ORIENTED_EDGE('',*,*,#3259,.F.);
#4319=ORIENTED_EDGE('',*,*,#3260,.T.);
#4320=ORIENTED_EDGE('',*,*,#3261,.F.);
#4321=ORIENTED_EDGE('',*,*,#3154,.T.);
#4322=ORIENTED_EDGE('',*,*,#3183,.F.);
#4323=ORIENTED_EDGE('',*,*,#3262,.F.);
#4324=ORIENTED_EDGE('',*,*,#3248,.T.);
#4325=ORIENTED_EDGE('',*,*,#3263,.T.);
#4326=ORIENTED_EDGE('',*,*,#3178,.F.);
#4327=ORIENTED_EDGE('',*,*,#3158,.T.);
#4328=ORIENTED_EDGE('',*,*,#3164,.T.);
#4329=ORIENTED_EDGE('',*,*,#3182,.F.);
#4330=ORIENTED_EDGE('',*,*,#3246,.F.);
#4331=ORIENTED_EDGE('',*,*,#3249,.T.);
#4332=ORIENTED_EDGE('',*,*,#3262,.T.);
#4333=ORIENTED_EDGE('',*,*,#3264,.F.);
#4334=ORIENTED_EDGE('',*,*,#3265,.F.);
#4335=ORIENTED_EDGE('',*,*,#3258,.F.);
#4336=ORIENTED_EDGE('',*,*,#3266,.F.);
#4337=ORIENTED_EDGE('',*,*,#3267,.F.);
#4338=ORIENTED_EDGE('',*,*,#3266,.T.);
#4339=ORIENTED_EDGE('',*,*,#3257,.T.);
#4340=ORIENTED_EDGE('',*,*,#3268,.T.);
#4341=ORIENTED_EDGE('',*,*,#3269,.F.);
#4342=ORIENTED_EDGE('',*,*,#3268,.F.);
#4343=ORIENTED_EDGE('',*,*,#3256,.F.);
#4344=ORIENTED_EDGE('',*,*,#3270,.F.);
#4345=ORIENTED_EDGE('',*,*,#3271,.F.);
#4346=ORIENTED_EDGE('',*,*,#3270,.T.);
#4347=ORIENTED_EDGE('',*,*,#3255,.T.);
#4348=ORIENTED_EDGE('',*,*,#3272,.T.);
#4349=ORIENTED_EDGE('',*,*,#3242,.F.);
#4350=ORIENTED_EDGE('',*,*,#3228,.F.);
#4351=ORIENTED_EDGE('',*,*,#3231,.F.);
#4352=ORIENTED_EDGE('',*,*,#3233,.F.);
#4353=ORIENTED_EDGE('',*,*,#3235,.F.);
#4354=ORIENTED_EDGE('',*,*,#3237,.F.);
#4355=ORIENTED_EDGE('',*,*,#3239,.F.);
#4356=ORIENTED_EDGE('',*,*,#3241,.F.);
#4357=ORIENTED_EDGE('',*,*,#3273,.F.);
#4358=ORIENTED_EDGE('',*,*,#3274,.F.);
#4359=ORIENTED_EDGE('',*,*,#3275,.F.);
#4360=ORIENTED_EDGE('',*,*,#3276,.F.);
#4361=ORIENTED_EDGE('',*,*,#3277,.F.);
#4362=ORIENTED_EDGE('',*,*,#3278,.F.);
#4363=ORIENTED_EDGE('',*,*,#3279,.F.);
#4364=ORIENTED_EDGE('',*,*,#3280,.F.);
#4365=ORIENTED_EDGE('',*,*,#3281,.F.);
#4366=ORIENTED_EDGE('',*,*,#3272,.F.);
#4367=ORIENTED_EDGE('',*,*,#3254,.F.);
#4368=ORIENTED_EDGE('',*,*,#3282,.F.);
#4369=ORIENTED_EDGE('',*,*,#3283,.F.);
#4370=ORIENTED_EDGE('',*,*,#3282,.T.);
#4371=ORIENTED_EDGE('',*,*,#3261,.T.);
#4372=ORIENTED_EDGE('',*,*,#3284,.T.);
#4373=ORIENTED_EDGE('',*,*,#3285,.F.);
#4374=ORIENTED_EDGE('',*,*,#3284,.F.);
#4375=ORIENTED_EDGE('',*,*,#3260,.F.);
#4376=ORIENTED_EDGE('',*,*,#3286,.F.);
#4377=ORIENTED_EDGE('',*,*,#3287,.F.);
#4378=ORIENTED_EDGE('',*,*,#3286,.T.);
#4379=ORIENTED_EDGE('',*,*,#3259,.T.);
#4380=ORIENTED_EDGE('',*,*,#3265,.T.);
#4381=ORIENTED_EDGE('',*,*,#3288,.F.);
#4382=ORIENTED_EDGE('',*,*,#3271,.T.);
#4383=ORIENTED_EDGE('',*,*,#3289,.F.);
#4384=ORIENTED_EDGE('',*,*,#3280,.T.);
#4385=ORIENTED_EDGE('',*,*,#3288,.T.);
#4386=ORIENTED_EDGE('',*,*,#3279,.T.);
#4387=ORIENTED_EDGE('',*,*,#3290,.F.);
#4388=ORIENTED_EDGE('',*,*,#3269,.T.);
#4389=ORIENTED_EDGE('',*,*,#3291,.F.);
#4390=ORIENTED_EDGE('',*,*,#3267,.T.);
#4391=ORIENTED_EDGE('',*,*,#3290,.T.);
#4392=ORIENTED_EDGE('',*,*,#3278,.T.);
#4393=ORIENTED_EDGE('',*,*,#3291,.T.);
#4394=ORIENTED_EDGE('',*,*,#3277,.T.);
#4395=ORIENTED_EDGE('',*,*,#3292,.F.);
#4396=ORIENTED_EDGE('',*,*,#3264,.T.);
#4397=ORIENTED_EDGE('',*,*,#3293,.F.);
#4398=ORIENTED_EDGE('',*,*,#3287,.T.);
#4399=ORIENTED_EDGE('',*,*,#3292,.T.);
#4400=ORIENTED_EDGE('',*,*,#3276,.T.);
#4401=ORIENTED_EDGE('',*,*,#3293,.T.);
#4402=ORIENTED_EDGE('',*,*,#3275,.T.);
#4403=ORIENTED_EDGE('',*,*,#3294,.F.);
#4404=ORIENTED_EDGE('',*,*,#3285,.T.);
#4405=ORIENTED_EDGE('',*,*,#3295,.F.);
#4406=ORIENTED_EDGE('',*,*,#3283,.T.);
#4407=ORIENTED_EDGE('',*,*,#3294,.T.);
#4408=ORIENTED_EDGE('',*,*,#3274,.T.);
#4409=ORIENTED_EDGE('',*,*,#3295,.T.);
#4410=ORIENTED_EDGE('',*,*,#3273,.T.);
#4411=ORIENTED_EDGE('',*,*,#3289,.T.);
#4412=ORIENTED_EDGE('',*,*,#3281,.T.);
#4413=ORIENTED_EDGE('',*,*,#3296,.T.);
#4414=ORIENTED_EDGE('',*,*,#3297,.T.);
#4415=ORIENTED_EDGE('',*,*,#3296,.F.);
#4416=ORIENTED_EDGE('',*,*,#3298,.T.);
#4417=ORIENTED_EDGE('',*,*,#3253,.F.);
#4418=ORIENTED_EDGE('',*,*,#3298,.F.);
#4419=ORIENTED_EDGE('',*,*,#3299,.T.);
#4420=ORIENTED_EDGE('',*,*,#3300,.T.);
#4421=ORIENTED_EDGE('',*,*,#3299,.F.);
#4422=ORIENTED_EDGE('',*,*,#3301,.T.);
#4423=ORIENTED_EDGE('',*,*,#3252,.F.);
#4424=ORIENTED_EDGE('',*,*,#3301,.F.);
#4425=ORIENTED_EDGE('',*,*,#3302,.T.);
#4426=ORIENTED_EDGE('',*,*,#3303,.T.);
#4427=ORIENTED_EDGE('',*,*,#3302,.F.);
#4428=ORIENTED_EDGE('',*,*,#3304,.T.);
#4429=ORIENTED_EDGE('',*,*,#3251,.F.);
#4430=ORIENTED_EDGE('',*,*,#3304,.F.);
#4431=ORIENTED_EDGE('',*,*,#3305,.T.);
#4432=ORIENTED_EDGE('',*,*,#3306,.T.);
#4433=ORIENTED_EDGE('',*,*,#3305,.F.);
#4434=ORIENTED_EDGE('',*,*,#3307,.T.);
#4435=ORIENTED_EDGE('',*,*,#3250,.F.);
#4436=ORIENTED_EDGE('',*,*,#3307,.F.);
#4437=ORIENTED_EDGE('',*,*,#3308,.T.);
#4438=ORIENTED_EDGE('',*,*,#3309,.T.);
#4439=ORIENTED_EDGE('',*,*,#3306,.F.);
#4440=ORIENTED_EDGE('',*,*,#3309,.F.);
#4441=ORIENTED_EDGE('',*,*,#3308,.F.);
#4442=ORIENTED_EDGE('',*,*,#3310,.T.);
#4443=ORIENTED_EDGE('',*,*,#3311,.T.);
#4444=ORIENTED_EDGE('',*,*,#3303,.F.);
#4445=ORIENTED_EDGE('',*,*,#3311,.F.);
#4446=ORIENTED_EDGE('',*,*,#3310,.F.);
#4447=ORIENTED_EDGE('',*,*,#3312,.T.);
#4448=ORIENTED_EDGE('',*,*,#3313,.T.);
#4449=ORIENTED_EDGE('',*,*,#3300,.F.);
#4450=ORIENTED_EDGE('',*,*,#3313,.F.);
#4451=ORIENTED_EDGE('',*,*,#3312,.F.);
#4452=ORIENTED_EDGE('',*,*,#3314,.T.);
#4453=ORIENTED_EDGE('',*,*,#3315,.T.);
#4454=ORIENTED_EDGE('',*,*,#3297,.F.);
#4455=ORIENTED_EDGE('',*,*,#3315,.F.);
#4456=ORIENTED_EDGE('',*,*,#3314,.F.);
#4457=ORIENTED_EDGE('',*,*,#3170,.T.);
#4458=ORIENTED_EDGE('',*,*,#3172,.F.);
#4459=ORIENTED_EDGE('',*,*,#3179,.T.);
#4460=ORIENTED_EDGE('',*,*,#3263,.F.);
#4461=ORIENTED_EDGE('',*,*,#3247,.T.);
#4462=ORIENTED_EDGE('',*,*,#3244,.F.);
#4463=ORIENTED_EDGE('',*,*,#3210,.F.);
#4464=ORIENTED_EDGE('',*,*,#3090,.F.);
#4465=ORIENTED_EDGE('',*,*,#3162,.T.);
#4466=ORIENTED_EDGE('',*,*,#3092,.T.);
#4467=ORIENTED_EDGE('',*,*,#3209,.F.);
#4468=ORIENTED_EDGE('',*,*,#3243,.F.);
#4469=ORIENTED_EDGE('',*,*,#3180,.T.);
#4470=ORIENTED_EDGE('',*,*,#3176,.F.);
#4471=ORIENTED_EDGE('',*,*,#3191,.T.);
#4472=ORIENTED_EDGE('',*,*,#3184,.T.);
#4473=ORIENTED_EDGE('',*,*,#3198,.T.);
#4474=ORIENTED_EDGE('',*,*,#3316,.F.);
#4475=ORIENTED_EDGE('',*,*,#3317,.F.);
#4476=ORIENTED_EDGE('',*,*,#3318,.F.);
#4477=ORIENTED_EDGE('',*,*,#3319,.F.);
#4478=ORIENTED_EDGE('',*,*,#3320,.F.);
#4479=ORIENTED_EDGE('',*,*,#3317,.T.);
#4480=ORIENTED_EDGE('',*,*,#3321,.F.);
#4481=ORIENTED_EDGE('',*,*,#3322,.T.);
#4482=ORIENTED_EDGE('',*,*,#3323,.T.);
#4483=ORIENTED_EDGE('',*,*,#2858,.T.);
#4484=ORIENTED_EDGE('',*,*,#2855,.T.);
#4485=ORIENTED_EDGE('',*,*,#2852,.T.);
#4486=ORIENTED_EDGE('',*,*,#2861,.T.);
#4487=ORIENTED_EDGE('',*,*,#2870,.T.);
#4488=ORIENTED_EDGE('',*,*,#2867,.T.);
#4489=ORIENTED_EDGE('',*,*,#2864,.T.);
#4490=ORIENTED_EDGE('',*,*,#2873,.T.);
#4491=ORIENTED_EDGE('',*,*,#2882,.T.);
#4492=ORIENTED_EDGE('',*,*,#2879,.T.);
#4493=ORIENTED_EDGE('',*,*,#2876,.T.);
#4494=ORIENTED_EDGE('',*,*,#2885,.T.);
#4495=ORIENTED_EDGE('',*,*,#3187,.T.);
#4496=ORIENTED_EDGE('',*,*,#3320,.T.);
#4497=ORIENTED_EDGE('',*,*,#3324,.T.);
#4498=ORIENTED_EDGE('',*,*,#3325,.T.);
#4499=ORIENTED_EDGE('',*,*,#3321,.T.);
#4500=ORIENTED_EDGE('',*,*,#3316,.T.);
#4501=ORIENTED_EDGE('',*,*,#3197,.T.);
#4502=ORIENTED_EDGE('',*,*,#3192,.T.);
#4503=ORIENTED_EDGE('',*,*,#3319,.T.);
#4504=ORIENTED_EDGE('',*,*,#3326,.F.);
#4505=ORIENTED_EDGE('',*,*,#3327,.T.);
#4506=ORIENTED_EDGE('',*,*,#3324,.F.);
#4507=ORIENTED_EDGE('',*,*,#2894,.T.);
#4508=ORIENTED_EDGE('',*,*,#2891,.T.);
#4509=ORIENTED_EDGE('',*,*,#2888,.T.);
#4510=ORIENTED_EDGE('',*,*,#2897,.T.);
#4511=ORIENTED_EDGE('',*,*,#2906,.T.);
#4512=ORIENTED_EDGE('',*,*,#2903,.T.);
#4513=ORIENTED_EDGE('',*,*,#2900,.T.);
#4514=ORIENTED_EDGE('',*,*,#2909,.T.);
#4515=ORIENTED_EDGE('',*,*,#2918,.T.);
#4516=ORIENTED_EDGE('',*,*,#2915,.T.);
#4517=ORIENTED_EDGE('',*,*,#2912,.T.);
#4518=ORIENTED_EDGE('',*,*,#2921,.T.);
#4519=ORIENTED_EDGE('',*,*,#3318,.T.);
#4520=ORIENTED_EDGE('',*,*,#3323,.F.);
#4521=ORIENTED_EDGE('',*,*,#3328,.T.);
#4522=ORIENTED_EDGE('',*,*,#3326,.T.);
#4523=ORIENTED_EDGE('',*,*,#3074,.T.);
#4524=ORIENTED_EDGE('',*,*,#3071,.T.);
#4525=ORIENTED_EDGE('',*,*,#3068,.T.);
#4526=ORIENTED_EDGE('',*,*,#3077,.T.);
#4527=ORIENTED_EDGE('',*,*,#3062,.T.);
#4528=ORIENTED_EDGE('',*,*,#3059,.T.);
#4529=ORIENTED_EDGE('',*,*,#3056,.T.);
#4530=ORIENTED_EDGE('',*,*,#3065,.T.);
#4531=ORIENTED_EDGE('',*,*,#3050,.T.);
#4532=ORIENTED_EDGE('',*,*,#3047,.T.);
#4533=ORIENTED_EDGE('',*,*,#3044,.T.);
#4534=ORIENTED_EDGE('',*,*,#3053,.T.);
#4535=ORIENTED_EDGE('',*,*,#3038,.T.);
#4536=ORIENTED_EDGE('',*,*,#3035,.T.);
#4537=ORIENTED_EDGE('',*,*,#3032,.T.);
#4538=ORIENTED_EDGE('',*,*,#3041,.T.);
#4539=ORIENTED_EDGE('',*,*,#3026,.T.);
#4540=ORIENTED_EDGE('',*,*,#3023,.T.);
#4541=ORIENTED_EDGE('',*,*,#3020,.T.);
#4542=ORIENTED_EDGE('',*,*,#3029,.T.);
#4543=ORIENTED_EDGE('',*,*,#3014,.T.);
#4544=ORIENTED_EDGE('',*,*,#3011,.T.);
#4545=ORIENTED_EDGE('',*,*,#3008,.T.);
#4546=ORIENTED_EDGE('',*,*,#3017,.T.);
#4547=ORIENTED_EDGE('',*,*,#3002,.T.);
#4548=ORIENTED_EDGE('',*,*,#2999,.T.);
#4549=ORIENTED_EDGE('',*,*,#2996,.T.);
#4550=ORIENTED_EDGE('',*,*,#3005,.T.);
#4551=ORIENTED_EDGE('',*,*,#2990,.T.);
#4552=ORIENTED_EDGE('',*,*,#2987,.T.);
#4553=ORIENTED_EDGE('',*,*,#2984,.T.);
#4554=ORIENTED_EDGE('',*,*,#2993,.T.);
#4555=ORIENTED_EDGE('',*,*,#2978,.T.);
#4556=ORIENTED_EDGE('',*,*,#2975,.T.);
#4557=ORIENTED_EDGE('',*,*,#2972,.T.);
#4558=ORIENTED_EDGE('',*,*,#2981,.T.);
#4559=ORIENTED_EDGE('',*,*,#2966,.T.);
#4560=ORIENTED_EDGE('',*,*,#2963,.T.);
#4561=ORIENTED_EDGE('',*,*,#2960,.T.);
#4562=ORIENTED_EDGE('',*,*,#2969,.T.);
#4563=ORIENTED_EDGE('',*,*,#2954,.T.);
#4564=ORIENTED_EDGE('',*,*,#2951,.T.);
#4565=ORIENTED_EDGE('',*,*,#2948,.T.);
#4566=ORIENTED_EDGE('',*,*,#2957,.T.);
#4567=ORIENTED_EDGE('',*,*,#2942,.T.);
#4568=ORIENTED_EDGE('',*,*,#2939,.T.);
#4569=ORIENTED_EDGE('',*,*,#2936,.T.);
#4570=ORIENTED_EDGE('',*,*,#2945,.T.);
#4571=ORIENTED_EDGE('',*,*,#2930,.T.);
#4572=ORIENTED_EDGE('',*,*,#2927,.T.);
#4573=ORIENTED_EDGE('',*,*,#2924,.T.);
#4574=ORIENTED_EDGE('',*,*,#2933,.T.);
#4575=ORIENTED_EDGE('',*,*,#3327,.F.);
#4576=ORIENTED_EDGE('',*,*,#3328,.F.);
#4577=ORIENTED_EDGE('',*,*,#3322,.F.);
#4578=ORIENTED_EDGE('',*,*,#3325,.F.);
#4579=ORIENTED_EDGE('',*,*,#3329,.T.);
#4580=ORIENTED_EDGE('',*,*,#3330,.T.);
#4581=ORIENTED_EDGE('',*,*,#3331,.F.);
#4582=ORIENTED_EDGE('',*,*,#3332,.T.);
#4583=ORIENTED_EDGE('',*,*,#3333,.F.);
#4584=ORIENTED_EDGE('',*,*,#3334,.F.);
#4585=ORIENTED_EDGE('',*,*,#3335,.F.);
#4586=ORIENTED_EDGE('',*,*,#3330,.F.);
#4587=ORIENTED_EDGE('',*,*,#3336,.F.);
#4588=ORIENTED_EDGE('',*,*,#3337,.T.);
#4589=ORIENTED_EDGE('',*,*,#3338,.F.);
#4590=ORIENTED_EDGE('',*,*,#3339,.F.);
#4591=ORIENTED_EDGE('',*,*,#3332,.F.);
#4592=ORIENTED_EDGE('',*,*,#3339,.T.);
#4593=ORIENTED_EDGE('',*,*,#3340,.F.);
#4594=ORIENTED_EDGE('',*,*,#3333,.T.);
#4595=ORIENTED_EDGE('',*,*,#3329,.F.);
#4596=ORIENTED_EDGE('',*,*,#3340,.T.);
#4597=ORIENTED_EDGE('',*,*,#3338,.T.);
#4598=ORIENTED_EDGE('',*,*,#3341,.F.);
#4599=ORIENTED_EDGE('',*,*,#3334,.T.);
#4600=ORIENTED_EDGE('',*,*,#3342,.T.);
#4601=ORIENTED_EDGE('',*,*,#3343,.T.);
#4602=ORIENTED_EDGE('',*,*,#3344,.T.);
#4603=ORIENTED_EDGE('',*,*,#3345,.T.);
#4604=ORIENTED_EDGE('',*,*,#3346,.T.);
#4605=ORIENTED_EDGE('',*,*,#3347,.T.);
#4606=ORIENTED_EDGE('',*,*,#3336,.T.);
#4607=ORIENTED_EDGE('',*,*,#3331,.T.);
#4608=ORIENTED_EDGE('',*,*,#3335,.T.);
#4609=ORIENTED_EDGE('',*,*,#3341,.T.);
#4610=ORIENTED_EDGE('',*,*,#3348,.T.);
#4611=ORIENTED_EDGE('',*,*,#3349,.T.);
#4612=ORIENTED_EDGE('',*,*,#3350,.T.);
#4613=ORIENTED_EDGE('',*,*,#3351,.T.);
#4614=ORIENTED_EDGE('',*,*,#3352,.T.);
#4615=ORIENTED_EDGE('',*,*,#3353,.F.);
#4616=ORIENTED_EDGE('',*,*,#3354,.T.);
#4617=ORIENTED_EDGE('',*,*,#3352,.F.);
#4618=ORIENTED_EDGE('',*,*,#3354,.F.);
#4619=ORIENTED_EDGE('',*,*,#3355,.T.);
#4620=ORIENTED_EDGE('',*,*,#3356,.F.);
#4621=ORIENTED_EDGE('',*,*,#3357,.T.);
#4622=ORIENTED_EDGE('',*,*,#3355,.F.);
#4623=ORIENTED_EDGE('',*,*,#3357,.F.);
#4624=ORIENTED_EDGE('',*,*,#3358,.F.);
#4625=ORIENTED_EDGE('',*,*,#3359,.T.);
#4626=ORIENTED_EDGE('',*,*,#3351,.F.);
#4627=ORIENTED_EDGE('',*,*,#3360,.F.);
#4628=ORIENTED_EDGE('',*,*,#3361,.F.);
#4629=ORIENTED_EDGE('',*,*,#3360,.T.);
#4630=ORIENTED_EDGE('',*,*,#3350,.F.);
#4631=ORIENTED_EDGE('',*,*,#3362,.F.);
#4632=ORIENTED_EDGE('',*,*,#3363,.F.);
#4633=ORIENTED_EDGE('',*,*,#3362,.T.);
#4634=ORIENTED_EDGE('',*,*,#3349,.F.);
#4635=ORIENTED_EDGE('',*,*,#3364,.T.);
#4636=ORIENTED_EDGE('',*,*,#3365,.F.);
#4637=ORIENTED_EDGE('',*,*,#3364,.F.);
#4638=ORIENTED_EDGE('',*,*,#3348,.F.);
#4639=ORIENTED_EDGE('',*,*,#3337,.F.);
#4640=ORIENTED_EDGE('',*,*,#3359,.F.);
#4641=ORIENTED_EDGE('',*,*,#3347,.F.);
#4642=ORIENTED_EDGE('',*,*,#3366,.T.);
#4643=ORIENTED_EDGE('',*,*,#3367,.T.);
#4644=ORIENTED_EDGE('',*,*,#3366,.F.);
#4645=ORIENTED_EDGE('',*,*,#3367,.F.);
#4646=ORIENTED_EDGE('',*,*,#3368,.T.);
#4647=ORIENTED_EDGE('',*,*,#3369,.F.);
#4648=ORIENTED_EDGE('',*,*,#3368,.F.);
#4649=ORIENTED_EDGE('',*,*,#3346,.F.);
#4650=ORIENTED_EDGE('',*,*,#3370,.T.);
#4651=ORIENTED_EDGE('',*,*,#3371,.T.);
#4652=ORIENTED_EDGE('',*,*,#3370,.F.);
#4653=ORIENTED_EDGE('',*,*,#3371,.F.);
#4654=ORIENTED_EDGE('',*,*,#3372,.T.);
#4655=ORIENTED_EDGE('',*,*,#3373,.F.);
#4656=ORIENTED_EDGE('',*,*,#3372,.F.);
#4657=ORIENTED_EDGE('',*,*,#3374,.F.);
#4658=ORIENTED_EDGE('',*,*,#3375,.F.);
#4659=ORIENTED_EDGE('',*,*,#3376,.T.);
#4660=ORIENTED_EDGE('',*,*,#3377,.F.);
#4661=ORIENTED_EDGE('',*,*,#3378,.F.);
#4662=ORIENTED_EDGE('',*,*,#3379,.T.);
#4663=ORIENTED_EDGE('',*,*,#3380,.T.);
#4664=ORIENTED_EDGE('',*,*,#3375,.T.);
#4665=ORIENTED_EDGE('',*,*,#3381,.F.);
#4666=ORIENTED_EDGE('',*,*,#3382,.F.);
#4667=ORIENTED_EDGE('',*,*,#3376,.F.);
#4668=ORIENTED_EDGE('',*,*,#3380,.F.);
#4669=ORIENTED_EDGE('',*,*,#3383,.F.);
#4670=ORIENTED_EDGE('',*,*,#3384,.F.);
#4671=ORIENTED_EDGE('',*,*,#3381,.T.);
#4672=ORIENTED_EDGE('',*,*,#3379,.F.);
#4673=ORIENTED_EDGE('',*,*,#3385,.F.);
#4674=ORIENTED_EDGE('',*,*,#3377,.T.);
#4675=ORIENTED_EDGE('',*,*,#3382,.T.);
#4676=ORIENTED_EDGE('',*,*,#3384,.T.);
#4677=ORIENTED_EDGE('',*,*,#3386,.F.);
#4678=ORIENTED_EDGE('',*,*,#3387,.F.);
#4679=ORIENTED_EDGE('',*,*,#3388,.T.);
#4680=ORIENTED_EDGE('',*,*,#3389,.F.);
#4681=ORIENTED_EDGE('',*,*,#3390,.F.);
#4682=ORIENTED_EDGE('',*,*,#3391,.T.);
#4683=ORIENTED_EDGE('',*,*,#3392,.T.);
#4684=ORIENTED_EDGE('',*,*,#3387,.T.);
#4685=ORIENTED_EDGE('',*,*,#3393,.F.);
#4686=ORIENTED_EDGE('',*,*,#3394,.F.);
#4687=ORIENTED_EDGE('',*,*,#3388,.F.);
#4688=ORIENTED_EDGE('',*,*,#3392,.F.);
#4689=ORIENTED_EDGE('',*,*,#3395,.F.);
#4690=ORIENTED_EDGE('',*,*,#3396,.F.);
#4691=ORIENTED_EDGE('',*,*,#3393,.T.);
#4692=ORIENTED_EDGE('',*,*,#3391,.F.);
#4693=ORIENTED_EDGE('',*,*,#3397,.F.);
#4694=ORIENTED_EDGE('',*,*,#3389,.T.);
#4695=ORIENTED_EDGE('',*,*,#3394,.T.);
#4696=ORIENTED_EDGE('',*,*,#3396,.T.);
#4697=ORIENTED_EDGE('',*,*,#3398,.T.);
#4698=ORIENTED_EDGE('',*,*,#3399,.T.);
#4699=ORIENTED_EDGE('',*,*,#3400,.T.);
#4700=ORIENTED_EDGE('',*,*,#3401,.T.);
#4701=ORIENTED_EDGE('',*,*,#3353,.T.);
#4702=ORIENTED_EDGE('',*,*,#3356,.T.);
#4703=ORIENTED_EDGE('',*,*,#3363,.T.);
#4704=ORIENTED_EDGE('',*,*,#3365,.T.);
#4705=ORIENTED_EDGE('',*,*,#3358,.T.);
#4706=ORIENTED_EDGE('',*,*,#3361,.T.);
#4707=ORIENTED_EDGE('',*,*,#3369,.T.);
#4708=ORIENTED_EDGE('',*,*,#3373,.T.);
#4709=ORIENTED_EDGE('',*,*,#3402,.F.);
#4710=ORIENTED_EDGE('',*,*,#3345,.F.);
#4711=ORIENTED_EDGE('',*,*,#3403,.F.);
#4712=ORIENTED_EDGE('',*,*,#3399,.F.);
#4713=ORIENTED_EDGE('',*,*,#3378,.T.);
#4714=ORIENTED_EDGE('',*,*,#3374,.T.);
#4715=ORIENTED_EDGE('',*,*,#3385,.T.);
#4716=ORIENTED_EDGE('',*,*,#3383,.T.);
#4717=ORIENTED_EDGE('',*,*,#3390,.T.);
#4718=ORIENTED_EDGE('',*,*,#3386,.T.);
#4719=ORIENTED_EDGE('',*,*,#3397,.T.);
#4720=ORIENTED_EDGE('',*,*,#3395,.T.);
#4721=ORIENTED_EDGE('',*,*,#3403,.T.);
#4722=ORIENTED_EDGE('',*,*,#3344,.F.);
#4723=ORIENTED_EDGE('',*,*,#3404,.F.);
#4724=ORIENTED_EDGE('',*,*,#3400,.F.);
#4725=ORIENTED_EDGE('',*,*,#3404,.T.);
#4726=ORIENTED_EDGE('',*,*,#3343,.F.);
#4727=ORIENTED_EDGE('',*,*,#3405,.F.);
#4728=ORIENTED_EDGE('',*,*,#3401,.F.);
#4729=ORIENTED_EDGE('',*,*,#3405,.T.);
#4730=ORIENTED_EDGE('',*,*,#3342,.F.);
#4731=ORIENTED_EDGE('',*,*,#3402,.T.);
#4732=ORIENTED_EDGE('',*,*,#3398,.F.);
#4733=ORIENTED_EDGE('',*,*,#3406,.F.);
#4734=ORIENTED_EDGE('',*,*,#3407,.T.);
#4735=ORIENTED_EDGE('',*,*,#3408,.T.);
#4736=ORIENTED_EDGE('',*,*,#3409,.F.);
#4737=ORIENTED_EDGE('',*,*,#3410,.F.);
#4738=ORIENTED_EDGE('',*,*,#3409,.T.);
#4739=ORIENTED_EDGE('',*,*,#3411,.T.);
#4740=ORIENTED_EDGE('',*,*,#3412,.F.);
#4741=ORIENTED_EDGE('',*,*,#3413,.F.);
#4742=ORIENTED_EDGE('',*,*,#3412,.T.);
#4743=ORIENTED_EDGE('',*,*,#3414,.T.);
#4744=ORIENTED_EDGE('',*,*,#3415,.T.);
#4745=ORIENTED_EDGE('',*,*,#3416,.F.);
#4746=ORIENTED_EDGE('',*,*,#3415,.F.);
#4747=ORIENTED_EDGE('',*,*,#3417,.T.);
#4748=ORIENTED_EDGE('',*,*,#3407,.F.);
#4749=ORIENTED_EDGE('',*,*,#3417,.F.);
#4750=ORIENTED_EDGE('',*,*,#3414,.F.);
#4751=ORIENTED_EDGE('',*,*,#3411,.F.);
#4752=ORIENTED_EDGE('',*,*,#3408,.F.);
#4753=ORIENTED_EDGE('',*,*,#3418,.F.);
#4754=ORIENTED_EDGE('',*,*,#3419,.F.);
#4755=ORIENTED_EDGE('',*,*,#3420,.F.);
#4756=ORIENTED_EDGE('',*,*,#3421,.F.);
#4757=ORIENTED_EDGE('',*,*,#3422,.F.);
#4758=ORIENTED_EDGE('',*,*,#3423,.T.);
#4759=ORIENTED_EDGE('',*,*,#3424,.T.);
#4760=ORIENTED_EDGE('',*,*,#3425,.F.);
#4761=ORIENTED_EDGE('',*,*,#3426,.F.);
#4762=ORIENTED_EDGE('',*,*,#3425,.T.);
#4763=ORIENTED_EDGE('',*,*,#3427,.T.);
#4764=ORIENTED_EDGE('',*,*,#3428,.F.);
#4765=ORIENTED_EDGE('',*,*,#3429,.F.);
#4766=ORIENTED_EDGE('',*,*,#3428,.T.);
#4767=ORIENTED_EDGE('',*,*,#3430,.T.);
#4768=ORIENTED_EDGE('',*,*,#3431,.T.);
#4769=ORIENTED_EDGE('',*,*,#3432,.F.);
#4770=ORIENTED_EDGE('',*,*,#3431,.F.);
#4771=ORIENTED_EDGE('',*,*,#3433,.T.);
#4772=ORIENTED_EDGE('',*,*,#3423,.F.);
#4773=ORIENTED_EDGE('',*,*,#3433,.F.);
#4774=ORIENTED_EDGE('',*,*,#3430,.F.);
#4775=ORIENTED_EDGE('',*,*,#3427,.F.);
#4776=ORIENTED_EDGE('',*,*,#3424,.F.);
#4777=ORIENTED_EDGE('',*,*,#3434,.F.);
#4778=ORIENTED_EDGE('',*,*,#3435,.F.);
#4779=ORIENTED_EDGE('',*,*,#3436,.F.);
#4780=ORIENTED_EDGE('',*,*,#3437,.F.);
#4781=ORIENTED_EDGE('',*,*,#3420,.T.);
#4782=ORIENTED_EDGE('',*,*,#3438,.T.);
#4783=ORIENTED_EDGE('',*,*,#3439,.F.);
#4784=ORIENTED_EDGE('',*,*,#3440,.T.);
#4785=ORIENTED_EDGE('',*,*,#3419,.T.);
#4786=ORIENTED_EDGE('',*,*,#3441,.T.);
#4787=ORIENTED_EDGE('',*,*,#3442,.F.);
#4788=ORIENTED_EDGE('',*,*,#3438,.F.);
#4789=ORIENTED_EDGE('',*,*,#3436,.T.);
#4790=ORIENTED_EDGE('',*,*,#3443,.T.);
#4791=ORIENTED_EDGE('',*,*,#3444,.F.);
#4792=ORIENTED_EDGE('',*,*,#3445,.T.);
#4793=ORIENTED_EDGE('',*,*,#3435,.T.);
#4794=ORIENTED_EDGE('',*,*,#3446,.T.);
#4795=ORIENTED_EDGE('',*,*,#3447,.F.);
#4796=ORIENTED_EDGE('',*,*,#3443,.F.);
#4797=ORIENTED_EDGE('',*,*,#3418,.T.);
#4798=ORIENTED_EDGE('',*,*,#3448,.T.);
#4799=ORIENTED_EDGE('',*,*,#3449,.F.);
#4800=ORIENTED_EDGE('',*,*,#3441,.F.);
#4801=ORIENTED_EDGE('',*,*,#3421,.T.);
#4802=ORIENTED_EDGE('',*,*,#3440,.F.);
#4803=ORIENTED_EDGE('',*,*,#3450,.F.);
#4804=ORIENTED_EDGE('',*,*,#3448,.F.);
#4805=ORIENTED_EDGE('',*,*,#3434,.T.);
#4806=ORIENTED_EDGE('',*,*,#3451,.T.);
#4807=ORIENTED_EDGE('',*,*,#3452,.F.);
#4808=ORIENTED_EDGE('',*,*,#3446,.F.);
#4809=ORIENTED_EDGE('',*,*,#3437,.T.);
#4810=ORIENTED_EDGE('',*,*,#3445,.F.);
#4811=ORIENTED_EDGE('',*,*,#3453,.F.);
#4812=ORIENTED_EDGE('',*,*,#3451,.F.);
#4813=ORIENTED_EDGE('',*,*,#3454,.F.);
#4814=ORIENTED_EDGE('',*,*,#3455,.F.);
#4815=ORIENTED_EDGE('',*,*,#3456,.F.);
#4816=ORIENTED_EDGE('',*,*,#3457,.F.);
#4817=ORIENTED_EDGE('',*,*,#3458,.F.);
#4818=ORIENTED_EDGE('',*,*,#3459,.T.);
#4819=ORIENTED_EDGE('',*,*,#3460,.F.);
#4820=ORIENTED_EDGE('',*,*,#3459,.F.);
#4821=ORIENTED_EDGE('',*,*,#3461,.F.);
#4822=ORIENTED_EDGE('',*,*,#3462,.F.);
#4823=ORIENTED_EDGE('',*,*,#3463,.F.);
#4824=ORIENTED_EDGE('',*,*,#3464,.F.);
#4825=ORIENTED_EDGE('',*,*,#3465,.F.);
#4826=ORIENTED_EDGE('',*,*,#3464,.T.);
#4827=ORIENTED_EDGE('',*,*,#3466,.F.);
#4828=ORIENTED_EDGE('',*,*,#3467,.F.);
#4829=ORIENTED_EDGE('',*,*,#3468,.F.);
#4830=ORIENTED_EDGE('',*,*,#3469,.T.);
#4831=ORIENTED_EDGE('',*,*,#3470,.F.);
#4832=ORIENTED_EDGE('',*,*,#3469,.F.);
#4833=ORIENTED_EDGE('',*,*,#3471,.F.);
#4834=ORIENTED_EDGE('',*,*,#3455,.T.);
#4835=ORIENTED_EDGE('',*,*,#3472,.F.);
#4836=ORIENTED_EDGE('',*,*,#3473,.F.);
#4837=ORIENTED_EDGE('',*,*,#3474,.F.);
#4838=ORIENTED_EDGE('',*,*,#3475,.F.);
#4839=ORIENTED_EDGE('',*,*,#3476,.F.);
#4840=ORIENTED_EDGE('',*,*,#3477,.F.);
#4841=ORIENTED_EDGE('',*,*,#3478,.F.);
#4842=ORIENTED_EDGE('',*,*,#3479,.F.);
#4843=ORIENTED_EDGE('',*,*,#3413,.T.);
#4844=ORIENTED_EDGE('',*,*,#3416,.T.);
#4845=ORIENTED_EDGE('',*,*,#3406,.T.);
#4846=ORIENTED_EDGE('',*,*,#3410,.T.);
#4847=ORIENTED_EDGE('',*,*,#3429,.T.);
#4848=ORIENTED_EDGE('',*,*,#3432,.T.);
#4849=ORIENTED_EDGE('',*,*,#3422,.T.);
#4850=ORIENTED_EDGE('',*,*,#3426,.T.);
#4851=ORIENTED_EDGE('',*,*,#3456,.T.);
#4852=ORIENTED_EDGE('',*,*,#3471,.T.);
#4853=ORIENTED_EDGE('',*,*,#3468,.T.);
#4854=ORIENTED_EDGE('',*,*,#3480,.T.);
#4855=ORIENTED_EDGE('',*,*,#3481,.T.);
#4856=ORIENTED_EDGE('',*,*,#3482,.T.);
#4857=ORIENTED_EDGE('',*,*,#3483,.T.);
#4858=ORIENTED_EDGE('',*,*,#3484,.T.);
#4859=ORIENTED_EDGE('',*,*,#3485,.T.);
#4860=ORIENTED_EDGE('',*,*,#3486,.T.);
#4861=ORIENTED_EDGE('',*,*,#3467,.T.);
#4862=ORIENTED_EDGE('',*,*,#3487,.T.);
#4863=ORIENTED_EDGE('',*,*,#3488,.F.);
#4864=ORIENTED_EDGE('',*,*,#3480,.F.);
#4865=ORIENTED_EDGE('',*,*,#3466,.T.);
#4866=ORIENTED_EDGE('',*,*,#3463,.T.);
#4867=ORIENTED_EDGE('',*,*,#3489,.F.);
#4868=ORIENTED_EDGE('',*,*,#3490,.F.);
#4869=ORIENTED_EDGE('',*,*,#3491,.F.);
#4870=ORIENTED_EDGE('',*,*,#3487,.F.);
#4871=ORIENTED_EDGE('',*,*,#3481,.F.);
#4872=ORIENTED_EDGE('',*,*,#3488,.T.);
#4873=ORIENTED_EDGE('',*,*,#3491,.T.);
#4874=ORIENTED_EDGE('',*,*,#3492,.T.);
#4875=ORIENTED_EDGE('',*,*,#3483,.F.);
#4876=ORIENTED_EDGE('',*,*,#3493,.T.);
#4877=ORIENTED_EDGE('',*,*,#3494,.F.);
#4878=ORIENTED_EDGE('',*,*,#3462,.T.);
#4879=ORIENTED_EDGE('',*,*,#3495,.F.);
#4880=ORIENTED_EDGE('',*,*,#3496,.T.);
#4881=ORIENTED_EDGE('',*,*,#3489,.T.);
#4882=ORIENTED_EDGE('',*,*,#3482,.F.);
#4883=ORIENTED_EDGE('',*,*,#3492,.F.);
#4884=ORIENTED_EDGE('',*,*,#3490,.T.);
#4885=ORIENTED_EDGE('',*,*,#3496,.F.);
#4886=ORIENTED_EDGE('',*,*,#3493,.F.);
#4887=ORIENTED_EDGE('',*,*,#3494,.T.);
#4888=ORIENTED_EDGE('',*,*,#3497,.T.);
#4889=ORIENTED_EDGE('',*,*,#3498,.T.);
#4890=ORIENTED_EDGE('',*,*,#3484,.F.);
#4891=ORIENTED_EDGE('',*,*,#3485,.F.);
#4892=ORIENTED_EDGE('',*,*,#3498,.F.);
#4893=ORIENTED_EDGE('',*,*,#3499,.F.);
#4894=ORIENTED_EDGE('',*,*,#3500,.F.);
#4895=ORIENTED_EDGE('',*,*,#3457,.T.);
#4896=ORIENTED_EDGE('',*,*,#3486,.F.);
#4897=ORIENTED_EDGE('',*,*,#3500,.T.);
#4898=ORIENTED_EDGE('',*,*,#3501,.T.);
#4899=ORIENTED_EDGE('',*,*,#3458,.T.);
#4900=ORIENTED_EDGE('',*,*,#3501,.F.);
#4901=ORIENTED_EDGE('',*,*,#3499,.T.);
#4902=ORIENTED_EDGE('',*,*,#3497,.F.);
#4903=ORIENTED_EDGE('',*,*,#3495,.T.);
#4904=ORIENTED_EDGE('',*,*,#3461,.T.);
#4905=ORIENTED_EDGE('',*,*,#3502,.F.);
#4906=ORIENTED_EDGE('',*,*,#3439,.T.);
#4907=ORIENTED_EDGE('',*,*,#3442,.T.);
#4908=ORIENTED_EDGE('',*,*,#3449,.T.);
#4909=ORIENTED_EDGE('',*,*,#3450,.T.);
#4910=ORIENTED_EDGE('',*,*,#3444,.T.);
#4911=ORIENTED_EDGE('',*,*,#3447,.T.);
#4912=ORIENTED_EDGE('',*,*,#3452,.T.);
#4913=ORIENTED_EDGE('',*,*,#3453,.T.);
#4914=ORIENTED_EDGE('',*,*,#3465,.T.);
#4915=ORIENTED_EDGE('',*,*,#3470,.T.);
#4916=ORIENTED_EDGE('',*,*,#3454,.T.);
#4917=ORIENTED_EDGE('',*,*,#3460,.T.);
#4918=ORIENTED_EDGE('',*,*,#3502,.T.);
#4919=ORIENTED_EDGE('',*,*,#3503,.T.);
#4920=ORIENTED_EDGE('',*,*,#3504,.F.);
#4921=ORIENTED_EDGE('',*,*,#3503,.F.);
#4922=ORIENTED_EDGE('',*,*,#3505,.T.);
#4923=ORIENTED_EDGE('',*,*,#3472,.T.);
#4924=ORIENTED_EDGE('',*,*,#3506,.T.);
#4925=ORIENTED_EDGE('',*,*,#3507,.T.);
#4926=ORIENTED_EDGE('',*,*,#3508,.T.);
#4927=ORIENTED_EDGE('',*,*,#3509,.T.);
#4928=ORIENTED_EDGE('',*,*,#3506,.F.);
#4929=ORIENTED_EDGE('',*,*,#3479,.T.);
#4930=ORIENTED_EDGE('',*,*,#3510,.T.);
#4931=ORIENTED_EDGE('',*,*,#3511,.T.);
#4932=ORIENTED_EDGE('',*,*,#3508,.F.);
#4933=ORIENTED_EDGE('',*,*,#3478,.T.);
#4934=ORIENTED_EDGE('',*,*,#3512,.T.);
#4935=ORIENTED_EDGE('',*,*,#3513,.T.);
#4936=ORIENTED_EDGE('',*,*,#3510,.F.);
#4937=ORIENTED_EDGE('',*,*,#3477,.T.);
#4938=ORIENTED_EDGE('',*,*,#3514,.T.);
#4939=ORIENTED_EDGE('',*,*,#3515,.T.);
#4940=ORIENTED_EDGE('',*,*,#3512,.F.);
#4941=ORIENTED_EDGE('',*,*,#3476,.T.);
#4942=ORIENTED_EDGE('',*,*,#3516,.T.);
#4943=ORIENTED_EDGE('',*,*,#3517,.T.);
#4944=ORIENTED_EDGE('',*,*,#3514,.F.);
#4945=ORIENTED_EDGE('',*,*,#3475,.T.);
#4946=ORIENTED_EDGE('',*,*,#3518,.T.);
#4947=ORIENTED_EDGE('',*,*,#3519,.T.);
#4948=ORIENTED_EDGE('',*,*,#3516,.F.);
#4949=ORIENTED_EDGE('',*,*,#3474,.T.);
#4950=ORIENTED_EDGE('',*,*,#3518,.F.);
#4951=ORIENTED_EDGE('',*,*,#3473,.T.);
#4952=ORIENTED_EDGE('',*,*,#3505,.F.);
#4953=ORIENTED_EDGE('',*,*,#3520,.T.);
#4954=ORIENTED_EDGE('',*,*,#3517,.F.);
#4955=ORIENTED_EDGE('',*,*,#3521,.F.);
#4956=ORIENTED_EDGE('',*,*,#3522,.F.);
#4957=ORIENTED_EDGE('',*,*,#3523,.F.);
#4958=ORIENTED_EDGE('',*,*,#3519,.F.);
#4959=ORIENTED_EDGE('',*,*,#3524,.T.);
#4960=ORIENTED_EDGE('',*,*,#3525,.T.);
#4961=ORIENTED_EDGE('',*,*,#3521,.T.);
#4962=ORIENTED_EDGE('',*,*,#3520,.F.);
#4963=ORIENTED_EDGE('',*,*,#3526,.F.);
#4964=ORIENTED_EDGE('',*,*,#3527,.F.);
#4965=ORIENTED_EDGE('',*,*,#3524,.F.);
#4966=ORIENTED_EDGE('',*,*,#3507,.F.);
#4967=ORIENTED_EDGE('',*,*,#3528,.T.);
#4968=ORIENTED_EDGE('',*,*,#3529,.T.);
#4969=ORIENTED_EDGE('',*,*,#3526,.T.);
#4970=ORIENTED_EDGE('',*,*,#3509,.F.);
#4971=ORIENTED_EDGE('',*,*,#3530,.F.);
#4972=ORIENTED_EDGE('',*,*,#3531,.F.);
#4973=ORIENTED_EDGE('',*,*,#3528,.F.);
#4974=ORIENTED_EDGE('',*,*,#3511,.F.);
#4975=ORIENTED_EDGE('',*,*,#3532,.T.);
#4976=ORIENTED_EDGE('',*,*,#3533,.T.);
#4977=ORIENTED_EDGE('',*,*,#3530,.T.);
#4978=ORIENTED_EDGE('',*,*,#3513,.F.);
#4979=ORIENTED_EDGE('',*,*,#3534,.F.);
#4980=ORIENTED_EDGE('',*,*,#3535,.F.);
#4981=ORIENTED_EDGE('',*,*,#3532,.F.);
#4982=ORIENTED_EDGE('',*,*,#3515,.F.);
#4983=ORIENTED_EDGE('',*,*,#3523,.T.);
#4984=ORIENTED_EDGE('',*,*,#3536,.T.);
#4985=ORIENTED_EDGE('',*,*,#3534,.T.);
#4986=ORIENTED_EDGE('',*,*,#3529,.F.);
#4987=ORIENTED_EDGE('',*,*,#3531,.T.);
#4988=ORIENTED_EDGE('',*,*,#3533,.F.);
#4989=ORIENTED_EDGE('',*,*,#3535,.T.);
#4990=ORIENTED_EDGE('',*,*,#3536,.F.);
#4991=ORIENTED_EDGE('',*,*,#3522,.T.);
#4992=ORIENTED_EDGE('',*,*,#3525,.F.);
#4993=ORIENTED_EDGE('',*,*,#3527,.T.);
#4994=ORIENTED_EDGE('',*,*,#3504,.T.);
#4995=ORIENTED_EDGE('',*,*,#3537,.T.);
#4996=ORIENTED_EDGE('',*,*,#3538,.T.);
#4997=ORIENTED_EDGE('',*,*,#3539,.T.);
#4998=ORIENTED_EDGE('',*,*,#3540,.T.);
#4999=ORIENTED_EDGE('',*,*,#3541,.F.);
#5000=ORIENTED_EDGE('',*,*,#3542,.F.);
#5001=ORIENTED_EDGE('',*,*,#3543,.F.);
#5002=ORIENTED_EDGE('',*,*,#3538,.F.);
#5003=ORIENTED_EDGE('',*,*,#3543,.T.);
#5004=ORIENTED_EDGE('',*,*,#3544,.F.);
#5005=ORIENTED_EDGE('',*,*,#3545,.F.);
#5006=ORIENTED_EDGE('',*,*,#3539,.F.);
#5007=ORIENTED_EDGE('',*,*,#3545,.T.);
#5008=ORIENTED_EDGE('',*,*,#3546,.F.);
#5009=ORIENTED_EDGE('',*,*,#3547,.F.);
#5010=ORIENTED_EDGE('',*,*,#3540,.F.);
#5011=ORIENTED_EDGE('',*,*,#3547,.T.);
#5012=ORIENTED_EDGE('',*,*,#3548,.F.);
#5013=ORIENTED_EDGE('',*,*,#3541,.T.);
#5014=ORIENTED_EDGE('',*,*,#3537,.F.);
#5015=ORIENTED_EDGE('',*,*,#3548,.T.);
#5016=ORIENTED_EDGE('',*,*,#3546,.T.);
#5017=ORIENTED_EDGE('',*,*,#3544,.T.);
#5018=ORIENTED_EDGE('',*,*,#3542,.T.);
#5019=ORIENTED_EDGE('',*,*,#3549,.T.);
#5020=ORIENTED_EDGE('',*,*,#3550,.T.);
#5021=ORIENTED_EDGE('',*,*,#3551,.T.);
#5022=ORIENTED_EDGE('',*,*,#3552,.T.);
#5023=ORIENTED_EDGE('',*,*,#3553,.F.);
#5024=ORIENTED_EDGE('',*,*,#3554,.F.);
#5025=ORIENTED_EDGE('',*,*,#3555,.F.);
#5026=ORIENTED_EDGE('',*,*,#3550,.F.);
#5027=ORIENTED_EDGE('',*,*,#3555,.T.);
#5028=ORIENTED_EDGE('',*,*,#3556,.F.);
#5029=ORIENTED_EDGE('',*,*,#3557,.F.);
#5030=ORIENTED_EDGE('',*,*,#3551,.F.);
#5031=ORIENTED_EDGE('',*,*,#3557,.T.);
#5032=ORIENTED_EDGE('',*,*,#3558,.F.);
#5033=ORIENTED_EDGE('',*,*,#3559,.F.);
#5034=ORIENTED_EDGE('',*,*,#3552,.F.);
#5035=ORIENTED_EDGE('',*,*,#3559,.T.);
#5036=ORIENTED_EDGE('',*,*,#3560,.F.);
#5037=ORIENTED_EDGE('',*,*,#3553,.T.);
#5038=ORIENTED_EDGE('',*,*,#3549,.F.);
#5039=ORIENTED_EDGE('',*,*,#3560,.T.);
#5040=ORIENTED_EDGE('',*,*,#3558,.T.);
#5041=ORIENTED_EDGE('',*,*,#3556,.T.);
#5042=ORIENTED_EDGE('',*,*,#3554,.T.);
#5043=ORIENTED_EDGE('',*,*,#3561,.T.);
#5044=ORIENTED_EDGE('',*,*,#3562,.T.);
#5045=ORIENTED_EDGE('',*,*,#3563,.T.);
#5046=ORIENTED_EDGE('',*,*,#3564,.T.);
#5047=ORIENTED_EDGE('',*,*,#3565,.F.);
#5048=ORIENTED_EDGE('',*,*,#3566,.F.);
#5049=ORIENTED_EDGE('',*,*,#3567,.F.);
#5050=ORIENTED_EDGE('',*,*,#3562,.F.);
#5051=ORIENTED_EDGE('',*,*,#3567,.T.);
#5052=ORIENTED_EDGE('',*,*,#3568,.F.);
#5053=ORIENTED_EDGE('',*,*,#3569,.F.);
#5054=ORIENTED_EDGE('',*,*,#3563,.F.);
#5055=ORIENTED_EDGE('',*,*,#3569,.T.);
#5056=ORIENTED_EDGE('',*,*,#3570,.F.);
#5057=ORIENTED_EDGE('',*,*,#3571,.F.);
#5058=ORIENTED_EDGE('',*,*,#3564,.F.);
#5059=ORIENTED_EDGE('',*,*,#3571,.T.);
#5060=ORIENTED_EDGE('',*,*,#3572,.F.);
#5061=ORIENTED_EDGE('',*,*,#3565,.T.);
#5062=ORIENTED_EDGE('',*,*,#3561,.F.);
#5063=ORIENTED_EDGE('',*,*,#3572,.T.);
#5064=ORIENTED_EDGE('',*,*,#3570,.T.);
#5065=ORIENTED_EDGE('',*,*,#3568,.T.);
#5066=ORIENTED_EDGE('',*,*,#3566,.T.);
#5067=ORIENTED_EDGE('',*,*,#3573,.T.);
#5068=ORIENTED_EDGE('',*,*,#3574,.T.);
#5069=ORIENTED_EDGE('',*,*,#3575,.T.);
#5070=ORIENTED_EDGE('',*,*,#3576,.T.);
#5071=ORIENTED_EDGE('',*,*,#3577,.F.);
#5072=ORIENTED_EDGE('',*,*,#3578,.F.);
#5073=ORIENTED_EDGE('',*,*,#3579,.F.);
#5074=ORIENTED_EDGE('',*,*,#3574,.F.);
#5075=ORIENTED_EDGE('',*,*,#3579,.T.);
#5076=ORIENTED_EDGE('',*,*,#3580,.F.);
#5077=ORIENTED_EDGE('',*,*,#3581,.F.);
#5078=ORIENTED_EDGE('',*,*,#3575,.F.);
#5079=ORIENTED_EDGE('',*,*,#3581,.T.);
#5080=ORIENTED_EDGE('',*,*,#3582,.F.);
#5081=ORIENTED_EDGE('',*,*,#3583,.F.);
#5082=ORIENTED_EDGE('',*,*,#3576,.F.);
#5083=ORIENTED_EDGE('',*,*,#3583,.T.);
#5084=ORIENTED_EDGE('',*,*,#3584,.F.);
#5085=ORIENTED_EDGE('',*,*,#3577,.T.);
#5086=ORIENTED_EDGE('',*,*,#3573,.F.);
#5087=ORIENTED_EDGE('',*,*,#3584,.T.);
#5088=ORIENTED_EDGE('',*,*,#3582,.T.);
#5089=ORIENTED_EDGE('',*,*,#3580,.T.);
#5090=ORIENTED_EDGE('',*,*,#3578,.T.);
#5091=ORIENTED_EDGE('',*,*,#3585,.T.);
#5092=ORIENTED_EDGE('',*,*,#3586,.T.);
#5093=ORIENTED_EDGE('',*,*,#3587,.T.);
#5094=ORIENTED_EDGE('',*,*,#3588,.T.);
#5095=ORIENTED_EDGE('',*,*,#3589,.F.);
#5096=ORIENTED_EDGE('',*,*,#3590,.F.);
#5097=ORIENTED_EDGE('',*,*,#3591,.F.);
#5098=ORIENTED_EDGE('',*,*,#3586,.F.);
#5099=ORIENTED_EDGE('',*,*,#3591,.T.);
#5100=ORIENTED_EDGE('',*,*,#3592,.F.);
#5101=ORIENTED_EDGE('',*,*,#3593,.F.);
#5102=ORIENTED_EDGE('',*,*,#3587,.F.);
#5103=ORIENTED_EDGE('',*,*,#3593,.T.);
#5104=ORIENTED_EDGE('',*,*,#3594,.F.);
#5105=ORIENTED_EDGE('',*,*,#3595,.F.);
#5106=ORIENTED_EDGE('',*,*,#3588,.F.);
#5107=ORIENTED_EDGE('',*,*,#3595,.T.);
#5108=ORIENTED_EDGE('',*,*,#3596,.F.);
#5109=ORIENTED_EDGE('',*,*,#3589,.T.);
#5110=ORIENTED_EDGE('',*,*,#3585,.F.);
#5111=ORIENTED_EDGE('',*,*,#3596,.T.);
#5112=ORIENTED_EDGE('',*,*,#3594,.T.);
#5113=ORIENTED_EDGE('',*,*,#3592,.T.);
#5114=ORIENTED_EDGE('',*,*,#3590,.T.);
#5115=ORIENTED_EDGE('',*,*,#3597,.T.);
#5116=ORIENTED_EDGE('',*,*,#3598,.T.);
#5117=ORIENTED_EDGE('',*,*,#3599,.T.);
#5118=ORIENTED_EDGE('',*,*,#3600,.T.);
#5119=ORIENTED_EDGE('',*,*,#3601,.F.);
#5120=ORIENTED_EDGE('',*,*,#3602,.F.);
#5121=ORIENTED_EDGE('',*,*,#3603,.F.);
#5122=ORIENTED_EDGE('',*,*,#3598,.F.);
#5123=ORIENTED_EDGE('',*,*,#3603,.T.);
#5124=ORIENTED_EDGE('',*,*,#3604,.F.);
#5125=ORIENTED_EDGE('',*,*,#3605,.F.);
#5126=ORIENTED_EDGE('',*,*,#3599,.F.);
#5127=ORIENTED_EDGE('',*,*,#3605,.T.);
#5128=ORIENTED_EDGE('',*,*,#3606,.F.);
#5129=ORIENTED_EDGE('',*,*,#3607,.F.);
#5130=ORIENTED_EDGE('',*,*,#3600,.F.);
#5131=ORIENTED_EDGE('',*,*,#3607,.T.);
#5132=ORIENTED_EDGE('',*,*,#3608,.F.);
#5133=ORIENTED_EDGE('',*,*,#3601,.T.);
#5134=ORIENTED_EDGE('',*,*,#3597,.F.);
#5135=ORIENTED_EDGE('',*,*,#3608,.T.);
#5136=ORIENTED_EDGE('',*,*,#3606,.T.);
#5137=ORIENTED_EDGE('',*,*,#3604,.T.);
#5138=ORIENTED_EDGE('',*,*,#3602,.T.);
#5139=ORIENTED_EDGE('',*,*,#3609,.T.);
#5140=ORIENTED_EDGE('',*,*,#3610,.T.);
#5141=ORIENTED_EDGE('',*,*,#3611,.T.);
#5142=ORIENTED_EDGE('',*,*,#3612,.T.);
#5143=ORIENTED_EDGE('',*,*,#3613,.F.);
#5144=ORIENTED_EDGE('',*,*,#3614,.F.);
#5145=ORIENTED_EDGE('',*,*,#3615,.F.);
#5146=ORIENTED_EDGE('',*,*,#3610,.F.);
#5147=ORIENTED_EDGE('',*,*,#3615,.T.);
#5148=ORIENTED_EDGE('',*,*,#3616,.F.);
#5149=ORIENTED_EDGE('',*,*,#3617,.F.);
#5150=ORIENTED_EDGE('',*,*,#3611,.F.);
#5151=ORIENTED_EDGE('',*,*,#3617,.T.);
#5152=ORIENTED_EDGE('',*,*,#3618,.F.);
#5153=ORIENTED_EDGE('',*,*,#3619,.F.);
#5154=ORIENTED_EDGE('',*,*,#3612,.F.);
#5155=ORIENTED_EDGE('',*,*,#3619,.T.);
#5156=ORIENTED_EDGE('',*,*,#3620,.F.);
#5157=ORIENTED_EDGE('',*,*,#3613,.T.);
#5158=ORIENTED_EDGE('',*,*,#3609,.F.);
#5159=ORIENTED_EDGE('',*,*,#3620,.T.);
#5160=ORIENTED_EDGE('',*,*,#3618,.T.);
#5161=ORIENTED_EDGE('',*,*,#3616,.T.);
#5162=ORIENTED_EDGE('',*,*,#3614,.T.);
#5163=PLANE('',#5813);
#5164=PLANE('',#5814);
#5165=PLANE('',#5815);
#5166=PLANE('',#5816);
#5167=PLANE('',#5817);
#5168=PLANE('',#5818);
#5169=PLANE('',#5819);
#5170=PLANE('',#5820);
#5171=PLANE('',#5821);
#5172=PLANE('',#5822);
#5173=PLANE('',#5823);
#5174=PLANE('',#5824);
#5175=PLANE('',#5825);
#5176=PLANE('',#5826);
#5177=PLANE('',#5827);
#5178=PLANE('',#5828);
#5179=PLANE('',#5829);
#5180=PLANE('',#5830);
#5181=PLANE('',#5831);
#5182=PLANE('',#5832);
#5183=PLANE('',#5833);
#5184=PLANE('',#5834);
#5185=PLANE('',#5835);
#5186=PLANE('',#5836);
#5187=PLANE('',#5837);
#5188=PLANE('',#5838);
#5189=PLANE('',#5839);
#5190=PLANE('',#5840);
#5191=PLANE('',#5841);
#5192=PLANE('',#5842);
#5193=PLANE('',#5843);
#5194=PLANE('',#5844);
#5195=PLANE('',#5845);
#5196=PLANE('',#5846);
#5197=PLANE('',#5847);
#5198=PLANE('',#5848);
#5199=PLANE('',#5849);
#5200=PLANE('',#5850);
#5201=PLANE('',#5851);
#5202=PLANE('',#5852);
#5203=PLANE('',#5853);
#5204=PLANE('',#5854);
#5205=PLANE('',#5855);
#5206=PLANE('',#5856);
#5207=PLANE('',#5857);
#5208=PLANE('',#5858);
#5209=PLANE('',#5859);
#5210=PLANE('',#5860);
#5211=PLANE('',#5861);
#5212=PLANE('',#5862);
#5213=PLANE('',#5863);
#5214=PLANE('',#5864);
#5215=PLANE('',#5865);
#5216=PLANE('',#5866);
#5217=PLANE('',#5867);
#5218=PLANE('',#5868);
#5219=PLANE('',#5869);
#5220=PLANE('',#5870);
#5221=PLANE('',#5871);
#5222=PLANE('',#5872);
#5223=PLANE('',#5873);
#5224=PLANE('',#5874);
#5225=PLANE('',#5875);
#5226=PLANE('',#5876);
#5227=PLANE('',#5877);
#5228=PLANE('',#5878);
#5229=PLANE('',#5879);
#5230=PLANE('',#5880);
#5231=PLANE('',#5881);
#5232=PLANE('',#5882);
#5233=PLANE('',#5883);
#5234=PLANE('',#5884);
#5235=PLANE('',#5885);
#5236=PLANE('',#5886);
#5237=PLANE('',#5887);
#5238=PLANE('',#5888);
#5239=PLANE('',#5889);
#5240=PLANE('',#5890);
#5241=PLANE('',#5891);
#5242=PLANE('',#5892);
#5243=PLANE('',#5893);
#5244=PLANE('',#5894);
#5245=PLANE('',#5895);
#5246=PLANE('',#5896);
#5247=PLANE('',#5897);
#5248=PLANE('',#5898);
#5249=PLANE('',#5899);
#5250=PLANE('',#5900);
#5251=PLANE('',#5901);
#5252=PLANE('',#5902);
#5253=PLANE('',#5903);
#5254=PLANE('',#5904);
#5255=PLANE('',#5905);
#5256=PLANE('',#5906);
#5257=PLANE('',#5907);
#5258=PLANE('',#5908);
#5259=PLANE('',#5909);
#5260=PLANE('',#5910);
#5261=PLANE('',#5911);
#5262=PLANE('',#5912);
#5263=PLANE('',#5913);
#5264=PLANE('',#5914);
#5265=PLANE('',#5918);
#5266=PLANE('',#5925);
#5267=PLANE('',#5929);
#5268=PLANE('',#5930);
#5269=PLANE('',#5931);
#5270=PLANE('',#5932);
#5271=PLANE('',#5933);
#5272=PLANE('',#5934);
#5273=PLANE('',#5935);
#5274=PLANE('',#5936);
#5275=PLANE('',#5937);
#5276=PLANE('',#5938);
#5277=PLANE('',#5939);
#5278=PLANE('',#5940);
#5279=PLANE('',#5941);
#5280=PLANE('',#5942);
#5281=PLANE('',#5943);
#5282=PLANE('',#5950);
#5283=PLANE('',#5953);
#5284=PLANE('',#5956);
#5285=PLANE('',#5959);
#5286=PLANE('',#5976);
#5287=PLANE('',#5977);
#5288=PLANE('',#5986);
#5289=PLANE('',#5987);
#5290=PLANE('',#5988);
#5291=PLANE('',#5991);
#5292=PLANE('',#5994);
#5293=PLANE('',#5999);
#5294=PLANE('',#6002);
#5295=PLANE('',#6006);
#5296=PLANE('',#6008);
#5297=PLANE('',#6010);
#5298=PLANE('',#6012);
#5299=PLANE('',#6013);
#5300=PLANE('',#6017);
#5301=PLANE('',#6021);
#5302=PLANE('',#6025);
#5303=PLANE('',#6031);
#5304=PLANE('',#6034);
#5305=PLANE('',#6037);
#5306=PLANE('',#6040);
#5307=PLANE('',#6041);
#5308=PLANE('',#6042);
#5309=PLANE('',#6043);
#5310=PLANE('',#6044);
#5311=PLANE('',#6045);
#5312=PLANE('',#6046);
#5313=PLANE('',#6047);
#5314=PLANE('',#6048);
#5315=PLANE('',#6050);
#5316=PLANE('',#6051);
#5317=PLANE('',#6052);
#5318=PLANE('',#6053);
#5319=PLANE('',#6054);
#5320=PLANE('',#6055);
#5321=PLANE('',#6058);
#5322=PLANE('',#6062);
#5323=PLANE('',#6066);
#5324=PLANE('',#6067);
#5325=PLANE('',#6068);
#5326=PLANE('',#6069);
#5327=PLANE('',#6078);
#5328=PLANE('',#6079);
#5329=PLANE('',#6080);
#5330=PLANE('',#6081);
#5331=PLANE('',#6082);
#5332=PLANE('',#6083);
#5333=PLANE('',#6084);
#5334=PLANE('',#6085);
#5335=PLANE('',#6086);
#5336=PLANE('',#6087);
#5337=PLANE('',#6088);
#5338=PLANE('',#6089);
#5339=PLANE('',#6090);
#5340=PLANE('',#6091);
#5341=PLANE('',#6092);
#5342=PLANE('',#6094);
#5343=PLANE('',#6095);
#5344=PLANE('',#6096);
#5345=PLANE('',#6097);
#5346=PLANE('',#6098);
#5347=PLANE('',#6099);
#5348=PLANE('',#6100);
#5349=PLANE('',#6101);
#5350=PLANE('',#6102);
#5351=PLANE('',#6103);
#5352=PLANE('',#6104);
#5353=PLANE('',#6105);
#5354=PLANE('',#6106);
#5355=PLANE('',#6107);
#5356=PLANE('',#6108);
#5357=PLANE('',#6109);
#5358=PLANE('',#6110);
#5359=PLANE('',#6111);
#5360=PLANE('',#6112);
#5361=PLANE('',#6113);
#5362=PLANE('',#6114);
#5363=PLANE('',#6115);
#5364=PLANE('',#6116);
#5365=PLANE('',#6121);
#5366=PLANE('',#6122);
#5367=PLANE('',#6123);
#5368=PLANE('',#6124);
#5369=PLANE('',#6125);
#5370=PLANE('',#6126);
#5371=PLANE('',#6127);
#5372=PLANE('',#6128);
#5373=PLANE('',#6129);
#5374=PLANE('',#6130);
#5375=PLANE('',#6131);
#5376=PLANE('',#6155);
#5377=PLANE('',#6158);
#5378=PLANE('',#6161);
#5379=PLANE('',#6164);
#5380=PLANE('',#6167);
#5381=PLANE('',#6169);
#5382=PLANE('',#6170);
#5383=PLANE('',#6171);
#5384=PLANE('',#6172);
#5385=PLANE('',#6173);
#5386=PLANE('',#6174);
#5387=PLANE('',#6175);
#5388=PLANE('',#6176);
#5389=PLANE('',#6177);
#5390=PLANE('',#6178);
#5391=PLANE('',#6179);
#5392=PLANE('',#6180);
#5393=PLANE('',#6181);
#5394=PLANE('',#6182);
#5395=PLANE('',#6183);
#5396=PLANE('',#6184);
#5397=PLANE('',#6185);
#5398=PLANE('',#6186);
#5399=PLANE('',#6188);
#5400=PLANE('',#6189);
#5401=PLANE('',#6190);
#5402=PLANE('',#6191);
#5403=PLANE('',#6192);
#5404=PLANE('',#6193);
#5405=PLANE('',#6195);
#5406=PLANE('',#6196);
#5407=PLANE('',#6197);
#5408=PLANE('',#6198);
#5409=PLANE('',#6199);
#5410=PLANE('',#6200);
#5411=PLANE('',#6201);
#5412=PLANE('',#6202);
#5413=PLANE('',#6203);
#5414=PLANE('',#6204);
#5415=PLANE('',#6205);
#5416=PLANE('',#6206);
#5417=PLANE('',#6207);
#5418=PLANE('',#6208);
#5419=PLANE('',#6209);
#5420=PLANE('',#6210);
#5421=PLANE('',#6211);
#5422=PLANE('',#6212);
#5423=ADVANCED_FACE('',(#282),#5163,.F.);
#5424=ADVANCED_FACE('',(#283),#5164,.F.);
#5425=ADVANCED_FACE('',(#284),#5165,.F.);
#5426=ADVANCED_FACE('',(#285),#5166,.F.);
#5427=ADVANCED_FACE('',(#286),#5167,.F.);
#5428=ADVANCED_FACE('',(#287),#5168,.F.);
#5429=ADVANCED_FACE('',(#288),#5169,.F.);
#5430=ADVANCED_FACE('',(#289),#5170,.F.);
#5431=ADVANCED_FACE('',(#290),#5171,.F.);
#5432=ADVANCED_FACE('',(#291),#5172,.F.);
#5433=ADVANCED_FACE('',(#292),#5173,.F.);
#5434=ADVANCED_FACE('',(#293),#5174,.F.);
#5435=ADVANCED_FACE('',(#294),#5175,.F.);
#5436=ADVANCED_FACE('',(#295),#5176,.F.);
#5437=ADVANCED_FACE('',(#296),#5177,.F.);
#5438=ADVANCED_FACE('',(#297),#5178,.F.);
#5439=ADVANCED_FACE('',(#298),#5179,.F.);
#5440=ADVANCED_FACE('',(#299),#5180,.F.);
#5441=ADVANCED_FACE('',(#300),#5181,.F.);
#5442=ADVANCED_FACE('',(#301),#5182,.F.);
#5443=ADVANCED_FACE('',(#302),#5183,.F.);
#5444=ADVANCED_FACE('',(#303),#5184,.F.);
#5445=ADVANCED_FACE('',(#304),#5185,.F.);
#5446=ADVANCED_FACE('',(#305),#5186,.F.);
#5447=ADVANCED_FACE('',(#306),#5187,.F.);
#5448=ADVANCED_FACE('',(#307),#5188,.F.);
#5449=ADVANCED_FACE('',(#308),#5189,.F.);
#5450=ADVANCED_FACE('',(#309),#5190,.F.);
#5451=ADVANCED_FACE('',(#310),#5191,.F.);
#5452=ADVANCED_FACE('',(#311),#5192,.F.);
#5453=ADVANCED_FACE('',(#312),#5193,.F.);
#5454=ADVANCED_FACE('',(#313),#5194,.F.);
#5455=ADVANCED_FACE('',(#314),#5195,.F.);
#5456=ADVANCED_FACE('',(#315),#5196,.F.);
#5457=ADVANCED_FACE('',(#316),#5197,.F.);
#5458=ADVANCED_FACE('',(#317),#5198,.F.);
#5459=ADVANCED_FACE('',(#318),#5199,.F.);
#5460=ADVANCED_FACE('',(#319),#5200,.F.);
#5461=ADVANCED_FACE('',(#320),#5201,.F.);
#5462=ADVANCED_FACE('',(#321),#5202,.F.);
#5463=ADVANCED_FACE('',(#322),#5203,.F.);
#5464=ADVANCED_FACE('',(#323),#5204,.F.);
#5465=ADVANCED_FACE('',(#324),#5205,.F.);
#5466=ADVANCED_FACE('',(#325),#5206,.F.);
#5467=ADVANCED_FACE('',(#326),#5207,.F.);
#5468=ADVANCED_FACE('',(#327),#5208,.F.);
#5469=ADVANCED_FACE('',(#328),#5209,.F.);
#5470=ADVANCED_FACE('',(#329),#5210,.F.);
#5471=ADVANCED_FACE('',(#330),#5211,.F.);
#5472=ADVANCED_FACE('',(#331),#5212,.F.);
#5473=ADVANCED_FACE('',(#332),#5213,.F.);
#5474=ADVANCED_FACE('',(#333),#5214,.F.);
#5475=ADVANCED_FACE('',(#334),#5215,.F.);
#5476=ADVANCED_FACE('',(#335),#5216,.F.);
#5477=ADVANCED_FACE('',(#336),#5217,.F.);
#5478=ADVANCED_FACE('',(#337),#5218,.F.);
#5479=ADVANCED_FACE('',(#338),#5219,.F.);
#5480=ADVANCED_FACE('',(#339),#5220,.F.);
#5481=ADVANCED_FACE('',(#340),#5221,.F.);
#5482=ADVANCED_FACE('',(#341),#5222,.F.);
#5483=ADVANCED_FACE('',(#342),#5223,.F.);
#5484=ADVANCED_FACE('',(#343),#5224,.F.);
#5485=ADVANCED_FACE('',(#344),#5225,.F.);
#5486=ADVANCED_FACE('',(#345),#5226,.F.);
#5487=ADVANCED_FACE('',(#346),#5227,.F.);
#5488=ADVANCED_FACE('',(#347),#5228,.F.);
#5489=ADVANCED_FACE('',(#348),#5229,.F.);
#5490=ADVANCED_FACE('',(#349),#5230,.F.);
#5491=ADVANCED_FACE('',(#350),#5231,.F.);
#5492=ADVANCED_FACE('',(#351),#5232,.F.);
#5493=ADVANCED_FACE('',(#352),#5233,.F.);
#5494=ADVANCED_FACE('',(#353),#5234,.F.);
#5495=ADVANCED_FACE('',(#354),#5235,.F.);
#5496=ADVANCED_FACE('',(#355),#5236,.F.);
#5497=ADVANCED_FACE('',(#356),#5237,.F.);
#5498=ADVANCED_FACE('',(#357),#5238,.F.);
#5499=ADVANCED_FACE('',(#358),#5239,.T.);
#5500=ADVANCED_FACE('',(#359),#5240,.T.);
#5501=ADVANCED_FACE('',(#360),#5241,.T.);
#5502=ADVANCED_FACE('',(#361),#5242,.T.);
#5503=ADVANCED_FACE('',(#362),#5243,.F.);
#5504=ADVANCED_FACE('',(#363),#5244,.T.);
#5505=ADVANCED_FACE('',(#364),#5245,.T.);
#5506=ADVANCED_FACE('',(#365),#5246,.T.);
#5507=ADVANCED_FACE('',(#366),#5247,.T.);
#5508=ADVANCED_FACE('',(#367),#5248,.T.);
#5509=ADVANCED_FACE('',(#368),#5249,.T.);
#5510=ADVANCED_FACE('',(#369),#5250,.T.);
#5511=ADVANCED_FACE('',(#370),#5251,.T.);
#5512=ADVANCED_FACE('',(#371),#5252,.T.);
#5513=ADVANCED_FACE('',(#372),#5253,.T.);
#5514=ADVANCED_FACE('',(#373),#5254,.F.);
#5515=ADVANCED_FACE('',(#374),#5255,.F.);
#5516=ADVANCED_FACE('',(#375),#5256,.F.);
#5517=ADVANCED_FACE('',(#376),#5257,.F.);
#5518=ADVANCED_FACE('',(#377),#5258,.F.);
#5519=ADVANCED_FACE('',(#378),#5259,.F.);
#5520=ADVANCED_FACE('',(#379),#5260,.F.);
#5521=ADVANCED_FACE('',(#380),#5261,.F.);
#5522=ADVANCED_FACE('',(#381),#5262,.F.);
#5523=ADVANCED_FACE('',(#382),#5263,.F.);
#5524=ADVANCED_FACE('',(#383),#5264,.T.);
#5525=ADVANCED_FACE('',(#384),#157,.F.);
#5526=ADVANCED_FACE('',(#385),#5265,.T.);
#5527=ADVANCED_FACE('',(#386),#158,.F.);
#5528=ADVANCED_FACE('',(#387),#159,.T.);
#5529=ADVANCED_FACE('',(#388,#81),#5266,.T.);
#5530=ADVANCED_FACE('',(#389),#160,.T.);
#5531=ADVANCED_FACE('',(#390,#82),#5267,.T.);
#5532=ADVANCED_FACE('',(#391),#5268,.F.);
#5533=ADVANCED_FACE('',(#392),#5269,.F.);
#5534=ADVANCED_FACE('',(#393,#83,#84,#85,#86),#5270,.T.);
#5535=ADVANCED_FACE('',(#394),#5271,.F.);
#5536=ADVANCED_FACE('',(#395),#5272,.F.);
#5537=ADVANCED_FACE('',(#396),#5273,.F.);
#5538=ADVANCED_FACE('',(#397),#5274,.F.);
#5539=ADVANCED_FACE('',(#398),#5275,.F.);
#5540=ADVANCED_FACE('',(#399),#5276,.F.);
#5541=ADVANCED_FACE('',(#400),#5277,.F.);
#5542=ADVANCED_FACE('',(#401),#5278,.F.);
#5543=ADVANCED_FACE('',(#402),#5279,.F.);
#5544=ADVANCED_FACE('',(#403),#5280,.F.);
#5545=ADVANCED_FACE('',(#404,#87),#5281,.T.);
#5546=ADVANCED_FACE('',(#405),#161,.T.);
#5547=ADVANCED_FACE('',(#406,#88,#89,#90),#5282,.T.);
#5548=ADVANCED_FACE('',(#407),#162,.T.);
#5549=ADVANCED_FACE('',(#408,#91,#92,#93,#94,#95,#96,#97,#98,#99,#100,#101,
#102,#103),#5283,.T.);
#5550=ADVANCED_FACE('',(#409),#163,.T.);
#5551=ADVANCED_FACE('',(#410,#104,#105,#106),#5284,.T.);
#5552=ADVANCED_FACE('',(#411),#164,.T.);
#5553=ADVANCED_FACE('',(#412),#5285,.T.);
#5554=ADVANCED_FACE('',(#413),#165,.T.);
#5555=ADVANCED_FACE('',(#414),#77,.F.);
#5556=ADVANCED_FACE('',(#415),#166,.T.);
#5557=ADVANCED_FACE('',(#416),#78,.F.);
#5558=ADVANCED_FACE('',(#417),#167,.T.);
#5559=ADVANCED_FACE('',(#418),#79,.F.);
#5560=ADVANCED_FACE('',(#419),#168,.T.);
#5561=ADVANCED_FACE('',(#420),#80,.F.);
#5562=ADVANCED_FACE('',(#421,#107,#108),#5286,.F.);
#5563=ADVANCED_FACE('',(#422,#109,#110,#111,#112,#113),#5287,.F.);
#5564=ADVANCED_FACE('',(#423),#5288,.F.);
#5565=ADVANCED_FACE('',(#424),#5289,.F.);
#5566=ADVANCED_FACE('',(#425),#5290,.F.);
#5567=ADVANCED_FACE('',(#426),#169,.F.);
#5568=ADVANCED_FACE('',(#427),#5291,.F.);
#5569=ADVANCED_FACE('',(#428),#170,.F.);
#5570=ADVANCED_FACE('',(#429,#114),#5292,.T.);
#5571=ADVANCED_FACE('',(#430),#5293,.F.);
#5572=ADVANCED_FACE('',(#431),#171,.F.);
#5573=ADVANCED_FACE('',(#432),#5294,.F.);
#5574=ADVANCED_FACE('',(#433),#172,.F.);
#5575=ADVANCED_FACE('',(#434),#71,.F.);
#5576=ADVANCED_FACE('',(#435),#5295,.T.);
#5577=ADVANCED_FACE('',(#436),#72,.F.);
#5578=ADVANCED_FACE('',(#437),#5296,.T.);
#5579=ADVANCED_FACE('',(#438),#73,.F.);
#5580=ADVANCED_FACE('',(#439),#5297,.T.);
#5581=ADVANCED_FACE('',(#440),#74,.F.);
#5582=ADVANCED_FACE('',(#441),#5298,.T.);
#5583=ADVANCED_FACE('',(#442,#115),#5299,.T.);
#5584=ADVANCED_FACE('',(#443),#173,.T.);
#5585=ADVANCED_FACE('',(#444,#116),#5300,.T.);
#5586=ADVANCED_FACE('',(#445),#174,.T.);
#5587=ADVANCED_FACE('',(#446,#117),#5301,.T.);
#5588=ADVANCED_FACE('',(#447),#175,.T.);
#5589=ADVANCED_FACE('',(#448,#118),#5302,.T.);
#5590=ADVANCED_FACE('',(#449),#176,.T.);
#5591=ADVANCED_FACE('',(#450),#177,.F.);
#5592=ADVANCED_FACE('',(#451),#5303,.T.);
#5593=ADVANCED_FACE('',(#452),#178,.F.);
#5594=ADVANCED_FACE('',(#453),#5304,.T.);
#5595=ADVANCED_FACE('',(#454),#179,.F.);
#5596=ADVANCED_FACE('',(#455),#5305,.T.);
#5597=ADVANCED_FACE('',(#456),#180,.F.);
#5598=ADVANCED_FACE('',(#457),#5306,.T.);
#5599=ADVANCED_FACE('',(#458),#5307,.F.);
#5600=ADVANCED_FACE('',(#459),#5308,.F.);
#5601=ADVANCED_FACE('',(#460),#5309,.T.);
#5602=ADVANCED_FACE('',(#461,#119,#120,#121),#5310,.F.);
#5603=ADVANCED_FACE('',(#462),#5311,.F.);
#5604=ADVANCED_FACE('',(#463,#122,#123,#124),#5312,.F.);
#5605=ADVANCED_FACE('',(#464,#125,#126,#127,#128,#129,#130,#131,#132,#133,
#134,#135,#136,#137),#5313,.F.);
#5606=ADVANCED_FACE('',(#465),#5314,.F.);
#5607=ADVANCED_FACE('',(#466),#5315,.T.);
#5608=ADVANCED_FACE('',(#467),#5316,.T.);
#5609=ADVANCED_FACE('',(#468),#5317,.T.);
#5610=ADVANCED_FACE('',(#469),#5318,.T.);
#5611=ADVANCED_FACE('',(#470),#5319,.T.);
#5612=ADVANCED_FACE('',(#471,#138,#139,#140),#5320,.T.);
#5613=ADVANCED_FACE('',(#472),#5321,.F.);
#5614=ADVANCED_FACE('',(#473),#181,.T.);
#5615=ADVANCED_FACE('',(#474),#5322,.F.);
#5616=ADVANCED_FACE('',(#475),#182,.T.);
#5617=ADVANCED_FACE('',(#476),#5323,.F.);
#5618=ADVANCED_FACE('',(#477),#5324,.F.);
#5619=ADVANCED_FACE('',(#478),#5325,.F.);
#5620=ADVANCED_FACE('',(#479),#5326,.F.);
#5621=ADVANCED_FACE('',(#480),#75,.F.);
#5622=ADVANCED_FACE('',(#481),#183,.F.);
#5623=ADVANCED_FACE('',(#482),#76,.F.);
#5624=ADVANCED_FACE('',(#483),#184,.F.);
#5625=ADVANCED_FACE('',(#484),#5327,.T.);
#5626=ADVANCED_FACE('',(#485),#5328,.T.);
#5627=ADVANCED_FACE('',(#486),#5329,.T.);
#5628=ADVANCED_FACE('',(#487),#5330,.T.);
#5629=ADVANCED_FACE('',(#488),#5331,.T.);
#5630=ADVANCED_FACE('',(#489),#5332,.T.);
#5631=ADVANCED_FACE('',(#490),#5333,.T.);
#5632=ADVANCED_FACE('',(#491),#5334,.T.);
#5633=ADVANCED_FACE('',(#492),#5335,.T.);
#5634=ADVANCED_FACE('',(#493),#5336,.T.);
#5635=ADVANCED_FACE('',(#494,#141,#142,#143,#144,#145),#5337,.T.);
#5636=ADVANCED_FACE('',(#495,#146,#147),#5338,.T.);
#5637=ADVANCED_FACE('',(#496),#5339,.T.);
#5638=ADVANCED_FACE('',(#497),#5340,.T.);
#5639=ADVANCED_FACE('',(#498),#5341,.T.);
#5640=ADVANCED_FACE('',(#499),#5342,.F.);
#5641=ADVANCED_FACE('',(#500),#5343,.F.);
#5642=ADVANCED_FACE('',(#501),#5344,.F.);
#5643=ADVANCED_FACE('',(#502),#5345,.F.);
#5644=ADVANCED_FACE('',(#503,#148),#5346,.F.);
#5645=ADVANCED_FACE('',(#504),#5347,.F.);
#5646=ADVANCED_FACE('',(#505),#5348,.F.);
#5647=ADVANCED_FACE('',(#506),#5349,.F.);
#5648=ADVANCED_FACE('',(#507),#5350,.F.);
#5649=ADVANCED_FACE('',(#508,#149),#5351,.F.);
#5650=ADVANCED_FACE('',(#509),#5352,.F.);
#5651=ADVANCED_FACE('',(#510),#5353,.F.);
#5652=ADVANCED_FACE('',(#511),#5354,.F.);
#5653=ADVANCED_FACE('',(#512),#5355,.F.);
#5654=ADVANCED_FACE('',(#513),#5356,.F.);
#5655=ADVANCED_FACE('',(#514),#5357,.F.);
#5656=ADVANCED_FACE('',(#515),#5358,.F.);
#5657=ADVANCED_FACE('',(#516),#5359,.F.);
#5658=ADVANCED_FACE('',(#517),#5360,.F.);
#5659=ADVANCED_FACE('',(#518),#5361,.F.);
#5660=ADVANCED_FACE('',(#519),#5362,.F.);
#5661=ADVANCED_FACE('',(#520),#5363,.F.);
#5662=ADVANCED_FACE('',(#521,#150,#151,#152),#5364,.T.);
#5663=ADVANCED_FACE('',(#522),#5365,.F.);
#5664=ADVANCED_FACE('',(#523),#5366,.F.);
#5665=ADVANCED_FACE('',(#524),#5367,.F.);
#5666=ADVANCED_FACE('',(#525),#5368,.F.);
#5667=ADVANCED_FACE('',(#526),#5369,.F.);
#5668=ADVANCED_FACE('',(#527),#5370,.F.);
#5669=ADVANCED_FACE('',(#528),#5371,.F.);
#5670=ADVANCED_FACE('',(#529),#5372,.F.);
#5671=ADVANCED_FACE('',(#530),#5373,.F.);
#5672=ADVANCED_FACE('',(#531),#5374,.F.);
#5673=ADVANCED_FACE('',(#532,#153,#154,#155),#5375,.T.);
#5674=ADVANCED_FACE('',(#533),#185,.F.);
#5675=ADVANCED_FACE('',(#534),#35,.T.);
#5676=ADVANCED_FACE('',(#535),#186,.T.);
#5677=ADVANCED_FACE('',(#536),#36,.T.);
#5678=ADVANCED_FACE('',(#537),#187,.T.);
#5679=ADVANCED_FACE('',(#538),#37,.T.);
#5680=ADVANCED_FACE('',(#539),#188,.T.);
#5681=ADVANCED_FACE('',(#540),#38,.T.);
#5682=ADVANCED_FACE('',(#541),#189,.T.);
#5683=ADVANCED_FACE('',(#542),#5376,.T.);
#5684=ADVANCED_FACE('',(#543),#190,.T.);
#5685=ADVANCED_FACE('',(#544),#5377,.T.);
#5686=ADVANCED_FACE('',(#545),#191,.T.);
#5687=ADVANCED_FACE('',(#546),#5378,.T.);
#5688=ADVANCED_FACE('',(#547),#192,.T.);
#5689=ADVANCED_FACE('',(#548),#5379,.T.);
#5690=ADVANCED_FACE('',(#549),#193,.T.);
#5691=ADVANCED_FACE('',(#550,#156),#5380,.T.);
#5692=ADVANCED_FACE('',(#551),#5381,.T.);
#5693=ADVANCED_FACE('',(#552),#5382,.T.);
#5694=ADVANCED_FACE('',(#553),#5383,.T.);
#5695=ADVANCED_FACE('',(#554),#5384,.T.);
#5696=ADVANCED_FACE('',(#555),#5385,.T.);
#5697=ADVANCED_FACE('',(#556),#5386,.T.);
#5698=ADVANCED_FACE('',(#557),#5387,.T.);
#5699=ADVANCED_FACE('',(#558),#5388,.T.);
#5700=ADVANCED_FACE('',(#559),#5389,.T.);
#5701=ADVANCED_FACE('',(#560),#5390,.T.);
#5702=ADVANCED_FACE('',(#561),#5391,.T.);
#5703=ADVANCED_FACE('',(#562),#5392,.T.);
#5704=ADVANCED_FACE('',(#563),#5393,.T.);
#5705=ADVANCED_FACE('',(#564),#5394,.T.);
#5706=ADVANCED_FACE('',(#565),#5395,.T.);
#5707=ADVANCED_FACE('',(#566),#5396,.T.);
#5708=ADVANCED_FACE('',(#567),#5397,.T.);
#5709=ADVANCED_FACE('',(#568),#5398,.T.);
#5710=ADVANCED_FACE('',(#569),#5399,.T.);
#5711=ADVANCED_FACE('',(#570),#5400,.T.);
#5712=ADVANCED_FACE('',(#571),#5401,.T.);
#5713=ADVANCED_FACE('',(#572),#5402,.T.);
#5714=ADVANCED_FACE('',(#573),#5403,.T.);
#5715=ADVANCED_FACE('',(#574),#5404,.T.);
#5716=ADVANCED_FACE('',(#575),#5405,.T.);
#5717=ADVANCED_FACE('',(#576),#5406,.T.);
#5718=ADVANCED_FACE('',(#577),#5407,.T.);
#5719=ADVANCED_FACE('',(#578),#5408,.T.);
#5720=ADVANCED_FACE('',(#579),#5409,.T.);
#5721=ADVANCED_FACE('',(#580),#5410,.T.);
#5722=ADVANCED_FACE('',(#581),#5411,.T.);
#5723=ADVANCED_FACE('',(#582),#5412,.T.);
#5724=ADVANCED_FACE('',(#583),#5413,.T.);
#5725=ADVANCED_FACE('',(#584),#5414,.T.);
#5726=ADVANCED_FACE('',(#585),#5415,.T.);
#5727=ADVANCED_FACE('',(#586),#5416,.T.);
#5728=ADVANCED_FACE('',(#587),#5417,.T.);
#5729=ADVANCED_FACE('',(#588),#5418,.T.);
#5730=ADVANCED_FACE('',(#589),#5419,.T.);
#5731=ADVANCED_FACE('',(#590),#5420,.T.);
#5732=ADVANCED_FACE('',(#591),#5421,.T.);
#5733=ADVANCED_FACE('',(#592),#5422,.T.);
#5734=CLOSED_SHELL('',(#5423,#5424,#5425,#5426,#5427,#5428,#5429,#5430,
#5431,#5432,#5433,#5434,#5435,#5436,#5437,#5438,#5439,#5440,#5441,#5442,
#5443,#5444,#5445,#5446,#5447,#5448,#5449,#5450,#5451,#5452,#5453,#5454,
#5455,#5456,#5457,#5458,#5459,#5460,#5461,#5462,#5463,#5464,#5465,#5466,
#5467,#5468,#5469,#5470,#5471,#5472,#5473,#5474,#5475,#5476,#5477,#5478,
#5479,#5480,#5481,#5482,#5483,#5484,#5485,#5486,#5487,#5488,#5489,#5490,
#5491,#5492,#5493,#5494,#5495,#5496,#5497,#5498,#5499,#5500,#5501,#5502,
#5503,#5504,#5505,#5506,#5507,#5508,#5509,#5510,#5511,#5512,#5513,#5514,
#5515,#5516,#5517,#5518,#5519,#5520,#5521,#5522,#5523,#5524,#5525,#5526,
#5527,#5528,#5529,#5530,#5531,#5532,#5533,#5534,#5535,#5536,#5537,#5538,
#5539,#5540,#5541,#5542,#5543,#5544,#5545,#5546,#5547,#5548,#5549,#5550,
#5551,#5552,#5553,#5554,#5555,#5556,#5557,#5558,#5559,#5560,#5561,#5562,
#5563,#5564,#5565,#5566,#5567,#5568,#5569,#5570,#5571,#5572,#5573,#5574,
#5575,#5576,#5577,#5578,#5579,#5580,#5581,#5582,#5583,#5584,#5585,#5586,
#5587,#5588,#5589,#5590,#5591,#5592,#5593,#5594,#5595,#5596,#5597,#5598,
#5599,#5600,#5601,#5602,#5603,#5604,#5605,#5606));
#5735=CLOSED_SHELL('',(#5607,#5608,#5609,#5610,#5611,#5612,#5613,#5614,
#5615,#5616,#5617,#5618,#5619,#5620,#5621,#5622,#5623,#5624,#5625,#5626,
#5627,#5628,#5629,#5630,#5631,#5632,#5633,#5634,#5635,#5636,#5637,#5638,
#5639));
#5736=CLOSED_SHELL('',(#5640,#5641,#5642,#5643,#5644,#5645,#5646,#5647,
#5648,#5649,#5650,#5651,#5652,#5653,#5654,#5655,#5656,#5657,#5658,#5659,
#5660,#5661,#5662,#5663,#5664,#5665,#5666,#5667,#5668,#5669,#5670,#5671,
#5672,#5673,#5674,#5675,#5676,#5677,#5678,#5679,#5680,#5681,#5682,#5683,
#5684,#5685,#5686,#5687,#5688,#5689,#5690,#5691));
#5737=CLOSED_SHELL('',(#5692,#5693,#5694,#5695,#5696,#5697));
#5738=CLOSED_SHELL('',(#5698,#5699,#5700,#5701,#5702,#5703));
#5739=CLOSED_SHELL('',(#5704,#5705,#5706,#5707,#5708,#5709));
#5740=CLOSED_SHELL('',(#5710,#5711,#5712,#5713,#5714,#5715));
#5741=CLOSED_SHELL('',(#5716,#5717,#5718,#5719,#5720,#5721));
#5742=CLOSED_SHELL('',(#5722,#5723,#5724,#5725,#5726,#5727));
#5743=CLOSED_SHELL('',(#5728,#5729,#5730,#5731,#5732,#5733));
#5744=DERIVED_UNIT_ELEMENT(#5756,1.);
#5745=DERIVED_UNIT_ELEMENT(#9366,-3.);
#5746=DERIVED_UNIT_ELEMENT(#5756,1.);
#5747=DERIVED_UNIT_ELEMENT(#9366,-3.);
#5748=DERIVED_UNIT_ELEMENT(#5756,1.);
#5749=DERIVED_UNIT_ELEMENT(#9366,-3.);
#5750=DERIVED_UNIT_ELEMENT(#5756,1.);
#5751=DERIVED_UNIT_ELEMENT(#9366,-3.);
#5752=DERIVED_UNIT_ELEMENT(#5756,1.);
#5753=DERIVED_UNIT_ELEMENT(#9366,-3.);
#5754=DERIVED_UNIT_ELEMENT(#5756,1.);
#5755=DERIVED_UNIT_ELEMENT(#9366,-3.);
#5756=(
MASS_UNIT()
NAMED_UNIT(*)
SI_UNIT(.KILO.,.GRAM.)
);
#5757=DERIVED_UNIT((#5744,#5745));
#5758=DERIVED_UNIT((#5746,#5747));
#5759=DERIVED_UNIT((#5748,#5749));
#5760=DERIVED_UNIT((#5750,#5751));
#5761=DERIVED_UNIT((#5752,#5753));
#5762=DERIVED_UNIT((#5754,#5755));
#5763=MEASURE_REPRESENTATION_ITEM('density measure',
POSITIVE_RATIO_MEASURE(7850.),#5757);
#5764=MEASURE_REPRESENTATION_ITEM('density measure',
POSITIVE_RATIO_MEASURE(7850.),#5758);
#5765=MEASURE_REPRESENTATION_ITEM('density measure',
POSITIVE_RATIO_MEASURE(7850.),#5759);
#5766=MEASURE_REPRESENTATION_ITEM('density measure',
POSITIVE_RATIO_MEASURE(7850.),#5760);
#5767=MEASURE_REPRESENTATION_ITEM('density measure',
POSITIVE_RATIO_MEASURE(7850.),#5761);
#5768=MEASURE_REPRESENTATION_ITEM('density measure',
POSITIVE_RATIO_MEASURE(7850.),#5762);
#5769=PROPERTY_DEFINITION_REPRESENTATION(#5799,#5781);
#5770=PROPERTY_DEFINITION_REPRESENTATION(#5800,#5782);
#5771=PROPERTY_DEFINITION_REPRESENTATION(#5801,#5783);
#5772=PROPERTY_DEFINITION_REPRESENTATION(#5802,#5784);
#5773=PROPERTY_DEFINITION_REPRESENTATION(#5803,#5785);
#5774=PROPERTY_DEFINITION_REPRESENTATION(#5804,#5786);
#5775=PROPERTY_DEFINITION_REPRESENTATION(#5805,#5787);
#5776=PROPERTY_DEFINITION_REPRESENTATION(#5806,#5788);
#5777=PROPERTY_DEFINITION_REPRESENTATION(#5807,#5789);
#5778=PROPERTY_DEFINITION_REPRESENTATION(#5808,#5790);
#5779=PROPERTY_DEFINITION_REPRESENTATION(#5809,#5791);
#5780=PROPERTY_DEFINITION_REPRESENTATION(#5810,#5792);
#5781=REPRESENTATION('material name',(#5793),#9358);
#5782=REPRESENTATION('density',(#5763),#9358);
#5783=REPRESENTATION('material name',(#5794),#9359);
#5784=REPRESENTATION('density',(#5764),#9359);
#5785=REPRESENTATION('material name',(#5795),#9360);
#5786=REPRESENTATION('density',(#5765),#9360);
#5787=REPRESENTATION('material name',(#5796),#9361);
#5788=REPRESENTATION('density',(#5766),#9361);
#5789=REPRESENTATION('material name',(#5797),#9362);
#5790=REPRESENTATION('density',(#5767),#9362);
#5791=REPRESENTATION('material name',(#5798),#9363);
#5792=REPRESENTATION('density',(#5768),#9363);
#5793=DESCRIPTIVE_REPRESENTATION_ITEM('Stahl','Stahl');
#5794=DESCRIPTIVE_REPRESENTATION_ITEM('Stahl','Stahl');
#5795=DESCRIPTIVE_REPRESENTATION_ITEM('Stahl','Stahl');
#5796=DESCRIPTIVE_REPRESENTATION_ITEM('Stahl','Stahl');
#5797=DESCRIPTIVE_REPRESENTATION_ITEM('Stahl','Stahl');
#5798=DESCRIPTIVE_REPRESENTATION_ITEM('Stahl','Stahl');
#5799=PROPERTY_DEFINITION('material property','material name',#9398);
#5800=PROPERTY_DEFINITION('material property','density of part',#9398);
#5801=PROPERTY_DEFINITION('material property','material name',#9399);
#5802=PROPERTY_DEFINITION('material property','density of part',#9399);
#5803=PROPERTY_DEFINITION('material property','material name',#9400);
#5804=PROPERTY_DEFINITION('material property','density of part',#9400);
#5805=PROPERTY_DEFINITION('material property','material name',#9401);
#5806=PROPERTY_DEFINITION('material property','density of part',#9401);
#5807=PROPERTY_DEFINITION('material property','material name',#9402);
#5808=PROPERTY_DEFINITION('material property','density of part',#9402);
#5809=PROPERTY_DEFINITION('material property','material name',#9403);
#5810=PROPERTY_DEFINITION('material property','density of part',#9403);
#5811=AXIS2_PLACEMENT_3D('',#7718,#6219,#6220);
#5812=AXIS2_PLACEMENT_3D('',#7719,#6221,#6222);
#5813=AXIS2_PLACEMENT_3D('',#7720,#6223,#6224);
#5814=AXIS2_PLACEMENT_3D('',#7729,#6229,#6230);
#5815=AXIS2_PLACEMENT_3D('',#7735,#6234,#6235);
#5816=AXIS2_PLACEMENT_3D('',#7741,#6239,#6240);
#5817=AXIS2_PLACEMENT_3D('',#7744,#6243,#6244);
#5818=AXIS2_PLACEMENT_3D('',#7753,#6249,#6250);
#5819=AXIS2_PLACEMENT_3D('',#7759,#6254,#6255);
#5820=AXIS2_PLACEMENT_3D('',#7765,#6259,#6260);
#5821=AXIS2_PLACEMENT_3D('',#7768,#6263,#6264);
#5822=AXIS2_PLACEMENT_3D('',#7777,#6269,#6270);
#5823=AXIS2_PLACEMENT_3D('',#7783,#6274,#6275);
#5824=AXIS2_PLACEMENT_3D('',#7789,#6279,#6280);
#5825=AXIS2_PLACEMENT_3D('',#7792,#6283,#6284);
#5826=AXIS2_PLACEMENT_3D('',#7801,#6289,#6290);
#5827=AXIS2_PLACEMENT_3D('',#7807,#6294,#6295);
#5828=AXIS2_PLACEMENT_3D('',#7813,#6299,#6300);
#5829=AXIS2_PLACEMENT_3D('',#7816,#6303,#6304);
#5830=AXIS2_PLACEMENT_3D('',#7825,#6309,#6310);
#5831=AXIS2_PLACEMENT_3D('',#7831,#6314,#6315);
#5832=AXIS2_PLACEMENT_3D('',#7837,#6319,#6320);
#5833=AXIS2_PLACEMENT_3D('',#7840,#6323,#6324);
#5834=AXIS2_PLACEMENT_3D('',#7849,#6329,#6330);
#5835=AXIS2_PLACEMENT_3D('',#7855,#6334,#6335);
#5836=AXIS2_PLACEMENT_3D('',#7861,#6339,#6340);
#5837=AXIS2_PLACEMENT_3D('',#7864,#6343,#6344);
#5838=AXIS2_PLACEMENT_3D('',#7873,#6349,#6350);
#5839=AXIS2_PLACEMENT_3D('',#7879,#6354,#6355);
#5840=AXIS2_PLACEMENT_3D('',#7885,#6359,#6360);
#5841=AXIS2_PLACEMENT_3D('',#7888,#6363,#6364);
#5842=AXIS2_PLACEMENT_3D('',#7897,#6369,#6370);
#5843=AXIS2_PLACEMENT_3D('',#7903,#6374,#6375);
#5844=AXIS2_PLACEMENT_3D('',#7909,#6379,#6380);
#5845=AXIS2_PLACEMENT_3D('',#7912,#6383,#6384);
#5846=AXIS2_PLACEMENT_3D('',#7921,#6389,#6390);
#5847=AXIS2_PLACEMENT_3D('',#7927,#6394,#6395);
#5848=AXIS2_PLACEMENT_3D('',#7933,#6399,#6400);
#5849=AXIS2_PLACEMENT_3D('',#7936,#6403,#6404);
#5850=AXIS2_PLACEMENT_3D('',#7945,#6409,#6410);
#5851=AXIS2_PLACEMENT_3D('',#7951,#6414,#6415);
#5852=AXIS2_PLACEMENT_3D('',#7957,#6419,#6420);
#5853=AXIS2_PLACEMENT_3D('',#7960,#6423,#6424);
#5854=AXIS2_PLACEMENT_3D('',#7969,#6429,#6430);
#5855=AXIS2_PLACEMENT_3D('',#7975,#6434,#6435);
#5856=AXIS2_PLACEMENT_3D('',#7981,#6439,#6440);
#5857=AXIS2_PLACEMENT_3D('',#7984,#6443,#6444);
#5858=AXIS2_PLACEMENT_3D('',#7993,#6449,#6450);
#5859=AXIS2_PLACEMENT_3D('',#7999,#6454,#6455);
#5860=AXIS2_PLACEMENT_3D('',#8005,#6459,#6460);
#5861=AXIS2_PLACEMENT_3D('',#8008,#6463,#6464);
#5862=AXIS2_PLACEMENT_3D('',#8017,#6469,#6470);
#5863=AXIS2_PLACEMENT_3D('',#8023,#6474,#6475);
#5864=AXIS2_PLACEMENT_3D('',#8029,#6479,#6480);
#5865=AXIS2_PLACEMENT_3D('',#8032,#6483,#6484);
#5866=AXIS2_PLACEMENT_3D('',#8041,#6489,#6490);
#5867=AXIS2_PLACEMENT_3D('',#8047,#6494,#6495);
#5868=AXIS2_PLACEMENT_3D('',#8053,#6499,#6500);
#5869=AXIS2_PLACEMENT_3D('',#8056,#6503,#6504);
#5870=AXIS2_PLACEMENT_3D('',#8065,#6509,#6510);
#5871=AXIS2_PLACEMENT_3D('',#8071,#6514,#6515);
#5872=AXIS2_PLACEMENT_3D('',#8077,#6519,#6520);
#5873=AXIS2_PLACEMENT_3D('',#8080,#6523,#6524);
#5874=AXIS2_PLACEMENT_3D('',#8089,#6529,#6530);
#5875=AXIS2_PLACEMENT_3D('',#8095,#6534,#6535);
#5876=AXIS2_PLACEMENT_3D('',#8101,#6539,#6540);
#5877=AXIS2_PLACEMENT_3D('',#8104,#6543,#6544);
#5878=AXIS2_PLACEMENT_3D('',#8113,#6549,#6550);
#5879=AXIS2_PLACEMENT_3D('',#8119,#6554,#6555);
#5880=AXIS2_PLACEMENT_3D('',#8125,#6559,#6560);
#5881=AXIS2_PLACEMENT_3D('',#8128,#6563,#6564);
#5882=AXIS2_PLACEMENT_3D('',#8137,#6569,#6570);
#5883=AXIS2_PLACEMENT_3D('',#8143,#6574,#6575);
#5884=AXIS2_PLACEMENT_3D('',#8149,#6579,#6580);
#5885=AXIS2_PLACEMENT_3D('',#8152,#6583,#6584);
#5886=AXIS2_PLACEMENT_3D('',#8161,#6589,#6590);
#5887=AXIS2_PLACEMENT_3D('',#8167,#6594,#6595);
#5888=AXIS2_PLACEMENT_3D('',#8173,#6599,#6600);
#5889=AXIS2_PLACEMENT_3D('',#8176,#6603,#6604);
#5890=AXIS2_PLACEMENT_3D('',#8185,#6609,#6610);
#5891=AXIS2_PLACEMENT_3D('',#8191,#6614,#6615);
#5892=AXIS2_PLACEMENT_3D('',#8197,#6619,#6620);
#5893=AXIS2_PLACEMENT_3D('',#8199,#6622,#6623);
#5894=AXIS2_PLACEMENT_3D('',#8209,#6629,#6630);
#5895=AXIS2_PLACEMENT_3D('',#8218,#6635,#6636);
#5896=AXIS2_PLACEMENT_3D('',#8224,#6640,#6641);
#5897=AXIS2_PLACEMENT_3D('',#8230,#6645,#6646);
#5898=AXIS2_PLACEMENT_3D('',#8233,#6649,#6650);
#5899=AXIS2_PLACEMENT_3D('',#8234,#6651,#6652);
#5900=AXIS2_PLACEMENT_3D('',#8243,#6657,#6658);
#5901=AXIS2_PLACEMENT_3D('',#8249,#6662,#6663);
#5902=AXIS2_PLACEMENT_3D('',#8255,#6667,#6668);
#5903=AXIS2_PLACEMENT_3D('',#8258,#6671,#6672);
#5904=AXIS2_PLACEMENT_3D('',#8259,#6673,#6674);
#5905=AXIS2_PLACEMENT_3D('',#8268,#6679,#6680);
#5906=AXIS2_PLACEMENT_3D('',#8274,#6684,#6685);
#5907=AXIS2_PLACEMENT_3D('',#8280,#6689,#6690);
#5908=AXIS2_PLACEMENT_3D('',#8282,#6692,#6693);
#5909=AXIS2_PLACEMENT_3D('',#8284,#6695,#6696);
#5910=AXIS2_PLACEMENT_3D('',#8293,#6701,#6702);
#5911=AXIS2_PLACEMENT_3D('',#8299,#6706,#6707);
#5912=AXIS2_PLACEMENT_3D('',#8305,#6711,#6712);
#5913=AXIS2_PLACEMENT_3D('',#8307,#6714,#6715);
#5914=AXIS2_PLACEMENT_3D('',#8309,#6717,#6718);
#5915=AXIS2_PLACEMENT_3D('',#8311,#6719,#6720);
#5916=AXIS2_PLACEMENT_3D('',#8312,#6721,#6722);
#5917=AXIS2_PLACEMENT_3D('',#8315,#6724,#6725);
#5918=AXIS2_PLACEMENT_3D('',#8316,#6726,#6727);
#5919=AXIS2_PLACEMENT_3D('',#8318,#6728,#6729);
#5920=AXIS2_PLACEMENT_3D('',#8319,#6730,#6731);
#5921=AXIS2_PLACEMENT_3D('',#8322,#6733,#6734);
#5922=AXIS2_PLACEMENT_3D('',#8323,#6735,#6736);
#5923=AXIS2_PLACEMENT_3D('',#8325,#6737,#6738);
#5924=AXIS2_PLACEMENT_3D('',#8328,#6740,#6741);
#5925=AXIS2_PLACEMENT_3D('',#8329,#6742,#6743);
#5926=AXIS2_PLACEMENT_3D('',#8330,#6744,#6745);
#5927=AXIS2_PLACEMENT_3D('',#8332,#6746,#6747);
#5928=AXIS2_PLACEMENT_3D('',#8335,#6749,#6750);
#5929=AXIS2_PLACEMENT_3D('',#8336,#6751,#6752);
#5930=AXIS2_PLACEMENT_3D('',#8337,#6753,#6754);
#5931=AXIS2_PLACEMENT_3D('',#8346,#6759,#6760);
#5932=AXIS2_PLACEMENT_3D('',#8355,#6765,#6766);
#5933=AXIS2_PLACEMENT_3D('',#8371,#6776,#6777);
#5934=AXIS2_PLACEMENT_3D('',#8380,#6783,#6784);
#5935=AXIS2_PLACEMENT_3D('',#8384,#6787,#6788);
#5936=AXIS2_PLACEMENT_3D('',#8388,#6791,#6792);
#5937=AXIS2_PLACEMENT_3D('',#8396,#6797,#6798);
#5938=AXIS2_PLACEMENT_3D('',#8402,#6802,#6803);
#5939=AXIS2_PLACEMENT_3D('',#8412,#6809,#6810);
#5940=AXIS2_PLACEMENT_3D('',#8418,#6814,#6815);
#5941=AXIS2_PLACEMENT_3D('',#8422,#6818,#6819);
#5942=AXIS2_PLACEMENT_3D('',#8427,#6823,#6824);
#5943=AXIS2_PLACEMENT_3D('',#8428,#6825,#6826);
#5944=AXIS2_PLACEMENT_3D('',#8431,#6827,#6828);
#5945=AXIS2_PLACEMENT_3D('',#8435,#6830,#6831);
#5946=AXIS2_PLACEMENT_3D('',#8439,#6833,#6834);
#5947=AXIS2_PLACEMENT_3D('',#8443,#6836,#6837);
#5948=AXIS2_PLACEMENT_3D('',#8450,#6842,#6843);
#5949=AXIS2_PLACEMENT_3D('',#8453,#6844,#6845);
#5950=AXIS2_PLACEMENT_3D('',#8456,#6848,#6849);
#5951=AXIS2_PLACEMENT_3D('',#8460,#6852,#6853);
#5952=AXIS2_PLACEMENT_3D('',#8462,#6854,#6855);
#5953=AXIS2_PLACEMENT_3D('',#8464,#6857,#6858);
#5954=AXIS2_PLACEMENT_3D('',#8468,#6861,#6862);
#5955=AXIS2_PLACEMENT_3D('',#8470,#6863,#6864);
#5956=AXIS2_PLACEMENT_3D('',#8472,#6866,#6867);
#5957=AXIS2_PLACEMENT_3D('',#8476,#6870,#6871);
#5958=AXIS2_PLACEMENT_3D('',#8478,#6872,#6873);
#5959=AXIS2_PLACEMENT_3D('',#8480,#6875,#6876);
#5960=AXIS2_PLACEMENT_3D('',#8482,#6878,#6879);
#5961=AXIS2_PLACEMENT_3D('',#8484,#6880,#6881);
#5962=AXIS2_PLACEMENT_3D('',#8487,#6883,#6884);
#5963=AXIS2_PLACEMENT_3D('',#8498,#6885,#6886);
#5964=AXIS2_PLACEMENT_3D('',#8499,#6887,#6888);
#5965=AXIS2_PLACEMENT_3D('',#8500,#6889,#6890);
#5966=AXIS2_PLACEMENT_3D('',#8502,#6891,#6892);
#5967=AXIS2_PLACEMENT_3D('',#8514,#6894,#6895);
#5968=AXIS2_PLACEMENT_3D('',#8515,#6896,#6897);
#5969=AXIS2_PLACEMENT_3D('',#8516,#6898,#6899);
#5970=AXIS2_PLACEMENT_3D('',#8518,#6900,#6901);
#5971=AXIS2_PLACEMENT_3D('',#8530,#6903,#6904);
#5972=AXIS2_PLACEMENT_3D('',#8531,#6905,#6906);
#5973=AXIS2_PLACEMENT_3D('',#8532,#6907,#6908);
#5974=AXIS2_PLACEMENT_3D('',#8534,#6909,#6910);
#5975=AXIS2_PLACEMENT_3D('',#8545,#6912,#6913);
#5976=AXIS2_PLACEMENT_3D('',#8546,#6914,#6915);
#5977=AXIS2_PLACEMENT_3D('',#8553,#6920,#6921);
#5978=AXIS2_PLACEMENT_3D('',#8560,#6925,#6926);
#5979=AXIS2_PLACEMENT_3D('',#8562,#6927,#6928);
#5980=AXIS2_PLACEMENT_3D('',#8564,#6929,#6930);
#5981=AXIS2_PLACEMENT_3D('',#8566,#6931,#6932);
#5982=AXIS2_PLACEMENT_3D('',#8571,#6934,#6935);
#5983=AXIS2_PLACEMENT_3D('',#8575,#6937,#6938);
#5984=AXIS2_PLACEMENT_3D('',#8579,#6940,#6941);
#5985=AXIS2_PLACEMENT_3D('',#8582,#6943,#6944);
#5986=AXIS2_PLACEMENT_3D('',#8583,#6945,#6946);
#5987=AXIS2_PLACEMENT_3D('',#8586,#6949,#6950);
#5988=AXIS2_PLACEMENT_3D('',#8587,#6951,#6952);
#5989=AXIS2_PLACEMENT_3D('',#8593,#6956,#6957);
#5990=AXIS2_PLACEMENT_3D('',#8595,#6958,#6959);
#5991=AXIS2_PLACEMENT_3D('',#8597,#6961,#6962);
#5992=AXIS2_PLACEMENT_3D('',#8601,#6965,#6966);
#5993=AXIS2_PLACEMENT_3D('',#8603,#6967,#6968);
#5994=AXIS2_PLACEMENT_3D('',#8605,#6970,#6971);
#5995=AXIS2_PLACEMENT_3D('',#8610,#6973,#6974);
#5996=AXIS2_PLACEMENT_3D('',#8614,#6976,#6977);
#5997=AXIS2_PLACEMENT_3D('',#8618,#6979,#6980);
#5998=AXIS2_PLACEMENT_3D('',#8621,#6982,#6983);
#5999=AXIS2_PLACEMENT_3D('',#8622,#6984,#6985);
#6000=AXIS2_PLACEMENT_3D('',#8626,#6988,#6989);
#6001=AXIS2_PLACEMENT_3D('',#8628,#6990,#6991);
#6002=AXIS2_PLACEMENT_3D('',#8630,#6993,#6994);
#6003=AXIS2_PLACEMENT_3D('',#8634,#6997,#6998);
#6004=AXIS2_PLACEMENT_3D('',#8635,#6999,#7000);
#6005=AXIS2_PLACEMENT_3D('',#8636,#7001,#7002);
#6006=AXIS2_PLACEMENT_3D('',#8639,#7005,#7006);
#6007=AXIS2_PLACEMENT_3D('',#8641,#7008,#7009);
#6008=AXIS2_PLACEMENT_3D('',#8643,#7011,#7012);
#6009=AXIS2_PLACEMENT_3D('',#8645,#7014,#7015);
#6010=AXIS2_PLACEMENT_3D('',#8647,#7017,#7018);
#6011=AXIS2_PLACEMENT_3D('',#8649,#7020,#7021);
#6012=AXIS2_PLACEMENT_3D('',#8651,#7023,#7024);
#6013=AXIS2_PLACEMENT_3D('',#8652,#7025,#7026);
#6014=AXIS2_PLACEMENT_3D('',#8654,#7027,#7028);
#6015=AXIS2_PLACEMENT_3D('',#8656,#7029,#7030);
#6016=AXIS2_PLACEMENT_3D('',#8657,#7031,#7032);
#6017=AXIS2_PLACEMENT_3D('',#8659,#7034,#7035);
#6018=AXIS2_PLACEMENT_3D('',#8661,#7036,#7037);
#6019=AXIS2_PLACEMENT_3D('',#8663,#7038,#7039);
#6020=AXIS2_PLACEMENT_3D('',#8664,#7040,#7041);
#6021=AXIS2_PLACEMENT_3D('',#8666,#7043,#7044);
#6022=AXIS2_PLACEMENT_3D('',#8668,#7045,#7046);
#6023=AXIS2_PLACEMENT_3D('',#8670,#7047,#7048);
#6024=AXIS2_PLACEMENT_3D('',#8671,#7049,#7050);
#6025=AXIS2_PLACEMENT_3D('',#8673,#7052,#7053);
#6026=AXIS2_PLACEMENT_3D('',#8675,#7054,#7055);
#6027=AXIS2_PLACEMENT_3D('',#8677,#7056,#7057);
#6028=AXIS2_PLACEMENT_3D('',#8678,#7058,#7059);
#6029=AXIS2_PLACEMENT_3D('',#8680,#7061,#7062);
#6030=AXIS2_PLACEMENT_3D('',#8682,#7063,#7064);
#6031=AXIS2_PLACEMENT_3D('',#8684,#7066,#7067);
#6032=AXIS2_PLACEMENT_3D('',#8685,#7068,#7069);
#6033=AXIS2_PLACEMENT_3D('',#8687,#7070,#7071);
#6034=AXIS2_PLACEMENT_3D('',#8689,#7073,#7074);
#6035=AXIS2_PLACEMENT_3D('',#8690,#7075,#7076);
#6036=AXIS2_PLACEMENT_3D('',#8692,#7077,#7078);
#6037=AXIS2_PLACEMENT_3D('',#8694,#7080,#7081);
#6038=AXIS2_PLACEMENT_3D('',#8695,#7082,#7083);
#6039=AXIS2_PLACEMENT_3D('',#8697,#7084,#7085);
#6040=AXIS2_PLACEMENT_3D('',#8699,#7087,#7088);
#6041=AXIS2_PLACEMENT_3D('',#8700,#7089,#7090);
#6042=AXIS2_PLACEMENT_3D('',#8701,#7091,#7092);
#6043=AXIS2_PLACEMENT_3D('',#8702,#7093,#7094);
#6044=AXIS2_PLACEMENT_3D('',#8712,#7100,#7101);
#6045=AXIS2_PLACEMENT_3D('',#8718,#7105,#7106);
#6046=AXIS2_PLACEMENT_3D('',#8722,#7109,#7110);
#6047=AXIS2_PLACEMENT_3D('',#8726,#7113,#7114);
#6048=AXIS2_PLACEMENT_3D('',#8728,#7116,#7117);
#6049=AXIS2_PLACEMENT_3D('',#8729,#7118,#7119);
#6050=AXIS2_PLACEMENT_3D('',#8730,#7120,#7121);
#6051=AXIS2_PLACEMENT_3D('',#8739,#7126,#7127);
#6052=AXIS2_PLACEMENT_3D('',#8745,#7131,#7132);
#6053=AXIS2_PLACEMENT_3D('',#8753,#7137,#7138);
#6054=AXIS2_PLACEMENT_3D('',#8755,#7140,#7141);
#6055=AXIS2_PLACEMENT_3D('',#8757,#7143,#7144);
#6056=AXIS2_PLACEMENT_3D('',#8767,#7149,#7150);
#6057=AXIS2_PLACEMENT_3D('',#8769,#7151,#7152);
#6058=AXIS2_PLACEMENT_3D('',#8777,#7157,#7158);
#6059=AXIS2_PLACEMENT_3D('',#8779,#7159,#7160);
#6060=AXIS2_PLACEMENT_3D('',#8780,#7161,#7162);
#6061=AXIS2_PLACEMENT_3D('',#8782,#7163,#7164);
#6062=AXIS2_PLACEMENT_3D('',#8784,#7166,#7167);
#6063=AXIS2_PLACEMENT_3D('',#8786,#7168,#7169);
#6064=AXIS2_PLACEMENT_3D('',#8787,#7170,#7171);
#6065=AXIS2_PLACEMENT_3D('',#8789,#7172,#7173);
#6066=AXIS2_PLACEMENT_3D('',#8791,#7175,#7176);
#6067=AXIS2_PLACEMENT_3D('',#8797,#7180,#7181);
#6068=AXIS2_PLACEMENT_3D('',#8801,#7184,#7185);
#6069=AXIS2_PLACEMENT_3D('',#8805,#7188,#7189);
#6070=AXIS2_PLACEMENT_3D('',#8807,#7191,#7192);
#6071=AXIS2_PLACEMENT_3D('',#8810,#7194,#7195);
#6072=AXIS2_PLACEMENT_3D('',#8811,#7196,#7197);
#6073=AXIS2_PLACEMENT_3D('',#8814,#7199,#7200);
#6074=AXIS2_PLACEMENT_3D('',#8815,#7201,#7202);
#6075=AXIS2_PLACEMENT_3D('',#8818,#7204,#7205);
#6076=AXIS2_PLACEMENT_3D('',#8819,#7206,#7207);
#6077=AXIS2_PLACEMENT_3D('',#8822,#7209,#7210);
#6078=AXIS2_PLACEMENT_3D('',#8823,#7211,#7212);
#6079=AXIS2_PLACEMENT_3D('',#8832,#7217,#7218);
#6080=AXIS2_PLACEMENT_3D('',#8838,#7222,#7223);
#6081=AXIS2_PLACEMENT_3D('',#8842,#7226,#7227);
#6082=AXIS2_PLACEMENT_3D('',#8846,#7230,#7231);
#6083=AXIS2_PLACEMENT_3D('',#8848,#7233,#7234);
#6084=AXIS2_PLACEMENT_3D('',#8857,#7239,#7240);
#6085=AXIS2_PLACEMENT_3D('',#8863,#7244,#7245);
#6086=AXIS2_PLACEMENT_3D('',#8867,#7248,#7249);
#6087=AXIS2_PLACEMENT_3D('',#8871,#7252,#7253);
#6088=AXIS2_PLACEMENT_3D('',#8873,#7255,#7256);
#6089=AXIS2_PLACEMENT_3D('',#8882,#7261,#7262);
#6090=AXIS2_PLACEMENT_3D('',#8885,#7265,#7266);
#6091=AXIS2_PLACEMENT_3D('',#8887,#7268,#7269);
#6092=AXIS2_PLACEMENT_3D('',#8889,#7271,#7272);
#6093=AXIS2_PLACEMENT_3D('',#8890,#7273,#7274);
#6094=AXIS2_PLACEMENT_3D('',#8891,#7275,#7276);
#6095=AXIS2_PLACEMENT_3D('',#8900,#7281,#7282);
#6096=AXIS2_PLACEMENT_3D('',#8906,#7286,#7287);
#6097=AXIS2_PLACEMENT_3D('',#8912,#7291,#7292);
#6098=AXIS2_PLACEMENT_3D('',#8915,#7295,#7296);
#6099=AXIS2_PLACEMENT_3D('',#8924,#7301,#7302);
#6100=AXIS2_PLACEMENT_3D('',#8933,#7307,#7308);
#6101=AXIS2_PLACEMENT_3D('',#8939,#7312,#7313);
#6102=AXIS2_PLACEMENT_3D('',#8945,#7317,#7318);
#6103=AXIS2_PLACEMENT_3D('',#8948,#7321,#7322);
#6104=AXIS2_PLACEMENT_3D('',#8957,#7327,#7328);
#6105=AXIS2_PLACEMENT_3D('',#8963,#7332,#7333);
#6106=AXIS2_PLACEMENT_3D('',#8967,#7336,#7337);
#6107=AXIS2_PLACEMENT_3D('',#8973,#7341,#7342);
#6108=AXIS2_PLACEMENT_3D('',#8977,#7345,#7346);
#6109=AXIS2_PLACEMENT_3D('',#8981,#7349,#7350);
#6110=AXIS2_PLACEMENT_3D('',#8983,#7352,#7353);
#6111=AXIS2_PLACEMENT_3D('',#8987,#7356,#7357);
#6112=AXIS2_PLACEMENT_3D('',#8989,#7359,#7360);
#6113=AXIS2_PLACEMENT_3D('',#9002,#7367,#7368);
#6114=AXIS2_PLACEMENT_3D('',#9012,#7374,#7375);
#6115=AXIS2_PLACEMENT_3D('',#9022,#7381,#7382);
#6116=AXIS2_PLACEMENT_3D('',#9025,#7385,#7386);
#6117=AXIS2_PLACEMENT_3D('',#9028,#7387,#7388);
#6118=AXIS2_PLACEMENT_3D('',#9032,#7390,#7391);
#6119=AXIS2_PLACEMENT_3D('',#9036,#7393,#7394);
#6120=AXIS2_PLACEMENT_3D('',#9040,#7396,#7397);
#6121=AXIS2_PLACEMENT_3D('',#9055,#7406,#7407);
#6122=AXIS2_PLACEMENT_3D('',#9059,#7410,#7411);
#6123=AXIS2_PLACEMENT_3D('',#9065,#7415,#7416);
#6124=AXIS2_PLACEMENT_3D('',#9067,#7418,#7419);
#6125=AXIS2_PLACEMENT_3D('',#9071,#7422,#7423);
#6126=AXIS2_PLACEMENT_3D('',#9074,#7426,#7427);
#6127=AXIS2_PLACEMENT_3D('',#9075,#7428,#7429);
#6128=AXIS2_PLACEMENT_3D('',#9079,#7432,#7433);
#6129=AXIS2_PLACEMENT_3D('',#9083,#7436,#7437);
#6130=AXIS2_PLACEMENT_3D('',#9085,#7439,#7440);
#6131=AXIS2_PLACEMENT_3D('',#9086,#7441,#7442);
#6132=AXIS2_PLACEMENT_3D('',#9088,#7443,#7444);
#6133=AXIS2_PLACEMENT_3D('',#9089,#7445,#7446);
#6134=AXIS2_PLACEMENT_3D('',#9092,#7448,#7449);
#6135=AXIS2_PLACEMENT_3D('',#9093,#7450,#7451);
#6136=AXIS2_PLACEMENT_3D('',#9095,#7452,#7453);
#6137=AXIS2_PLACEMENT_3D('',#9097,#7454,#7455);
#6138=AXIS2_PLACEMENT_3D('',#9098,#7456,#7457);
#6139=AXIS2_PLACEMENT_3D('',#9099,#7458,#7459);
#6140=AXIS2_PLACEMENT_3D('',#9101,#7460,#7461);
#6141=AXIS2_PLACEMENT_3D('',#9103,#7463,#7464);
#6142=AXIS2_PLACEMENT_3D('',#9105,#7465,#7466);
#6143=AXIS2_PLACEMENT_3D('',#9106,#7467,#7468);
#6144=AXIS2_PLACEMENT_3D('',#9107,#7469,#7470);
#6145=AXIS2_PLACEMENT_3D('',#9109,#7471,#7472);
#6146=AXIS2_PLACEMENT_3D('',#9111,#7474,#7475);
#6147=AXIS2_PLACEMENT_3D('',#9113,#7476,#7477);
#6148=AXIS2_PLACEMENT_3D('',#9114,#7478,#7479);
#6149=AXIS2_PLACEMENT_3D('',#9115,#7480,#7481);
#6150=AXIS2_PLACEMENT_3D('',#9117,#7482,#7483);
#6151=AXIS2_PLACEMENT_3D('',#9119,#7485,#7486);
#6152=AXIS2_PLACEMENT_3D('',#9121,#7487,#7488);
#6153=AXIS2_PLACEMENT_3D('',#9122,#7489,#7490);
#6154=AXIS2_PLACEMENT_3D('',#9123,#7491,#7492);
#6155=AXIS2_PLACEMENT_3D('',#9125,#7494,#7495);
#6156=AXIS2_PLACEMENT_3D('',#9131,#7499,#7500);
#6157=AXIS2_PLACEMENT_3D('',#9134,#7502,#7503);
#6158=AXIS2_PLACEMENT_3D('',#9135,#7504,#7505);
#6159=AXIS2_PLACEMENT_3D('',#9139,#7508,#7509);
#6160=AXIS2_PLACEMENT_3D('',#9142,#7511,#7512);
#6161=AXIS2_PLACEMENT_3D('',#9143,#7513,#7514);
#6162=AXIS2_PLACEMENT_3D('',#9147,#7517,#7518);
#6163=AXIS2_PLACEMENT_3D('',#9150,#7520,#7521);
#6164=AXIS2_PLACEMENT_3D('',#9151,#7522,#7523);
#6165=AXIS2_PLACEMENT_3D('',#9155,#7526,#7527);
#6166=AXIS2_PLACEMENT_3D('',#9156,#7528,#7529);
#6167=AXIS2_PLACEMENT_3D('',#9157,#7530,#7531);
#6168=AXIS2_PLACEMENT_3D('',#9158,#7532,#7533);
#6169=AXIS2_PLACEMENT_3D('',#9159,#7534,#7535);
#6170=AXIS2_PLACEMENT_3D('',#9168,#7540,#7541);
#6171=AXIS2_PLACEMENT_3D('',#9174,#7545,#7546);
#6172=AXIS2_PLACEMENT_3D('',#9178,#7549,#7550);
#6173=AXIS2_PLACEMENT_3D('',#9182,#7553,#7554);
#6174=AXIS2_PLACEMENT_3D('',#9184,#7556,#7557);
#6175=AXIS2_PLACEMENT_3D('',#9185,#7558,#7559);
#6176=AXIS2_PLACEMENT_3D('',#9194,#7564,#7565);
#6177=AXIS2_PLACEMENT_3D('',#9200,#7569,#7570);
#6178=AXIS2_PLACEMENT_3D('',#9204,#7573,#7574);
#6179=AXIS2_PLACEMENT_3D('',#9208,#7577,#7578);
#6180=AXIS2_PLACEMENT_3D('',#9210,#7580,#7581);
#6181=AXIS2_PLACEMENT_3D('',#9211,#7582,#7583);
#6182=AXIS2_PLACEMENT_3D('',#9220,#7588,#7589);
#6183=AXIS2_PLACEMENT_3D('',#9226,#7593,#7594);
#6184=AXIS2_PLACEMENT_3D('',#9230,#7597,#7598);
#6185=AXIS2_PLACEMENT_3D('',#9234,#7601,#7602);
#6186=AXIS2_PLACEMENT_3D('',#9236,#7604,#7605);
#6187=AXIS2_PLACEMENT_3D('',#9237,#7606,#7607);
#6188=AXIS2_PLACEMENT_3D('',#9238,#7608,#7609);
#6189=AXIS2_PLACEMENT_3D('',#9247,#7614,#7615);
#6190=AXIS2_PLACEMENT_3D('',#9253,#7619,#7620);
#6191=AXIS2_PLACEMENT_3D('',#9257,#7623,#7624);
#6192=AXIS2_PLACEMENT_3D('',#9261,#7627,#7628);
#6193=AXIS2_PLACEMENT_3D('',#9263,#7630,#7631);
#6194=AXIS2_PLACEMENT_3D('',#9264,#7632,#7633);
#6195=AXIS2_PLACEMENT_3D('',#9265,#7634,#7635);
#6196=AXIS2_PLACEMENT_3D('',#9274,#7640,#7641);
#6197=AXIS2_PLACEMENT_3D('',#9280,#7645,#7646);
#6198=AXIS2_PLACEMENT_3D('',#9284,#7649,#7650);
#6199=AXIS2_PLACEMENT_3D('',#9288,#7653,#7654);
#6200=AXIS2_PLACEMENT_3D('',#9290,#7656,#7657);
#6201=AXIS2_PLACEMENT_3D('',#9291,#7658,#7659);
#6202=AXIS2_PLACEMENT_3D('',#9300,#7664,#7665);
#6203=AXIS2_PLACEMENT_3D('',#9306,#7669,#7670);
#6204=AXIS2_PLACEMENT_3D('',#9310,#7673,#7674);
#6205=AXIS2_PLACEMENT_3D('',#9314,#7677,#7678);
#6206=AXIS2_PLACEMENT_3D('',#9316,#7680,#7681);
#6207=AXIS2_PLACEMENT_3D('',#9317,#7682,#7683);
#6208=AXIS2_PLACEMENT_3D('',#9326,#7688,#7689);
#6209=AXIS2_PLACEMENT_3D('',#9332,#7693,#7694);
#6210=AXIS2_PLACEMENT_3D('',#9336,#7697,#7698);
#6211=AXIS2_PLACEMENT_3D('',#9340,#7701,#7702);
#6212=AXIS2_PLACEMENT_3D('',#9342,#7704,#7705);
#6213=AXIS2_PLACEMENT_3D('',#9343,#7706,#7707);
#6214=AXIS2_PLACEMENT_3D('',#9344,#7708,#7709);
#6215=AXIS2_PLACEMENT_3D('',#9345,#7710,#7711);
#6216=AXIS2_PLACEMENT_3D('',#9346,#7712,#7713);
#6217=AXIS2_PLACEMENT_3D('',#9347,#7714,#7715);
#6218=AXIS2_PLACEMENT_3D('',#9348,#7716,#7717);
#6219=DIRECTION('axis',(0.,0.,1.));
#6220=DIRECTION('refdir',(1.,0.,0.));
#6221=DIRECTION('axis',(0.,0.,1.));
#6222=DIRECTION('refdir',(1.,0.,0.));
#6223=DIRECTION('center_axis',(0.,0.,1.));
#6224=DIRECTION('ref_axis',(0.,-1.,0.));
#6225=DIRECTION('',(0.,1.,0.));
#6226=DIRECTION('',(1.,0.,0.));
#6227=DIRECTION('',(0.,-1.,0.));
#6228=DIRECTION('',(1.,0.,0.));
#6229=DIRECTION('center_axis',(0.,1.,0.));
#6230=DIRECTION('ref_axis',(0.,0.,1.));
#6231=DIRECTION('',(0.,0.,-1.));
#6232=DIRECTION('',(0.,0.,1.));
#6233=DIRECTION('',(-1.,0.,0.));
#6234=DIRECTION('center_axis',(0.,0.,-1.));
#6235=DIRECTION('ref_axis',(0.,1.,0.));
#6236=DIRECTION('',(0.,-1.,0.));
#6237=DIRECTION('',(0.,1.,0.));
#6238=DIRECTION('',(1.,0.,0.));
#6239=DIRECTION('center_axis',(0.,-1.,0.));
#6240=DIRECTION('ref_axis',(0.,0.,-1.));
#6241=DIRECTION('',(0.,0.,1.));
#6242=DIRECTION('',(0.,0.,-1.));
#6243=DIRECTION('center_axis',(0.,0.,1.));
#6244=DIRECTION('ref_axis',(0.,-1.,0.));
#6245=DIRECTION('',(0.,1.,0.));
#6246=DIRECTION('',(1.,0.,0.));
#6247=DIRECTION('',(0.,-1.,0.));
#6248=DIRECTION('',(1.,0.,0.));
#6249=DIRECTION('center_axis',(0.,1.,0.));
#6250=DIRECTION('ref_axis',(0.,0.,1.));
#6251=DIRECTION('',(0.,0.,-1.));
#6252=DIRECTION('',(0.,0.,1.));
#6253=DIRECTION('',(-1.,0.,0.));
#6254=DIRECTION('center_axis',(0.,0.,-1.));
#6255=DIRECTION('ref_axis',(0.,1.,0.));
#6256=DIRECTION('',(0.,-1.,0.));
#6257=DIRECTION('',(0.,1.,0.));
#6258=DIRECTION('',(1.,0.,0.));
#6259=DIRECTION('center_axis',(0.,-1.,0.));
#6260=DIRECTION('ref_axis',(0.,0.,-1.));
#6261=DIRECTION('',(0.,0.,1.));
#6262=DIRECTION('',(0.,0.,-1.));
#6263=DIRECTION('center_axis',(0.,0.,1.));
#6264=DIRECTION('ref_axis',(0.,-1.,0.));
#6265=DIRECTION('',(0.,1.,0.));
#6266=DIRECTION('',(1.,0.,0.));
#6267=DIRECTION('',(0.,-1.,0.));
#6268=DIRECTION('',(1.,0.,0.));
#6269=DIRECTION('center_axis',(0.,1.,0.));
#6270=DIRECTION('ref_axis',(0.,0.,1.));
#6271=DIRECTION('',(0.,0.,-1.));
#6272=DIRECTION('',(0.,0.,1.));
#6273=DIRECTION('',(-1.,0.,0.));
#6274=DIRECTION('center_axis',(0.,0.,-1.));
#6275=DIRECTION('ref_axis',(0.,1.,0.));
#6276=DIRECTION('',(0.,-1.,0.));
#6277=DIRECTION('',(0.,1.,0.));
#6278=DIRECTION('',(1.,0.,0.));
#6279=DIRECTION('center_axis',(0.,-1.,0.));
#6280=DIRECTION('ref_axis',(0.,0.,-1.));
#6281=DIRECTION('',(0.,0.,1.));
#6282=DIRECTION('',(0.,0.,-1.));
#6283=DIRECTION('center_axis',(0.,0.,1.));
#6284=DIRECTION('ref_axis',(0.,-1.,0.));
#6285=DIRECTION('',(0.,-1.,0.));
#6286=DIRECTION('',(1.,0.,0.));
#6287=DIRECTION('',(0.,1.,0.));
#6288=DIRECTION('',(1.,0.,0.));
#6289=DIRECTION('center_axis',(0.,-1.,0.));
#6290=DIRECTION('ref_axis',(0.,0.,-1.));
#6291=DIRECTION('',(0.,0.,-1.));
#6292=DIRECTION('',(0.,0.,1.));
#6293=DIRECTION('',(1.,0.,0.));
#6294=DIRECTION('center_axis',(0.,0.,-1.));
#6295=DIRECTION('ref_axis',(0.,1.,0.));
#6296=DIRECTION('',(0.,1.,0.));
#6297=DIRECTION('',(0.,-1.,0.));
#6298=DIRECTION('',(-1.,0.,0.));
#6299=DIRECTION('center_axis',(0.,1.,0.));
#6300=DIRECTION('ref_axis',(0.,0.,1.));
#6301=DIRECTION('',(0.,0.,1.));
#6302=DIRECTION('',(0.,0.,-1.));
#6303=DIRECTION('center_axis',(0.,0.,1.));
#6304=DIRECTION('ref_axis',(0.,-1.,0.));
#6305=DIRECTION('',(0.,-1.,0.));
#6306=DIRECTION('',(1.,0.,0.));
#6307=DIRECTION('',(0.,1.,0.));
#6308=DIRECTION('',(1.,0.,0.));
#6309=DIRECTION('center_axis',(0.,-1.,0.));
#6310=DIRECTION('ref_axis',(0.,0.,-1.));
#6311=DIRECTION('',(0.,0.,-1.));
#6312=DIRECTION('',(0.,0.,1.));
#6313=DIRECTION('',(1.,0.,0.));
#6314=DIRECTION('center_axis',(0.,0.,-1.));
#6315=DIRECTION('ref_axis',(0.,1.,0.));
#6316=DIRECTION('',(0.,1.,0.));
#6317=DIRECTION('',(0.,-1.,0.));
#6318=DIRECTION('',(-1.,0.,0.));
#6319=DIRECTION('center_axis',(0.,1.,0.));
#6320=DIRECTION('ref_axis',(0.,0.,1.));
#6321=DIRECTION('',(0.,0.,1.));
#6322=DIRECTION('',(0.,0.,-1.));
#6323=DIRECTION('center_axis',(0.,0.,1.));
#6324=DIRECTION('ref_axis',(0.,-1.,0.));
#6325=DIRECTION('',(0.,-1.,0.));
#6326=DIRECTION('',(1.,0.,0.));
#6327=DIRECTION('',(0.,1.,0.));
#6328=DIRECTION('',(1.,0.,0.));
#6329=DIRECTION('center_axis',(0.,-1.,0.));
#6330=DIRECTION('ref_axis',(0.,0.,-1.));
#6331=DIRECTION('',(0.,0.,-1.));
#6332=DIRECTION('',(0.,0.,1.));
#6333=DIRECTION('',(1.,0.,0.));
#6334=DIRECTION('center_axis',(0.,0.,-1.));
#6335=DIRECTION('ref_axis',(0.,1.,0.));
#6336=DIRECTION('',(0.,1.,0.));
#6337=DIRECTION('',(0.,-1.,0.));
#6338=DIRECTION('',(-1.,0.,0.));
#6339=DIRECTION('center_axis',(0.,1.,0.));
#6340=DIRECTION('ref_axis',(0.,0.,1.));
#6341=DIRECTION('',(0.,0.,1.));
#6342=DIRECTION('',(0.,0.,-1.));
#6343=DIRECTION('center_axis',(1.,0.,0.));
#6344=DIRECTION('ref_axis',(0.,0.,-1.));
#6345=DIRECTION('',(0.,0.,-1.));
#6346=DIRECTION('',(0.,1.,0.));
#6347=DIRECTION('',(0.,0.,1.));
#6348=DIRECTION('',(0.,1.,0.));
#6349=DIRECTION('center_axis',(0.,0.,-1.));
#6350=DIRECTION('ref_axis',(-1.,0.,0.));
#6351=DIRECTION('',(-1.,0.,0.));
#6352=DIRECTION('',(1.,0.,0.));
#6353=DIRECTION('',(0.,1.,0.));
#6354=DIRECTION('center_axis',(-1.,0.,0.));
#6355=DIRECTION('ref_axis',(0.,0.,1.));
#6356=DIRECTION('',(0.,0.,1.));
#6357=DIRECTION('',(0.,0.,-1.));
#6358=DIRECTION('',(0.,-1.,0.));
#6359=DIRECTION('center_axis',(0.,0.,1.));
#6360=DIRECTION('ref_axis',(1.,0.,0.));
#6361=DIRECTION('',(1.,0.,0.));
#6362=DIRECTION('',(-1.,0.,0.));
#6363=DIRECTION('center_axis',(1.,0.,0.));
#6364=DIRECTION('ref_axis',(0.,0.,-1.));
#6365=DIRECTION('',(0.,0.,-1.));
#6366=DIRECTION('',(0.,1.,0.));
#6367=DIRECTION('',(0.,0.,1.));
#6368=DIRECTION('',(0.,1.,0.));
#6369=DIRECTION('center_axis',(0.,0.,-1.));
#6370=DIRECTION('ref_axis',(-1.,0.,0.));
#6371=DIRECTION('',(-1.,0.,0.));
#6372=DIRECTION('',(1.,0.,0.));
#6373=DIRECTION('',(0.,1.,0.));
#6374=DIRECTION('center_axis',(-1.,0.,0.));
#6375=DIRECTION('ref_axis',(0.,0.,1.));
#6376=DIRECTION('',(0.,0.,1.));
#6377=DIRECTION('',(0.,0.,-1.));
#6378=DIRECTION('',(0.,-1.,0.));
#6379=DIRECTION('center_axis',(0.,0.,1.));
#6380=DIRECTION('ref_axis',(1.,0.,0.));
#6381=DIRECTION('',(1.,0.,0.));
#6382=DIRECTION('',(-1.,0.,0.));
#6383=DIRECTION('center_axis',(1.,0.,0.));
#6384=DIRECTION('ref_axis',(0.,0.,-1.));
#6385=DIRECTION('',(0.,0.,-1.));
#6386=DIRECTION('',(0.,1.,0.));
#6387=DIRECTION('',(0.,0.,1.));
#6388=DIRECTION('',(0.,1.,0.));
#6389=DIRECTION('center_axis',(0.,0.,-1.));
#6390=DIRECTION('ref_axis',(-1.,0.,0.));
#6391=DIRECTION('',(-1.,0.,0.));
#6392=DIRECTION('',(1.,0.,0.));
#6393=DIRECTION('',(0.,1.,0.));
#6394=DIRECTION('center_axis',(-1.,0.,0.));
#6395=DIRECTION('ref_axis',(0.,0.,1.));
#6396=DIRECTION('',(0.,0.,1.));
#6397=DIRECTION('',(0.,0.,-1.));
#6398=DIRECTION('',(0.,-1.,0.));
#6399=DIRECTION('center_axis',(0.,0.,1.));
#6400=DIRECTION('ref_axis',(1.,0.,0.));
#6401=DIRECTION('',(1.,0.,0.));
#6402=DIRECTION('',(-1.,0.,0.));
#6403=DIRECTION('center_axis',(1.,0.,0.));
#6404=DIRECTION('ref_axis',(0.,0.,-1.));
#6405=DIRECTION('',(0.,0.,-1.));
#6406=DIRECTION('',(0.,1.,0.));
#6407=DIRECTION('',(0.,0.,1.));
#6408=DIRECTION('',(0.,1.,0.));
#6409=DIRECTION('center_axis',(0.,0.,-1.));
#6410=DIRECTION('ref_axis',(-1.,0.,0.));
#6411=DIRECTION('',(-1.,0.,0.));
#6412=DIRECTION('',(1.,0.,0.));
#6413=DIRECTION('',(0.,1.,0.));
#6414=DIRECTION('center_axis',(-1.,0.,0.));
#6415=DIRECTION('ref_axis',(0.,0.,1.));
#6416=DIRECTION('',(0.,0.,1.));
#6417=DIRECTION('',(0.,0.,-1.));
#6418=DIRECTION('',(0.,-1.,0.));
#6419=DIRECTION('center_axis',(0.,0.,1.));
#6420=DIRECTION('ref_axis',(1.,0.,0.));
#6421=DIRECTION('',(1.,0.,0.));
#6422=DIRECTION('',(-1.,0.,0.));
#6423=DIRECTION('center_axis',(1.,0.,0.));
#6424=DIRECTION('ref_axis',(0.,0.,-1.));
#6425=DIRECTION('',(0.,0.,-1.));
#6426=DIRECTION('',(0.,1.,0.));
#6427=DIRECTION('',(0.,0.,1.));
#6428=DIRECTION('',(0.,1.,0.));
#6429=DIRECTION('center_axis',(0.,0.,-1.));
#6430=DIRECTION('ref_axis',(-1.,0.,0.));
#6431=DIRECTION('',(-1.,0.,0.));
#6432=DIRECTION('',(1.,0.,0.));
#6433=DIRECTION('',(0.,1.,0.));
#6434=DIRECTION('center_axis',(-1.,0.,0.));
#6435=DIRECTION('ref_axis',(0.,0.,1.));
#6436=DIRECTION('',(0.,0.,1.));
#6437=DIRECTION('',(0.,0.,-1.));
#6438=DIRECTION('',(0.,-1.,0.));
#6439=DIRECTION('center_axis',(0.,0.,1.));
#6440=DIRECTION('ref_axis',(1.,0.,0.));
#6441=DIRECTION('',(1.,0.,0.));
#6442=DIRECTION('',(-1.,0.,0.));
#6443=DIRECTION('center_axis',(1.,0.,0.));
#6444=DIRECTION('ref_axis',(0.,0.,-1.));
#6445=DIRECTION('',(0.,0.,-1.));
#6446=DIRECTION('',(0.,1.,0.));
#6447=DIRECTION('',(0.,0.,1.));
#6448=DIRECTION('',(0.,1.,0.));
#6449=DIRECTION('center_axis',(0.,0.,-1.));
#6450=DIRECTION('ref_axis',(-1.,0.,0.));
#6451=DIRECTION('',(-1.,0.,0.));
#6452=DIRECTION('',(1.,0.,0.));
#6453=DIRECTION('',(0.,1.,0.));
#6454=DIRECTION('center_axis',(-1.,0.,0.));
#6455=DIRECTION('ref_axis',(0.,0.,1.));
#6456=DIRECTION('',(0.,0.,1.));
#6457=DIRECTION('',(0.,0.,-1.));
#6458=DIRECTION('',(0.,-1.,0.));
#6459=DIRECTION('center_axis',(0.,0.,1.));
#6460=DIRECTION('ref_axis',(1.,0.,0.));
#6461=DIRECTION('',(1.,0.,0.));
#6462=DIRECTION('',(-1.,0.,0.));
#6463=DIRECTION('center_axis',(1.,0.,0.));
#6464=DIRECTION('ref_axis',(0.,0.,-1.));
#6465=DIRECTION('',(0.,0.,-1.));
#6466=DIRECTION('',(0.,1.,0.));
#6467=DIRECTION('',(0.,0.,1.));
#6468=DIRECTION('',(0.,1.,0.));
#6469=DIRECTION('center_axis',(0.,0.,-1.));
#6470=DIRECTION('ref_axis',(-1.,0.,0.));
#6471=DIRECTION('',(-1.,0.,0.));
#6472=DIRECTION('',(1.,0.,0.));
#6473=DIRECTION('',(0.,1.,0.));
#6474=DIRECTION('center_axis',(-1.,0.,0.));
#6475=DIRECTION('ref_axis',(0.,0.,1.));
#6476=DIRECTION('',(0.,0.,1.));
#6477=DIRECTION('',(0.,0.,-1.));
#6478=DIRECTION('',(0.,-1.,0.));
#6479=DIRECTION('center_axis',(0.,0.,1.));
#6480=DIRECTION('ref_axis',(1.,0.,0.));
#6481=DIRECTION('',(1.,0.,0.));
#6482=DIRECTION('',(-1.,0.,0.));
#6483=DIRECTION('center_axis',(1.,0.,0.));
#6484=DIRECTION('ref_axis',(0.,0.,-1.));
#6485=DIRECTION('',(0.,0.,-1.));
#6486=DIRECTION('',(0.,1.,0.));
#6487=DIRECTION('',(0.,0.,1.));
#6488=DIRECTION('',(0.,1.,0.));
#6489=DIRECTION('center_axis',(0.,0.,-1.));
#6490=DIRECTION('ref_axis',(-1.,0.,0.));
#6491=DIRECTION('',(-1.,0.,0.));
#6492=DIRECTION('',(1.,0.,0.));
#6493=DIRECTION('',(0.,1.,0.));
#6494=DIRECTION('center_axis',(-1.,0.,0.));
#6495=DIRECTION('ref_axis',(0.,0.,1.));
#6496=DIRECTION('',(0.,0.,1.));
#6497=DIRECTION('',(0.,0.,-1.));
#6498=DIRECTION('',(0.,-1.,0.));
#6499=DIRECTION('center_axis',(0.,0.,1.));
#6500=DIRECTION('ref_axis',(1.,0.,0.));
#6501=DIRECTION('',(1.,0.,0.));
#6502=DIRECTION('',(-1.,0.,0.));
#6503=DIRECTION('center_axis',(1.,0.,0.));
#6504=DIRECTION('ref_axis',(0.,0.,-1.));
#6505=DIRECTION('',(0.,0.,-1.));
#6506=DIRECTION('',(0.,1.,0.));
#6507=DIRECTION('',(0.,0.,1.));
#6508=DIRECTION('',(0.,1.,0.));
#6509=DIRECTION('center_axis',(0.,0.,-1.));
#6510=DIRECTION('ref_axis',(-1.,0.,0.));
#6511=DIRECTION('',(-1.,0.,0.));
#6512=DIRECTION('',(1.,0.,0.));
#6513=DIRECTION('',(0.,1.,0.));
#6514=DIRECTION('center_axis',(-1.,0.,0.));
#6515=DIRECTION('ref_axis',(0.,0.,1.));
#6516=DIRECTION('',(0.,0.,1.));
#6517=DIRECTION('',(0.,0.,-1.));
#6518=DIRECTION('',(0.,-1.,0.));
#6519=DIRECTION('center_axis',(0.,0.,1.));
#6520=DIRECTION('ref_axis',(1.,0.,0.));
#6521=DIRECTION('',(1.,0.,0.));
#6522=DIRECTION('',(-1.,0.,0.));
#6523=DIRECTION('center_axis',(1.,0.,0.));
#6524=DIRECTION('ref_axis',(0.,0.,-1.));
#6525=DIRECTION('',(0.,0.,-1.));
#6526=DIRECTION('',(0.,1.,0.));
#6527=DIRECTION('',(0.,0.,1.));
#6528=DIRECTION('',(0.,1.,0.));
#6529=DIRECTION('center_axis',(0.,0.,-1.));
#6530=DIRECTION('ref_axis',(-1.,0.,0.));
#6531=DIRECTION('',(-1.,0.,0.));
#6532=DIRECTION('',(1.,0.,0.));
#6533=DIRECTION('',(0.,1.,0.));
#6534=DIRECTION('center_axis',(-1.,0.,0.));
#6535=DIRECTION('ref_axis',(0.,0.,1.));
#6536=DIRECTION('',(0.,0.,1.));
#6537=DIRECTION('',(0.,0.,-1.));
#6538=DIRECTION('',(0.,-1.,0.));
#6539=DIRECTION('center_axis',(0.,0.,1.));
#6540=DIRECTION('ref_axis',(1.,0.,0.));
#6541=DIRECTION('',(1.,0.,0.));
#6542=DIRECTION('',(-1.,0.,0.));
#6543=DIRECTION('center_axis',(1.,0.,0.));
#6544=DIRECTION('ref_axis',(0.,0.,-1.));
#6545=DIRECTION('',(0.,0.,-1.));
#6546=DIRECTION('',(0.,1.,0.));
#6547=DIRECTION('',(0.,0.,1.));
#6548=DIRECTION('',(0.,1.,0.));
#6549=DIRECTION('center_axis',(0.,0.,-1.));
#6550=DIRECTION('ref_axis',(-1.,0.,0.));
#6551=DIRECTION('',(-1.,0.,0.));
#6552=DIRECTION('',(1.,0.,0.));
#6553=DIRECTION('',(0.,1.,0.));
#6554=DIRECTION('center_axis',(-1.,0.,0.));
#6555=DIRECTION('ref_axis',(0.,0.,1.));
#6556=DIRECTION('',(0.,0.,1.));
#6557=DIRECTION('',(0.,0.,-1.));
#6558=DIRECTION('',(0.,-1.,0.));
#6559=DIRECTION('center_axis',(0.,0.,1.));
#6560=DIRECTION('ref_axis',(1.,0.,0.));
#6561=DIRECTION('',(1.,0.,0.));
#6562=DIRECTION('',(-1.,0.,0.));
#6563=DIRECTION('center_axis',(1.,0.,0.));
#6564=DIRECTION('ref_axis',(0.,0.,-1.));
#6565=DIRECTION('',(0.,0.,-1.));
#6566=DIRECTION('',(0.,1.,0.));
#6567=DIRECTION('',(0.,0.,1.));
#6568=DIRECTION('',(0.,1.,0.));
#6569=DIRECTION('center_axis',(0.,0.,-1.));
#6570=DIRECTION('ref_axis',(-1.,0.,0.));
#6571=DIRECTION('',(-1.,0.,0.));
#6572=DIRECTION('',(1.,0.,0.));
#6573=DIRECTION('',(0.,1.,0.));
#6574=DIRECTION('center_axis',(-1.,0.,0.));
#6575=DIRECTION('ref_axis',(0.,0.,1.));
#6576=DIRECTION('',(0.,0.,1.));
#6577=DIRECTION('',(0.,0.,-1.));
#6578=DIRECTION('',(0.,-1.,0.));
#6579=DIRECTION('center_axis',(0.,0.,1.));
#6580=DIRECTION('ref_axis',(1.,0.,0.));
#6581=DIRECTION('',(1.,0.,0.));
#6582=DIRECTION('',(-1.,0.,0.));
#6583=DIRECTION('center_axis',(1.,0.,0.));
#6584=DIRECTION('ref_axis',(0.,0.,-1.));
#6585=DIRECTION('',(0.,0.,-1.));
#6586=DIRECTION('',(0.,1.,0.));
#6587=DIRECTION('',(0.,0.,1.));
#6588=DIRECTION('',(0.,1.,0.));
#6589=DIRECTION('center_axis',(0.,0.,-1.));
#6590=DIRECTION('ref_axis',(-1.,0.,0.));
#6591=DIRECTION('',(-1.,0.,0.));
#6592=DIRECTION('',(1.,0.,0.));
#6593=DIRECTION('',(0.,1.,0.));
#6594=DIRECTION('center_axis',(-1.,0.,0.));
#6595=DIRECTION('ref_axis',(0.,0.,1.));
#6596=DIRECTION('',(0.,0.,1.));
#6597=DIRECTION('',(0.,0.,-1.));
#6598=DIRECTION('',(0.,-1.,0.));
#6599=DIRECTION('center_axis',(0.,0.,1.));
#6600=DIRECTION('ref_axis',(1.,0.,0.));
#6601=DIRECTION('',(1.,0.,0.));
#6602=DIRECTION('',(-1.,0.,0.));
#6603=DIRECTION('center_axis',(0.,1.,0.));
#6604=DIRECTION('ref_axis',(-1.,0.,0.));
#6605=DIRECTION('',(0.,0.,-1.));
#6606=DIRECTION('',(-1.,0.,0.));
#6607=DIRECTION('',(0.,0.,1.));
#6608=DIRECTION('',(1.,0.,0.));
#6609=DIRECTION('center_axis',(1.,0.,0.));
#6610=DIRECTION('ref_axis',(0.,1.,0.));
#6611=DIRECTION('',(0.,1.,0.));
#6612=DIRECTION('',(0.,0.,1.));
#6613=DIRECTION('',(0.,-1.,0.));
#6614=DIRECTION('center_axis',(-1.,0.,0.));
#6615=DIRECTION('ref_axis',(0.,-1.,0.));
#6616=DIRECTION('',(0.,0.,-1.));
#6617=DIRECTION('',(0.,-1.,0.));
#6618=DIRECTION('',(0.,1.,0.));
#6619=DIRECTION('center_axis',(0.,0.,1.));
#6620=DIRECTION('ref_axis',(1.,0.,0.));
#6621=DIRECTION('',(-1.,0.,0.));
#6622=DIRECTION('center_axis',(0.,-1.,0.));
#6623=DIRECTION('ref_axis',(1.,0.,0.));
#6624=DIRECTION('',(-1.,0.,0.));
#6625=DIRECTION('',(0.,0.,1.));
#6626=DIRECTION('',(-1.,0.,0.));
#6627=DIRECTION('',(0.,0.,1.));
#6628=DIRECTION('',(-1.,0.,0.));
#6629=DIRECTION('center_axis',(0.,1.,0.));
#6630=DIRECTION('ref_axis',(-1.,0.,0.));
#6631=DIRECTION('',(0.,0.,-1.));
#6632=DIRECTION('',(-1.,0.,0.));
#6633=DIRECTION('',(0.,0.,1.));
#6634=DIRECTION('',(1.,0.,0.));
#6635=DIRECTION('center_axis',(1.,0.,0.));
#6636=DIRECTION('ref_axis',(0.,1.,0.));
#6637=DIRECTION('',(0.,1.,0.));
#6638=DIRECTION('',(0.,0.,1.));
#6639=DIRECTION('',(0.,-1.,0.));
#6640=DIRECTION('center_axis',(0.,-1.,0.));
#6641=DIRECTION('ref_axis',(1.,0.,0.));
#6642=DIRECTION('',(1.,0.,0.));
#6643=DIRECTION('',(0.,0.,1.));
#6644=DIRECTION('',(-1.,0.,0.));
#6645=DIRECTION('center_axis',(-1.,0.,0.));
#6646=DIRECTION('ref_axis',(0.,-1.,0.));
#6647=DIRECTION('',(0.,-1.,0.));
#6648=DIRECTION('',(0.,1.,0.));
#6649=DIRECTION('center_axis',(0.,0.,1.));
#6650=DIRECTION('ref_axis',(1.,0.,0.));
#6651=DIRECTION('center_axis',(0.,1.,0.));
#6652=DIRECTION('ref_axis',(-1.,0.,0.));
#6653=DIRECTION('',(0.,0.,-1.));
#6654=DIRECTION('',(-1.,0.,0.));
#6655=DIRECTION('',(0.,0.,1.));
#6656=DIRECTION('',(1.,0.,0.));
#6657=DIRECTION('center_axis',(1.,0.,0.));
#6658=DIRECTION('ref_axis',(0.,1.,0.));
#6659=DIRECTION('',(0.,1.,0.));
#6660=DIRECTION('',(0.,0.,1.));
#6661=DIRECTION('',(0.,-1.,0.));
#6662=DIRECTION('center_axis',(0.,-1.,0.));
#6663=DIRECTION('ref_axis',(1.,0.,0.));
#6664=DIRECTION('',(1.,0.,0.));
#6665=DIRECTION('',(0.,0.,1.));
#6666=DIRECTION('',(-1.,0.,0.));
#6667=DIRECTION('center_axis',(-1.,0.,0.));
#6668=DIRECTION('ref_axis',(0.,-1.,0.));
#6669=DIRECTION('',(0.,-1.,0.));
#6670=DIRECTION('',(0.,1.,0.));
#6671=DIRECTION('center_axis',(0.,0.,1.));
#6672=DIRECTION('ref_axis',(1.,0.,0.));
#6673=DIRECTION('center_axis',(0.,0.,1.));
#6674=DIRECTION('ref_axis',(1.,0.,0.));
#6675=DIRECTION('',(1.,0.,0.));
#6676=DIRECTION('',(0.,-1.,0.));
#6677=DIRECTION('',(-1.,0.,0.));
#6678=DIRECTION('',(0.,1.,0.));
#6679=DIRECTION('center_axis',(1.,0.,0.));
#6680=DIRECTION('ref_axis',(0.,1.,0.));
#6681=DIRECTION('',(0.,0.,-1.));
#6682=DIRECTION('',(0.,0.,1.));
#6683=DIRECTION('',(0.,-1.,0.));
#6684=DIRECTION('center_axis',(0.,0.,-1.));
#6685=DIRECTION('ref_axis',(-1.,0.,0.));
#6686=DIRECTION('',(-1.,0.,0.));
#6687=DIRECTION('',(1.,0.,0.));
#6688=DIRECTION('',(0.,1.,0.));
#6689=DIRECTION('center_axis',(0.,1.,0.));
#6690=DIRECTION('ref_axis',(-1.,0.,0.));
#6691=DIRECTION('',(0.,0.,-1.));
#6692=DIRECTION('center_axis',(-1.,0.,0.));
#6693=DIRECTION('ref_axis',(0.,-1.,0.));
#6694=DIRECTION('',(0.,0.,1.));
#6695=DIRECTION('center_axis',(0.,0.,1.));
#6696=DIRECTION('ref_axis',(1.,0.,0.));
#6697=DIRECTION('',(1.,0.,0.));
#6698=DIRECTION('',(0.,-1.,0.));
#6699=DIRECTION('',(-1.,0.,0.));
#6700=DIRECTION('',(0.,1.,0.));
#6701=DIRECTION('center_axis',(1.,0.,0.));
#6702=DIRECTION('ref_axis',(0.,1.,0.));
#6703=DIRECTION('',(0.,0.,-1.));
#6704=DIRECTION('',(0.,0.,1.));
#6705=DIRECTION('',(0.,-1.,0.));
#6706=DIRECTION('center_axis',(0.,0.,-1.));
#6707=DIRECTION('ref_axis',(-1.,0.,0.));
#6708=DIRECTION('',(-1.,0.,0.));
#6709=DIRECTION('',(1.,0.,0.));
#6710=DIRECTION('',(0.,1.,0.));
#6711=DIRECTION('center_axis',(0.,1.,0.));
#6712=DIRECTION('ref_axis',(-1.,0.,0.));
#6713=DIRECTION('',(0.,0.,-1.));
#6714=DIRECTION('center_axis',(-1.,0.,0.));
#6715=DIRECTION('ref_axis',(0.,-1.,0.));
#6716=DIRECTION('',(0.,0.,1.));
#6717=DIRECTION('center_axis',(0.,0.,1.));
#6718=DIRECTION('ref_axis',(1.,0.,0.));
#6719=DIRECTION('center_axis',(0.,0.,-1.));
#6720=DIRECTION('ref_axis',(1.,0.,0.));
#6721=DIRECTION('center_axis',(0.,0.,1.));
#6722=DIRECTION('ref_axis',(1.,0.,0.));
#6723=DIRECTION('',(0.,0.,1.));
#6724=DIRECTION('center_axis',(0.,0.,-1.));
#6725=DIRECTION('ref_axis',(1.,0.,0.));
#6726=DIRECTION('center_axis',(0.,0.,1.));
#6727=DIRECTION('ref_axis',(1.,0.,0.));
#6728=DIRECTION('center_axis',(0.,0.,-1.));
#6729=DIRECTION('ref_axis',(1.,0.,0.));
#6730=DIRECTION('center_axis',(0.,0.,1.));
#6731=DIRECTION('ref_axis',(1.,0.,0.));
#6732=DIRECTION('',(0.,0.,1.));
#6733=DIRECTION('center_axis',(0.,0.,-1.));
#6734=DIRECTION('ref_axis',(1.,0.,0.));
#6735=DIRECTION('center_axis',(0.,0.,1.));
#6736=DIRECTION('ref_axis',(1.,0.,0.));
#6737=DIRECTION('center_axis',(0.,0.,1.));
#6738=DIRECTION('ref_axis',(1.,0.,0.));
#6739=DIRECTION('',(0.,0.,-1.));
#6740=DIRECTION('center_axis',(0.,0.,-1.));
#6741=DIRECTION('ref_axis',(1.,0.,0.));
#6742=DIRECTION('center_axis',(0.,0.,1.));
#6743=DIRECTION('ref_axis',(1.,0.,0.));
#6744=DIRECTION('center_axis',(0.,0.,1.));
#6745=DIRECTION('ref_axis',(1.,0.,0.));
#6746=DIRECTION('center_axis',(0.,0.,1.));
#6747=DIRECTION('ref_axis',(1.,0.,0.));
#6748=DIRECTION('',(0.,0.,-1.));
#6749=DIRECTION('center_axis',(0.,0.,-1.));
#6750=DIRECTION('ref_axis',(1.,0.,0.));
#6751=DIRECTION('center_axis',(0.,0.,1.));
#6752=DIRECTION('ref_axis',(1.,0.,0.));
#6753=DIRECTION('center_axis',(1.,0.,0.));
#6754=DIRECTION('ref_axis',(0.,1.,0.));
#6755=DIRECTION('',(0.,0.,1.));
#6756=DIRECTION('',(0.,-1.,0.));
#6757=DIRECTION('',(0.,0.,-1.));
#6758=DIRECTION('',(0.,-1.,0.));
#6759=DIRECTION('center_axis',(-1.,0.,0.));
#6760=DIRECTION('ref_axis',(0.,-1.,0.));
#6761=DIRECTION('',(0.,0.,-1.));
#6762=DIRECTION('',(0.,1.,0.));
#6763=DIRECTION('',(0.,0.,1.));
#6764=DIRECTION('',(0.,1.,0.));
#6765=DIRECTION('center_axis',(0.,0.,1.));
#6766=DIRECTION('ref_axis',(1.,0.,0.));
#6767=DIRECTION('',(0.,-1.,0.));
#6768=DIRECTION('',(1.,1.76787105832031E-17,0.));
#6769=DIRECTION('',(1.,0.,0.));
#6770=DIRECTION('',(1.,1.76787105832031E-17,0.));
#6771=DIRECTION('',(0.,-1.,0.));
#6772=DIRECTION('',(-1.,0.,0.));
#6773=DIRECTION('',(0.,1.,0.));
#6774=DIRECTION('',(1.,1.76787105832031E-17,0.));
#6775=DIRECTION('',(0.,1.,0.));
#6776=DIRECTION('center_axis',(-1.76787105832031E-17,1.,0.));
#6777=DIRECTION('ref_axis',(-1.,-1.76787105832031E-17,0.));
#6778=DIRECTION('',(1.,1.76787105832031E-17,0.));
#6779=DIRECTION('',(0.,0.,-1.));
#6780=DIRECTION('',(0.,0.,1.));
#6781=DIRECTION('',(1.,1.76787105832031E-17,0.));
#6782=DIRECTION('',(0.,0.,-1.));
#6783=DIRECTION('center_axis',(-1.76787105832031E-17,1.,0.));
#6784=DIRECTION('ref_axis',(-1.,-1.76787105832031E-17,0.));
#6785=DIRECTION('',(0.,0.,1.));
#6786=DIRECTION('',(1.,1.76787105832031E-17,0.));
#6787=DIRECTION('center_axis',(0.,0.,-1.));
#6788=DIRECTION('ref_axis',(-1.,0.,0.));
#6789=DIRECTION('',(-1.,0.,0.));
#6790=DIRECTION('',(0.,1.,0.));
#6791=DIRECTION('center_axis',(0.,0.,-1.));
#6792=DIRECTION('ref_axis',(-1.,0.,0.));
#6793=DIRECTION('',(0.,-1.,0.));
#6794=DIRECTION('',(1.,0.,0.));
#6795=DIRECTION('',(-1.24744160070242E-16,-1.,0.));
#6796=DIRECTION('',(-1.,0.,0.));
#6797=DIRECTION('center_axis',(0.,-1.,0.));
#6798=DIRECTION('ref_axis',(1.,0.,0.));
#6799=DIRECTION('',(1.,0.,0.));
#6800=DIRECTION('',(0.,0.,1.));
#6801=DIRECTION('',(0.,0.,1.));
#6802=DIRECTION('center_axis',(-1.,0.,0.));
#6803=DIRECTION('ref_axis',(0.,-1.,0.));
#6804=DIRECTION('',(0.,0.,1.));
#6805=DIRECTION('',(0.,1.,0.));
#6806=DIRECTION('',(0.,0.,-1.));
#6807=DIRECTION('',(0.,-1.,0.));
#6808=DIRECTION('',(0.,-1.,0.));
#6809=DIRECTION('center_axis',(0.,0.,-1.));
#6810=DIRECTION('ref_axis',(-1.,0.,0.));
#6811=DIRECTION('',(-1.,-1.76787105832031E-17,0.));
#6812=DIRECTION('',(0.,-1.,0.));
#6813=DIRECTION('',(1.,0.,0.));
#6814=DIRECTION('center_axis',(0.,1.,0.));
#6815=DIRECTION('ref_axis',(-1.,0.,0.));
#6816=DIRECTION('',(0.,0.,1.));
#6817=DIRECTION('',(-1.,0.,0.));
#6818=DIRECTION('center_axis',(1.,0.,0.));
#6819=DIRECTION('ref_axis',(0.,1.,0.));
#6820=DIRECTION('',(0.,0.,-1.));
#6821=DIRECTION('',(0.,1.,0.));
#6822=DIRECTION('',(0.,1.,0.));
#6823=DIRECTION('center_axis',(0.,0.,1.));
#6824=DIRECTION('ref_axis',(1.,0.,0.));
#6825=DIRECTION('center_axis',(0.,0.,1.));
#6826=DIRECTION('ref_axis',(1.,0.,0.));
#6827=DIRECTION('center_axis',(0.,0.,-1.));
#6828=DIRECTION('ref_axis',(-0.707106781186548,-0.707106781186548,0.));
#6829=DIRECTION('',(1.,0.,0.));
#6830=DIRECTION('center_axis',(0.,0.,-1.));
#6831=DIRECTION('ref_axis',(0.707106781186548,-0.707106781186548,0.));
#6832=DIRECTION('',(0.,1.,0.));
#6833=DIRECTION('center_axis',(0.,0.,-1.));
#6834=DIRECTION('ref_axis',(0.707106781186548,0.707106781186548,0.));
#6835=DIRECTION('',(-1.,0.,0.));
#6836=DIRECTION('center_axis',(0.,0.,-1.));
#6837=DIRECTION('ref_axis',(-0.707106781186548,0.707106781186547,0.));
#6838=DIRECTION('',(0.,-1.,0.));
#6839=DIRECTION('',(1.,0.,0.));
#6840=DIRECTION('',(0.,-1.,0.));
#6841=DIRECTION('',(0.,1.,0.));
#6842=DIRECTION('center_axis',(0.,0.,1.));
#6843=DIRECTION('ref_axis',(0.707106781186548,0.707106781186548,0.));
#6844=DIRECTION('center_axis',(0.,0.,-1.));
#6845=DIRECTION('ref_axis',(0.707106781186548,0.707106781186548,0.));
#6846=DIRECTION('',(0.,0.,1.));
#6847=DIRECTION('',(0.,0.,-1.));
#6848=DIRECTION('center_axis',(1.,0.,0.));
#6849=DIRECTION('ref_axis',(0.,1.,0.));
#6850=DIRECTION('',(0.,-1.,0.));
#6851=DIRECTION('',(0.,0.,1.));
#6852=DIRECTION('center_axis',(0.,0.,1.));
#6853=DIRECTION('ref_axis',(0.707106781186548,-0.707106781186548,0.));
#6854=DIRECTION('center_axis',(0.,0.,-1.));
#6855=DIRECTION('ref_axis',(0.707106781186548,-0.707106781186548,0.));
#6856=DIRECTION('',(0.,0.,-1.));
#6857=DIRECTION('center_axis',(0.,-1.,0.));
#6858=DIRECTION('ref_axis',(1.,0.,0.));
#6859=DIRECTION('',(-1.,0.,0.));
#6860=DIRECTION('',(0.,0.,1.));
#6861=DIRECTION('center_axis',(0.,0.,1.));
#6862=DIRECTION('ref_axis',(-0.707106781186548,-0.707106781186548,0.));
#6863=DIRECTION('center_axis',(0.,0.,-1.));
#6864=DIRECTION('ref_axis',(-0.707106781186548,-0.707106781186548,0.));
#6865=DIRECTION('',(0.,0.,-1.));
#6866=DIRECTION('center_axis',(-1.,0.,0.));
#6867=DIRECTION('ref_axis',(0.,-1.,0.));
#6868=DIRECTION('',(0.,1.,0.));
#6869=DIRECTION('',(0.,0.,1.));
#6870=DIRECTION('center_axis',(0.,0.,-1.));
#6871=DIRECTION('ref_axis',(-0.707106781186548,0.707106781186547,0.));
#6872=DIRECTION('center_axis',(0.,0.,-1.));
#6873=DIRECTION('ref_axis',(-0.707106781186547,0.707106781186548,0.));
#6874=DIRECTION('',(0.,0.,-1.));
#6875=DIRECTION('center_axis',(0.,1.,0.));
#6876=DIRECTION('ref_axis',(-1.,0.,0.));
#6877=DIRECTION('',(1.,0.,0.));
#6878=DIRECTION('center_axis',(0.,1.,0.));
#6879=DIRECTION('ref_axis',(-0.707106781186547,0.,-0.707106781186547));
#6880=DIRECTION('center_axis',(0.,1.,0.));
#6881=DIRECTION('ref_axis',(0.,0.,-1.));
#6882=DIRECTION('',(0.,-1.,0.));
#6883=DIRECTION('center_axis',(0.,-1.,0.));
#6884=DIRECTION('ref_axis',(-1.,0.,0.));
#6885=DIRECTION('center_axis',(1.,0.,0.));
#6886=DIRECTION('ref_axis',(0.,0.,-1.));
#6887=DIRECTION('center_axis',(0.,0.,1.));
#6888=DIRECTION('ref_axis',(-0.707106781186547,0.707106781186548,0.));
#6889=DIRECTION('center_axis',(1.,0.,0.));
#6890=DIRECTION('ref_axis',(0.,0.707106781186547,-0.707106781186547));
#6891=DIRECTION('center_axis',(1.,0.,0.));
#6892=DIRECTION('ref_axis',(0.,0.,-1.));
#6893=DIRECTION('',(-1.,0.,0.));
#6894=DIRECTION('center_axis',(0.,-1.,0.));
#6895=DIRECTION('ref_axis',(0.,0.,-1.));
#6896=DIRECTION('center_axis',(0.,0.,1.));
#6897=DIRECTION('ref_axis',(0.707106781186547,0.707106781186547,0.));
#6898=DIRECTION('center_axis',(0.,-1.,0.));
#6899=DIRECTION('ref_axis',(0.707106781186547,0.,-0.707106781186547));
#6900=DIRECTION('center_axis',(0.,-1.,0.));
#6901=DIRECTION('ref_axis',(0.,0.,-1.));
#6902=DIRECTION('',(0.,1.,0.));
#6903=DIRECTION('center_axis',(-1.,0.,0.));
#6904=DIRECTION('ref_axis',(0.,0.,-1.));
#6905=DIRECTION('center_axis',(0.,0.,1.));
#6906=DIRECTION('ref_axis',(0.707106781186547,-0.707106781186547,0.));
#6907=DIRECTION('center_axis',(-1.,0.,0.));
#6908=DIRECTION('ref_axis',(0.,-0.707106781186547,-0.707106781186547));
#6909=DIRECTION('center_axis',(-1.,0.,0.));
#6910=DIRECTION('ref_axis',(0.,0.,-1.));
#6911=DIRECTION('',(1.,0.,0.));
#6912=DIRECTION('center_axis',(0.,0.,1.));
#6913=DIRECTION('ref_axis',(-0.707106781186547,-0.707106781186547,0.));
#6914=DIRECTION('center_axis',(0.,1.,0.));
#6915=DIRECTION('ref_axis',(-1.,0.,0.));
#6916=DIRECTION('',(0.,0.,1.));
#6917=DIRECTION('',(0.,0.,-1.));
#6918=DIRECTION('',(1.,0.,0.));
#6919=DIRECTION('',(0.,0.,1.));
#6920=DIRECTION('center_axis',(0.,0.,-1.));
#6921=DIRECTION('ref_axis',(-1.,0.,0.));
#6922=DIRECTION('',(0.,1.,0.));
#6923=DIRECTION('',(-1.,0.,0.));
#6924=DIRECTION('',(-1.24744160070242E-16,-1.,0.));
#6925=DIRECTION('center_axis',(0.,0.,-1.));
#6926=DIRECTION('ref_axis',(1.,0.,0.));
#6927=DIRECTION('center_axis',(0.,0.,-1.));
#6928=DIRECTION('ref_axis',(1.,0.,0.));
#6929=DIRECTION('center_axis',(0.,0.,-1.));
#6930=DIRECTION('ref_axis',(1.,0.,0.));
#6931=DIRECTION('center_axis',(0.,0.,-1.));
#6932=DIRECTION('ref_axis',(1.,0.,0.));
#6933=DIRECTION('',(1.,0.,0.));
#6934=DIRECTION('center_axis',(0.,0.,1.));
#6935=DIRECTION('ref_axis',(0.707106781186551,0.707106781186544,0.));
#6936=DIRECTION('',(0.,-1.,0.));
#6937=DIRECTION('center_axis',(0.,0.,1.));
#6938=DIRECTION('ref_axis',(0.707106781186548,-0.707106781186547,0.));
#6939=DIRECTION('',(-1.,0.,0.));
#6940=DIRECTION('center_axis',(0.,0.,1.));
#6941=DIRECTION('ref_axis',(-0.707106781186549,-0.707106781186546,0.));
#6942=DIRECTION('',(0.,1.,0.));
#6943=DIRECTION('center_axis',(0.,0.,1.));
#6944=DIRECTION('ref_axis',(-0.707106781186549,0.707106781186546,0.));
#6945=DIRECTION('center_axis',(0.,-1.,0.));
#6946=DIRECTION('ref_axis',(1.,0.,0.));
#6947=DIRECTION('',(0.,0.,1.));
#6948=DIRECTION('',(0.,0.,1.));
#6949=DIRECTION('center_axis',(1.,-1.24744160070242E-16,0.));
#6950=DIRECTION('ref_axis',(1.24744160070242E-16,1.,0.));
#6951=DIRECTION('center_axis',(0.,-1.,0.));
#6952=DIRECTION('ref_axis',(1.,0.,0.));
#6953=DIRECTION('',(1.,0.,0.));
#6954=DIRECTION('',(0.,0.,-1.));
#6955=DIRECTION('',(0.,0.,1.));
#6956=DIRECTION('center_axis',(0.,0.,1.));
#6957=DIRECTION('ref_axis',(0.707106781186548,-0.707106781186547,0.));
#6958=DIRECTION('center_axis',(0.,0.,1.));
#6959=DIRECTION('ref_axis',(0.707106781186548,-0.707106781186547,0.));
#6960=DIRECTION('',(0.,0.,-1.));
#6961=DIRECTION('center_axis',(1.,0.,0.));
#6962=DIRECTION('ref_axis',(0.,1.,0.));
#6963=DIRECTION('',(0.,1.,0.));
#6964=DIRECTION('',(0.,0.,1.));
#6965=DIRECTION('center_axis',(0.,0.,1.));
#6966=DIRECTION('ref_axis',(0.707106781186551,0.707106781186544,0.));
#6967=DIRECTION('center_axis',(0.,0.,1.));
#6968=DIRECTION('ref_axis',(0.707106781186551,0.707106781186544,0.));
#6969=DIRECTION('',(0.,0.,-1.));
#6970=DIRECTION('center_axis',(0.,0.,-1.));
#6971=DIRECTION('ref_axis',(-1.,0.,0.));
#6972=DIRECTION('',(1.,0.,0.));
#6973=DIRECTION('center_axis',(0.,0.,-1.));
#6974=DIRECTION('ref_axis',(-0.707106781186549,0.707106781186546,0.));
#6975=DIRECTION('',(0.,1.,0.));
#6976=DIRECTION('center_axis',(0.,0.,-1.));
#6977=DIRECTION('ref_axis',(-0.707106781186549,-0.707106781186546,0.));
#6978=DIRECTION('',(-1.,0.,0.));
#6979=DIRECTION('center_axis',(0.,0.,-1.));
#6980=DIRECTION('ref_axis',(0.707106781186548,-0.707106781186547,0.));
#6981=DIRECTION('',(0.,-1.,0.));
#6982=DIRECTION('center_axis',(0.,0.,-1.));
#6983=DIRECTION('ref_axis',(0.707106781186551,0.707106781186544,0.));
#6984=DIRECTION('center_axis',(0.,1.,0.));
#6985=DIRECTION('ref_axis',(-1.,0.,0.));
#6986=DIRECTION('',(-1.,0.,0.));
#6987=DIRECTION('',(0.,0.,1.));
#6988=DIRECTION('center_axis',(0.,0.,-1.));
#6989=DIRECTION('ref_axis',(-0.707106781186549,0.707106781186546,0.));
#6990=DIRECTION('center_axis',(0.,0.,1.));
#6991=DIRECTION('ref_axis',(-0.707106781186549,0.707106781186546,0.));
#6992=DIRECTION('',(0.,0.,-1.));
#6993=DIRECTION('center_axis',(-1.,0.,0.));
#6994=DIRECTION('ref_axis',(0.,-1.,0.));
#6995=DIRECTION('',(0.,-1.,0.));
#6996=DIRECTION('',(0.,0.,1.));
#6997=DIRECTION('center_axis',(0.,0.,1.));
#6998=DIRECTION('ref_axis',(-0.707106781186549,-0.707106781186546,0.));
#6999=DIRECTION('center_axis',(0.,0.,1.));
#7000=DIRECTION('ref_axis',(-0.707106781186549,-0.707106781186546,0.));
#7001=DIRECTION('center_axis',(0.,0.,-1.));
#7002=DIRECTION('ref_axis',(0.707106781186551,0.707106781186544,0.));
#7003=DIRECTION('',(0.707106781186548,0.,-0.707106781186547));
#7004=DIRECTION('',(0.,-0.707106781186548,0.707106781186547));
#7005=DIRECTION('center_axis',(-0.707106781186547,0.,-0.707106781186548));
#7006=DIRECTION('ref_axis',(-0.707106781186548,0.,0.707106781186547));
#7007=DIRECTION('',(0.707106781186548,0.,-0.707106781186547));
#7008=DIRECTION('center_axis',(0.,0.,-1.));
#7009=DIRECTION('ref_axis',(0.707106781186548,-0.707106781186547,0.));
#7010=DIRECTION('',(1.96261557335472E-15,-0.707106781186547,-0.707106781186548));
#7011=DIRECTION('center_axis',(0.,0.707106781186548,-0.707106781186547));
#7012=DIRECTION('ref_axis',(-1.,0.,0.));
#7013=DIRECTION('',(0.,-0.707106781186546,-0.707106781186549));
#7014=DIRECTION('center_axis',(0.,0.,-1.));
#7015=DIRECTION('ref_axis',(-0.707106781186549,-0.707106781186546,0.));
#7016=DIRECTION('',(-0.707106781186548,0.,-0.707106781186547));
#7017=DIRECTION('center_axis',(0.707106781186547,0.,-0.707106781186548));
#7018=DIRECTION('ref_axis',(-0.707106781186548,0.,-0.707106781186547));
#7019=DIRECTION('',(-0.707106781186548,0.,-0.707106781186547));
#7020=DIRECTION('center_axis',(0.,0.,-1.));
#7021=DIRECTION('ref_axis',(-0.707106781186549,0.707106781186546,0.));
#7022=DIRECTION('',(-1.96261557335472E-15,0.707106781186548,-0.707106781186547));
#7023=DIRECTION('center_axis',(0.,-0.707106781186547,-0.707106781186548));
#7024=DIRECTION('ref_axis',(-1.,0.,0.));
#7025=DIRECTION('center_axis',(0.,0.,1.));
#7026=DIRECTION('ref_axis',(1.,0.,0.));
#7027=DIRECTION('center_axis',(0.,0.,1.));
#7028=DIRECTION('ref_axis',(1.,0.,0.));
#7029=DIRECTION('center_axis',(0.,0.,-1.));
#7030=DIRECTION('ref_axis',(1.,0.,0.));
#7031=DIRECTION('center_axis',(0.,0.,1.));
#7032=DIRECTION('ref_axis',(1.,0.,0.));
#7033=DIRECTION('',(0.,0.,-1.));
#7034=DIRECTION('center_axis',(0.,0.,1.));
#7035=DIRECTION('ref_axis',(1.,0.,0.));
#7036=DIRECTION('center_axis',(0.,0.,1.));
#7037=DIRECTION('ref_axis',(1.,0.,0.));
#7038=DIRECTION('center_axis',(0.,0.,-1.));
#7039=DIRECTION('ref_axis',(1.,0.,0.));
#7040=DIRECTION('center_axis',(0.,0.,1.));
#7041=DIRECTION('ref_axis',(1.,0.,0.));
#7042=DIRECTION('',(0.,0.,-1.));
#7043=DIRECTION('center_axis',(0.,0.,1.));
#7044=DIRECTION('ref_axis',(1.,0.,0.));
#7045=DIRECTION('center_axis',(0.,0.,1.));
#7046=DIRECTION('ref_axis',(1.,0.,0.));
#7047=DIRECTION('center_axis',(0.,0.,-1.));
#7048=DIRECTION('ref_axis',(1.,0.,0.));
#7049=DIRECTION('center_axis',(0.,0.,1.));
#7050=DIRECTION('ref_axis',(1.,0.,0.));
#7051=DIRECTION('',(0.,0.,-1.));
#7052=DIRECTION('center_axis',(0.,0.,1.));
#7053=DIRECTION('ref_axis',(1.,0.,0.));
#7054=DIRECTION('center_axis',(0.,0.,1.));
#7055=DIRECTION('ref_axis',(1.,0.,0.));
#7056=DIRECTION('center_axis',(0.,0.,-1.));
#7057=DIRECTION('ref_axis',(1.,0.,0.));
#7058=DIRECTION('center_axis',(0.,0.,1.));
#7059=DIRECTION('ref_axis',(1.,0.,0.));
#7060=DIRECTION('',(0.,0.,-1.));
#7061=DIRECTION('center_axis',(0.,0.,1.));
#7062=DIRECTION('ref_axis',(1.,0.,0.));
#7063=DIRECTION('center_axis',(0.,0.,-1.));
#7064=DIRECTION('ref_axis',(1.,0.,0.));
#7065=DIRECTION('',(0.,0.,1.));
#7066=DIRECTION('center_axis',(0.,0.,1.));
#7067=DIRECTION('ref_axis',(1.,0.,0.));
#7068=DIRECTION('center_axis',(0.,0.,1.));
#7069=DIRECTION('ref_axis',(1.,0.,0.));
#7070=DIRECTION('center_axis',(0.,0.,-1.));
#7071=DIRECTION('ref_axis',(1.,0.,0.));
#7072=DIRECTION('',(0.,0.,1.));
#7073=DIRECTION('center_axis',(0.,0.,1.));
#7074=DIRECTION('ref_axis',(1.,0.,0.));
#7075=DIRECTION('center_axis',(0.,0.,1.));
#7076=DIRECTION('ref_axis',(1.,0.,0.));
#7077=DIRECTION('center_axis',(0.,0.,-1.));
#7078=DIRECTION('ref_axis',(1.,0.,0.));
#7079=DIRECTION('',(0.,0.,1.));
#7080=DIRECTION('center_axis',(0.,0.,1.));
#7081=DIRECTION('ref_axis',(1.,0.,0.));
#7082=DIRECTION('center_axis',(0.,0.,1.));
#7083=DIRECTION('ref_axis',(1.,0.,0.));
#7084=DIRECTION('center_axis',(0.,0.,-1.));
#7085=DIRECTION('ref_axis',(1.,0.,0.));
#7086=DIRECTION('',(0.,0.,1.));
#7087=DIRECTION('center_axis',(0.,0.,1.));
#7088=DIRECTION('ref_axis',(1.,0.,0.));
#7089=DIRECTION('center_axis',(-1.,0.,0.));
#7090=DIRECTION('ref_axis',(0.,-1.,0.));
#7091=DIRECTION('center_axis',(1.,0.,0.));
#7092=DIRECTION('ref_axis',(0.,1.,0.));
#7093=DIRECTION('center_axis',(0.,0.,-1.));
#7094=DIRECTION('ref_axis',(-1.,0.,0.));
#7095=DIRECTION('',(-1.,-1.76787105832031E-17,0.));
#7096=DIRECTION('',(0.,1.,0.));
#7097=DIRECTION('',(1.,0.,0.));
#7098=DIRECTION('',(0.,-1.,0.));
#7099=DIRECTION('',(-1.,-1.76787105832031E-17,0.));
#7100=DIRECTION('center_axis',(1.,0.,0.));
#7101=DIRECTION('ref_axis',(0.,1.,0.));
#7102=DIRECTION('',(0.,0.,1.));
#7103=DIRECTION('',(0.,-1.,0.));
#7104=DIRECTION('',(0.,0.,1.));
#7105=DIRECTION('center_axis',(-1.76787105832031E-17,1.,0.));
#7106=DIRECTION('ref_axis',(-1.,-1.76787105832031E-17,0.));
#7107=DIRECTION('',(0.,0.,-1.));
#7108=DIRECTION('',(1.,1.76787105832031E-17,0.));
#7109=DIRECTION('center_axis',(-1.,0.,0.));
#7110=DIRECTION('ref_axis',(0.,-1.,0.));
#7111=DIRECTION('',(0.,0.,1.));
#7112=DIRECTION('',(0.,1.,0.));
#7113=DIRECTION('center_axis',(0.,-1.,0.));
#7114=DIRECTION('ref_axis',(1.,0.,0.));
#7115=DIRECTION('',(-1.,0.,0.));
#7116=DIRECTION('center_axis',(0.,0.,-1.));
#7117=DIRECTION('ref_axis',(-1.,0.,0.));
#7118=DIRECTION('axis',(0.,0.,1.));
#7119=DIRECTION('refdir',(1.,0.,0.));
#7120=DIRECTION('center_axis',(0.,-1.,0.));
#7121=DIRECTION('ref_axis',(0.,0.,-1.));
#7122=DIRECTION('',(-1.,0.,0.));
#7123=DIRECTION('',(0.554700196225229,0.,-0.832050294337843));
#7124=DIRECTION('',(-1.,0.,0.));
#7125=DIRECTION('',(0.554700196225229,0.,0.832050294337843));
#7126=DIRECTION('center_axis',(-0.832050294337843,0.,-0.554700196225229));
#7127=DIRECTION('ref_axis',(-0.554700196225229,0.,0.832050294337843));
#7128=DIRECTION('',(0.,-1.,0.));
#7129=DIRECTION('',(-0.554700196225229,0.,0.832050294337843));
#7130=DIRECTION('',(0.,1.,0.));
#7131=DIRECTION('center_axis',(0.832050294337843,0.,-0.554700196225229));
#7132=DIRECTION('ref_axis',(-0.554700196225229,0.,-0.832050294337843));
#7133=DIRECTION('',(0.,-1.,0.));
#7134=DIRECTION('',(0.,1.,0.));
#7135=DIRECTION('',(-0.554700196225229,0.,-0.832050294337843));
#7136=DIRECTION('',(0.,1.,0.));
#7137=DIRECTION('center_axis',(0.,0.,1.));
#7138=DIRECTION('ref_axis',(1.,0.,0.));
#7139=DIRECTION('',(1.,0.,0.));
#7140=DIRECTION('center_axis',(0.,1.,0.));
#7141=DIRECTION('ref_axis',(0.,0.,1.));
#7142=DIRECTION('',(1.,0.,0.));
#7143=DIRECTION('center_axis',(0.,0.,1.));
#7144=DIRECTION('ref_axis',(1.,0.,0.));
#7145=DIRECTION('',(0.,-1.,0.));
#7146=DIRECTION('',(1.,0.,0.));
#7147=DIRECTION('',(0.,1.,0.));
#7148=DIRECTION('',(-1.,0.,0.));
#7149=DIRECTION('center_axis',(0.,0.,-1.));
#7150=DIRECTION('ref_axis',(1.,0.,0.));
#7151=DIRECTION('center_axis',(0.,0.,-1.));
#7152=DIRECTION('ref_axis',(1.,0.,0.));
#7153=DIRECTION('',(0.,1.,0.));
#7154=DIRECTION('',(1.,-3.96508223080413E-17,0.));
#7155=DIRECTION('',(0.,-1.,0.));
#7156=DIRECTION('',(-1.,0.,0.));
#7157=DIRECTION('center_axis',(0.,0.,1.));
#7158=DIRECTION('ref_axis',(1.,0.,0.));
#7159=DIRECTION('center_axis',(0.,0.,-1.));
#7160=DIRECTION('ref_axis',(1.,0.,0.));
#7161=DIRECTION('center_axis',(0.,0.,1.));
#7162=DIRECTION('ref_axis',(1.,0.,0.));
#7163=DIRECTION('center_axis',(0.,0.,1.));
#7164=DIRECTION('ref_axis',(1.,0.,0.));
#7165=DIRECTION('',(0.,0.,-1.));
#7166=DIRECTION('center_axis',(0.,0.,1.));
#7167=DIRECTION('ref_axis',(1.,0.,0.));
#7168=DIRECTION('center_axis',(0.,0.,-1.));
#7169=DIRECTION('ref_axis',(1.,0.,0.));
#7170=DIRECTION('center_axis',(0.,0.,1.));
#7171=DIRECTION('ref_axis',(1.,0.,0.));
#7172=DIRECTION('center_axis',(0.,0.,1.));
#7173=DIRECTION('ref_axis',(1.,0.,0.));
#7174=DIRECTION('',(0.,0.,-1.));
#7175=DIRECTION('center_axis',(0.,-1.,0.));
#7176=DIRECTION('ref_axis',(1.,0.,0.));
#7177=DIRECTION('',(1.,0.,0.));
#7178=DIRECTION('',(0.,0.,1.));
#7179=DIRECTION('',(0.,0.,1.));
#7180=DIRECTION('center_axis',(1.,0.,0.));
#7181=DIRECTION('ref_axis',(0.,1.,0.));
#7182=DIRECTION('',(0.,1.,0.));
#7183=DIRECTION('',(0.,0.,1.));
#7184=DIRECTION('center_axis',(3.96508223080413E-17,1.,0.));
#7185=DIRECTION('ref_axis',(-1.,3.96508223080413E-17,0.));
#7186=DIRECTION('',(-1.,3.96508223080413E-17,0.));
#7187=DIRECTION('',(0.,0.,-1.));
#7188=DIRECTION('center_axis',(-1.,0.,0.));
#7189=DIRECTION('ref_axis',(0.,-1.,0.));
#7190=DIRECTION('',(0.,-1.,0.));
#7191=DIRECTION('center_axis',(0.,0.,1.));
#7192=DIRECTION('ref_axis',(1.,0.,0.));
#7193=DIRECTION('',(0.707106781186547,-8.65956056235493E-17,-0.707106781186548));
#7194=DIRECTION('center_axis',(0.,0.,-1.));
#7195=DIRECTION('ref_axis',(1.,0.,0.));
#7196=DIRECTION('center_axis',(0.,0.,-1.));
#7197=DIRECTION('ref_axis',(1.,0.,0.));
#7198=DIRECTION('',(0.,0.,-1.));
#7199=DIRECTION('center_axis',(0.,0.,1.));
#7200=DIRECTION('ref_axis',(1.,0.,0.));
#7201=DIRECTION('center_axis',(0.,0.,1.));
#7202=DIRECTION('ref_axis',(1.,0.,0.));
#7203=DIRECTION('',(0.707106781186547,-8.65956056235493E-17,-0.707106781186548));
#7204=DIRECTION('center_axis',(0.,0.,-1.));
#7205=DIRECTION('ref_axis',(1.,0.,0.));
#7206=DIRECTION('center_axis',(0.,0.,-1.));
#7207=DIRECTION('ref_axis',(1.,0.,0.));
#7208=DIRECTION('',(0.,0.,-1.));
#7209=DIRECTION('center_axis',(0.,0.,1.));
#7210=DIRECTION('ref_axis',(1.,0.,0.));
#7211=DIRECTION('center_axis',(1.,0.,0.));
#7212=DIRECTION('ref_axis',(0.,1.,0.));
#7213=DIRECTION('',(0.,0.,1.));
#7214=DIRECTION('',(0.,-1.,0.));
#7215=DIRECTION('',(0.,0.,1.));
#7216=DIRECTION('',(0.,1.,0.));
#7217=DIRECTION('center_axis',(0.,0.,-1.));
#7218=DIRECTION('ref_axis',(-1.,0.,0.));
#7219=DIRECTION('',(1.,0.,0.));
#7220=DIRECTION('',(0.,1.,0.));
#7221=DIRECTION('',(1.,0.,0.));
#7222=DIRECTION('center_axis',(0.,1.,0.));
#7223=DIRECTION('ref_axis',(-1.,0.,0.));
#7224=DIRECTION('',(0.,0.,-1.));
#7225=DIRECTION('',(-1.,0.,0.));
#7226=DIRECTION('center_axis',(-1.,0.,0.));
#7227=DIRECTION('ref_axis',(0.,-1.,0.));
#7228=DIRECTION('',(0.,0.,-1.));
#7229=DIRECTION('',(0.,-1.,0.));
#7230=DIRECTION('center_axis',(0.,0.,1.));
#7231=DIRECTION('ref_axis',(1.,0.,0.));
#7232=DIRECTION('',(-1.,0.,0.));
#7233=DIRECTION('center_axis',(1.,0.,0.));
#7234=DIRECTION('ref_axis',(0.,1.,0.));
#7235=DIRECTION('',(0.,0.,1.));
#7236=DIRECTION('',(0.,-1.,0.));
#7237=DIRECTION('',(0.,0.,1.));
#7238=DIRECTION('',(0.,1.,0.));
#7239=DIRECTION('center_axis',(0.,0.,-1.));
#7240=DIRECTION('ref_axis',(-1.,0.,0.));
#7241=DIRECTION('',(1.,0.,0.));
#7242=DIRECTION('',(0.,1.,0.));
#7243=DIRECTION('',(1.,0.,0.));
#7244=DIRECTION('center_axis',(0.,1.,0.));
#7245=DIRECTION('ref_axis',(-1.,0.,0.));
#7246=DIRECTION('',(0.,0.,-1.));
#7247=DIRECTION('',(-1.,0.,0.));
#7248=DIRECTION('center_axis',(-1.,0.,0.));
#7249=DIRECTION('ref_axis',(0.,-1.,0.));
#7250=DIRECTION('',(0.,0.,-1.));
#7251=DIRECTION('',(0.,-1.,0.));
#7252=DIRECTION('center_axis',(0.,0.,1.));
#7253=DIRECTION('ref_axis',(1.,0.,0.));
#7254=DIRECTION('',(-1.,0.,0.));
#7255=DIRECTION('center_axis',(0.,0.,-1.));
#7256=DIRECTION('ref_axis',(-1.,0.,0.));
#7257=DIRECTION('',(0.,1.,0.));
#7258=DIRECTION('',(1.,0.,0.));
#7259=DIRECTION('',(0.,-1.,0.));
#7260=DIRECTION('',(-1.,0.,0.));
#7261=DIRECTION('center_axis',(0.,1.,0.));
#7262=DIRECTION('ref_axis',(-1.,0.,0.));
#7263=DIRECTION('',(0.,0.,-1.));
#7264=DIRECTION('',(0.,0.,1.));
#7265=DIRECTION('center_axis',(1.,0.,0.));
#7266=DIRECTION('ref_axis',(0.,1.,0.));
#7267=DIRECTION('',(0.,0.,1.));
#7268=DIRECTION('center_axis',(0.,-1.,0.));
#7269=DIRECTION('ref_axis',(1.,0.,0.));
#7270=DIRECTION('',(0.,0.,1.));
#7271=DIRECTION('center_axis',(-1.,0.,0.));
#7272=DIRECTION('ref_axis',(0.,-1.,0.));
#7273=DIRECTION('axis',(0.,0.,1.));
#7274=DIRECTION('refdir',(1.,0.,0.));
#7275=DIRECTION('center_axis',(0.,-1.,0.));
#7276=DIRECTION('ref_axis',(1.,0.,0.));
#7277=DIRECTION('',(1.,0.,0.));
#7278=DIRECTION('',(0.,0.,1.));
#7279=DIRECTION('',(1.,0.,0.));
#7280=DIRECTION('',(0.,0.,1.));
#7281=DIRECTION('center_axis',(1.,0.,0.));
#7282=DIRECTION('ref_axis',(0.,1.,0.));
#7283=DIRECTION('',(0.,1.,0.));
#7284=DIRECTION('',(0.,1.,0.));
#7285=DIRECTION('',(0.,0.,1.));
#7286=DIRECTION('center_axis',(0.,1.,0.));
#7287=DIRECTION('ref_axis',(-1.,0.,0.));
#7288=DIRECTION('',(-1.,0.,0.));
#7289=DIRECTION('',(-1.,0.,0.));
#7290=DIRECTION('',(0.,0.,-1.));
#7291=DIRECTION('center_axis',(-1.,0.,0.));
#7292=DIRECTION('ref_axis',(0.,-1.,0.));
#7293=DIRECTION('',(0.,-1.,0.));
#7294=DIRECTION('',(0.,-1.,0.));
#7295=DIRECTION('center_axis',(0.,0.,1.));
#7296=DIRECTION('ref_axis',(1.,0.,0.));
#7297=DIRECTION('',(-1.,0.,0.));
#7298=DIRECTION('',(0.,-1.,0.));
#7299=DIRECTION('',(1.,0.,0.));
#7300=DIRECTION('',(0.,1.,0.));
#7301=DIRECTION('center_axis',(0.,-1.,0.));
#7302=DIRECTION('ref_axis',(1.,0.,0.));
#7303=DIRECTION('',(1.,0.,0.));
#7304=DIRECTION('',(0.,0.,1.));
#7305=DIRECTION('',(1.,0.,0.));
#7306=DIRECTION('',(0.,0.,1.));
#7307=DIRECTION('center_axis',(1.,0.,0.));
#7308=DIRECTION('ref_axis',(0.,1.,0.));
#7309=DIRECTION('',(0.,1.,0.));
#7310=DIRECTION('',(0.,1.,0.));
#7311=DIRECTION('',(0.,0.,1.));
#7312=DIRECTION('center_axis',(0.,1.,0.));
#7313=DIRECTION('ref_axis',(-1.,0.,0.));
#7314=DIRECTION('',(-1.,0.,0.));
#7315=DIRECTION('',(-1.,0.,0.));
#7316=DIRECTION('',(0.,0.,-1.));
#7317=DIRECTION('center_axis',(-1.,0.,0.));
#7318=DIRECTION('ref_axis',(0.,-1.,0.));
#7319=DIRECTION('',(0.,-1.,0.));
#7320=DIRECTION('',(0.,-1.,0.));
#7321=DIRECTION('center_axis',(0.,0.,1.));
#7322=DIRECTION('ref_axis',(1.,0.,0.));
#7323=DIRECTION('',(-1.,0.,0.));
#7324=DIRECTION('',(0.,-1.,0.));
#7325=DIRECTION('',(1.,0.,0.));
#7326=DIRECTION('',(0.,1.,0.));
#7327=DIRECTION('center_axis',(0.,1.,0.));
#7328=DIRECTION('ref_axis',(-1.,0.,0.));
#7329=DIRECTION('',(0.,0.,1.));
#7330=DIRECTION('',(1.,0.,0.));
#7331=DIRECTION('',(0.,0.,-1.));
#7332=DIRECTION('center_axis',(1.,0.,0.));
#7333=DIRECTION('ref_axis',(0.,1.,0.));
#7334=DIRECTION('',(0.,0.,1.));
#7335=DIRECTION('',(0.,-1.,0.));
#7336=DIRECTION('center_axis',(0.,1.,0.));
#7337=DIRECTION('ref_axis',(-1.,0.,0.));
#7338=DIRECTION('',(0.,0.,1.));
#7339=DIRECTION('',(1.,0.,0.));
#7340=DIRECTION('',(0.,0.,-1.));
#7341=DIRECTION('center_axis',(1.,0.,0.));
#7342=DIRECTION('ref_axis',(0.,1.,0.));
#7343=DIRECTION('',(0.,0.,1.));
#7344=DIRECTION('',(0.,-1.,0.));
#7345=DIRECTION('center_axis',(0.,-1.,0.));
#7346=DIRECTION('ref_axis',(1.,0.,0.));
#7347=DIRECTION('',(0.,0.,1.));
#7348=DIRECTION('',(-1.,0.,0.));
#7349=DIRECTION('center_axis',(-1.,0.,0.));
#7350=DIRECTION('ref_axis',(0.,-1.,0.));
#7351=DIRECTION('',(0.,1.,0.));
#7352=DIRECTION('center_axis',(0.,-1.,0.));
#7353=DIRECTION('ref_axis',(1.,0.,0.));
#7354=DIRECTION('',(0.,0.,1.));
#7355=DIRECTION('',(-1.,0.,0.));
#7356=DIRECTION('center_axis',(-1.,0.,0.));
#7357=DIRECTION('ref_axis',(0.,-1.,0.));
#7358=DIRECTION('',(0.,1.,0.));
#7359=DIRECTION('center_axis',(0.,-1.,0.));
#7360=DIRECTION('ref_axis',(1.,0.,0.));
#7361=DIRECTION('',(-1.,0.,0.));
#7362=DIRECTION('',(0.,0.,1.));
#7363=DIRECTION('',(1.,0.,0.));
#7364=DIRECTION('',(-0.518301716093345,0.,-0.855197831554018));
#7365=DIRECTION('',(1.,0.,0.));
#7366=DIRECTION('',(0.,0.,1.));
#7367=DIRECTION('center_axis',(-1.,0.,0.));
#7368=DIRECTION('ref_axis',(0.,-1.,0.));
#7369=DIRECTION('',(0.,1.,0.));
#7370=DIRECTION('',(0.,-1.,0.));
#7371=DIRECTION('',(0.,0.,-1.));
#7372=DIRECTION('',(0.,-1.,0.));
#7373=DIRECTION('',(0.,0.,-1.));
#7374=DIRECTION('center_axis',(7.93016446160826E-17,1.,0.));
#7375=DIRECTION('ref_axis',(-1.,7.93016446160826E-17,0.));
#7376=DIRECTION('',(1.,-7.93016446160826E-17,0.));
#7377=DIRECTION('',(-1.,7.93016446160826E-17,0.));
#7378=DIRECTION('',(0.,0.,1.));
#7379=DIRECTION('',(-1.,7.93016446160826E-17,0.));
#7380=DIRECTION('',(0.,0.,1.));
#7381=DIRECTION('center_axis',(1.,0.,0.));
#7382=DIRECTION('ref_axis',(0.,1.,0.));
#7383=DIRECTION('',(0.,-1.,0.));
#7384=DIRECTION('',(0.,1.,0.));
#7385=DIRECTION('center_axis',(0.,0.,-1.));
#7386=DIRECTION('ref_axis',(-1.,0.,0.));
#7387=DIRECTION('center_axis',(0.,0.,1.));
#7388=DIRECTION('ref_axis',(-0.707106781186547,-0.707106781186547,0.));
#7389=DIRECTION('',(0.,-1.,0.));
#7390=DIRECTION('center_axis',(0.,0.,1.));
#7391=DIRECTION('ref_axis',(-0.707106781186547,0.707106781186547,0.));
#7392=DIRECTION('',(-1.,0.,0.));
#7393=DIRECTION('center_axis',(0.,0.,1.));
#7394=DIRECTION('ref_axis',(0.707106781186547,0.707106781186547,0.));
#7395=DIRECTION('',(0.,1.,0.));
#7396=DIRECTION('center_axis',(0.,0.,1.));
#7397=DIRECTION('ref_axis',(0.707106781186547,-0.707106781186547,0.));
#7398=DIRECTION('',(1.,0.,0.));
#7399=DIRECTION('',(0.,1.,0.));
#7400=DIRECTION('',(-1.,0.,0.));
#7401=DIRECTION('',(0.,-1.,0.));
#7402=DIRECTION('',(1.,0.,0.));
#7403=DIRECTION('',(0.,-1.,0.));
#7404=DIRECTION('',(1.,0.,0.));
#7405=DIRECTION('',(0.,1.,0.));
#7406=DIRECTION('center_axis',(1.,0.,0.));
#7407=DIRECTION('ref_axis',(0.,1.,0.));
#7408=DIRECTION('',(0.,1.,0.));
#7409=DIRECTION('',(0.,0.,1.));
#7410=DIRECTION('center_axis',(0.,0.,1.));
#7411=DIRECTION('ref_axis',(1.,0.,0.));
#7412=DIRECTION('',(1.,0.,0.));
#7413=DIRECTION('',(0.,-1.,0.));
#7414=DIRECTION('',(-1.,0.,0.));
#7415=DIRECTION('center_axis',(0.,1.,0.));
#7416=DIRECTION('ref_axis',(-1.,0.,0.));
#7417=DIRECTION('',(0.,0.,-1.));
#7418=DIRECTION('center_axis',(0.,-1.,0.));
#7419=DIRECTION('ref_axis',(1.,0.,0.));
#7420=DIRECTION('',(0.,0.,1.));
#7421=DIRECTION('',(-0.518301716093345,0.,0.855197831554018));
#7422=DIRECTION('center_axis',(0.,-1.,0.));
#7423=DIRECTION('ref_axis',(1.,0.,0.));
#7424=DIRECTION('',(1.,0.,0.));
#7425=DIRECTION('',(0.,0.,1.));
#7426=DIRECTION('center_axis',(-1.,0.,0.));
#7427=DIRECTION('ref_axis',(0.,-1.,0.));
#7428=DIRECTION('center_axis',(-0.855197831554018,0.,-0.518301716093345));
#7429=DIRECTION('ref_axis',(-0.518301716093345,0.,0.855197831554018));
#7430=DIRECTION('',(0.,-1.,0.));
#7431=DIRECTION('',(0.518301716093345,0.,-0.855197831554018));
#7432=DIRECTION('center_axis',(0.,-1.,0.));
#7433=DIRECTION('ref_axis',(0.,0.,-1.));
#7434=DIRECTION('',(-1.,0.,0.));
#7435=DIRECTION('',(0.518301716093345,0.,0.855197831554018));
#7436=DIRECTION('center_axis',(0.855197831554018,0.,-0.518301716093345));
#7437=DIRECTION('ref_axis',(-0.518301716093345,0.,-0.855197831554018));
#7438=DIRECTION('',(0.,1.,0.));
#7439=DIRECTION('center_axis',(0.,0.,1.));
#7440=DIRECTION('ref_axis',(1.,0.,0.));
#7441=DIRECTION('center_axis',(0.,0.,1.));
#7442=DIRECTION('ref_axis',(1.,0.,0.));
#7443=DIRECTION('center_axis',(0.,0.,-1.));
#7444=DIRECTION('ref_axis',(1.,0.,0.));
#7445=DIRECTION('center_axis',(0.,0.,1.));
#7446=DIRECTION('ref_axis',(1.,0.,0.));
#7447=DIRECTION('',(0.,0.,1.));
#7448=DIRECTION('center_axis',(0.,0.,-1.));
#7449=DIRECTION('ref_axis',(1.,0.,0.));
#7450=DIRECTION('center_axis',(0.,0.,1.));
#7451=DIRECTION('ref_axis',(1.,0.,0.));
#7452=DIRECTION('center_axis',(0.,-1.,0.));
#7453=DIRECTION('ref_axis',(-1.,0.,0.));
#7454=DIRECTION('center_axis',(-1.,0.,0.));
#7455=DIRECTION('ref_axis',(0.,0.,-1.));
#7456=DIRECTION('center_axis',(0.,0.,-1.));
#7457=DIRECTION('ref_axis',(-0.707106781186548,-0.707106781186548,0.));
#7458=DIRECTION('center_axis',(-1.,0.,0.));
#7459=DIRECTION('ref_axis',(0.,-0.707106781186548,-0.707106781186548));
#7460=DIRECTION('center_axis',(-1.,0.,0.));
#7461=DIRECTION('ref_axis',(0.,0.,-1.));
#7462=DIRECTION('',(-1.,0.,0.));
#7463=DIRECTION('center_axis',(0.,0.,1.));
#7464=DIRECTION('ref_axis',(1.,0.,0.));
#7465=DIRECTION('center_axis',(0.,-1.,0.));
#7466=DIRECTION('ref_axis',(0.,0.,-1.));
#7467=DIRECTION('center_axis',(0.,0.,-1.));
#7468=DIRECTION('ref_axis',(0.707106781186548,-0.707106781186548,0.));
#7469=DIRECTION('center_axis',(0.,-1.,0.));
#7470=DIRECTION('ref_axis',(0.707106781186548,0.,-0.707106781186548));
#7471=DIRECTION('center_axis',(0.,-1.,0.));
#7472=DIRECTION('ref_axis',(0.,0.,-1.));
#7473=DIRECTION('',(0.,-1.,0.));
#7474=DIRECTION('center_axis',(0.,0.,1.));
#7475=DIRECTION('ref_axis',(1.,0.,0.));
#7476=DIRECTION('center_axis',(1.,0.,0.));
#7477=DIRECTION('ref_axis',(0.,0.,-1.));
#7478=DIRECTION('center_axis',(0.,0.,-1.));
#7479=DIRECTION('ref_axis',(0.707106781186548,0.707106781186548,0.));
#7480=DIRECTION('center_axis',(1.,0.,0.));
#7481=DIRECTION('ref_axis',(0.,0.707106781186548,-0.707106781186548));
#7482=DIRECTION('center_axis',(1.,0.,0.));
#7483=DIRECTION('ref_axis',(0.,0.,-1.));
#7484=DIRECTION('',(1.,0.,0.));
#7485=DIRECTION('center_axis',(0.,0.,1.));
#7486=DIRECTION('ref_axis',(1.,0.,0.));
#7487=DIRECTION('center_axis',(0.,1.,0.));
#7488=DIRECTION('ref_axis',(0.,0.,-1.));
#7489=DIRECTION('center_axis',(0.,0.,-1.));
#7490=DIRECTION('ref_axis',(-0.707106781186548,0.707106781186548,0.));
#7491=DIRECTION('center_axis',(0.,1.,0.));
#7492=DIRECTION('ref_axis',(-0.707106781186548,0.,-0.707106781186548));
#7493=DIRECTION('',(0.,1.,0.));
#7494=DIRECTION('center_axis',(0.,1.,0.));
#7495=DIRECTION('ref_axis',(-1.,0.,0.));
#7496=DIRECTION('',(0.,0.,-1.));
#7497=DIRECTION('',(-1.,0.,0.));
#7498=DIRECTION('',(0.,0.,1.));
#7499=DIRECTION('center_axis',(0.,0.,-1.));
#7500=DIRECTION('ref_axis',(-0.707106781186548,0.707106781186548,0.));
#7501=DIRECTION('',(0.,0.,1.));
#7502=DIRECTION('center_axis',(0.,0.,-1.));
#7503=DIRECTION('ref_axis',(-0.707106781186548,0.707106781186548,0.));
#7504=DIRECTION('center_axis',(-1.,0.,0.));
#7505=DIRECTION('ref_axis',(0.,-1.,0.));
#7506=DIRECTION('',(0.,0.,-1.));
#7507=DIRECTION('',(0.,-1.,0.));
#7508=DIRECTION('center_axis',(0.,0.,1.));
#7509=DIRECTION('ref_axis',(-0.707106781186548,-0.707106781186548,0.));
#7510=DIRECTION('',(0.,0.,1.));
#7511=DIRECTION('center_axis',(0.,0.,-1.));
#7512=DIRECTION('ref_axis',(-0.707106781186548,-0.707106781186548,0.));
#7513=DIRECTION('center_axis',(0.,-1.,0.));
#7514=DIRECTION('ref_axis',(1.,0.,0.));
#7515=DIRECTION('',(0.,0.,-1.));
#7516=DIRECTION('',(1.,0.,0.));
#7517=DIRECTION('center_axis',(0.,0.,1.));
#7518=DIRECTION('ref_axis',(0.707106781186548,-0.707106781186548,0.));
#7519=DIRECTION('',(0.,0.,1.));
#7520=DIRECTION('center_axis',(0.,0.,-1.));
#7521=DIRECTION('ref_axis',(0.707106781186548,-0.707106781186548,0.));
#7522=DIRECTION('center_axis',(1.,0.,0.));
#7523=DIRECTION('ref_axis',(0.,1.,0.));
#7524=DIRECTION('',(0.,0.,-1.));
#7525=DIRECTION('',(0.,1.,0.));
#7526=DIRECTION('center_axis',(0.,0.,1.));
#7527=DIRECTION('ref_axis',(0.707106781186548,0.707106781186548,0.));
#7528=DIRECTION('center_axis',(0.,0.,-1.));
#7529=DIRECTION('ref_axis',(0.707106781186548,0.707106781186548,0.));
#7530=DIRECTION('center_axis',(0.,0.,1.));
#7531=DIRECTION('ref_axis',(1.,0.,0.));
#7532=DIRECTION('axis',(0.,0.,1.));
#7533=DIRECTION('refdir',(1.,0.,0.));
#7534=DIRECTION('center_axis',(0.,0.,-1.));
#7535=DIRECTION('ref_axis',(-1.,0.,0.));
#7536=DIRECTION('',(0.,1.,0.));
#7537=DIRECTION('',(1.,0.,0.));
#7538=DIRECTION('',(0.,-1.,0.));
#7539=DIRECTION('',(-1.,0.,0.));
#7540=DIRECTION('center_axis',(0.,1.,0.));
#7541=DIRECTION('ref_axis',(-1.,0.,0.));
#7542=DIRECTION('',(0.,0.,-1.));
#7543=DIRECTION('',(-1.,0.,0.));
#7544=DIRECTION('',(0.,0.,1.));
#7545=DIRECTION('center_axis',(1.,0.,0.));
#7546=DIRECTION('ref_axis',(0.,1.,0.));
#7547=DIRECTION('',(0.,1.,0.));
#7548=DIRECTION('',(0.,0.,1.));
#7549=DIRECTION('center_axis',(0.,-1.,0.));
#7550=DIRECTION('ref_axis',(1.,0.,0.));
#7551=DIRECTION('',(1.,0.,0.));
#7552=DIRECTION('',(0.,0.,1.));
#7553=DIRECTION('center_axis',(-1.,0.,0.));
#7554=DIRECTION('ref_axis',(0.,-1.,0.));
#7555=DIRECTION('',(0.,-1.,0.));
#7556=DIRECTION('center_axis',(0.,0.,1.));
#7557=DIRECTION('ref_axis',(1.,0.,0.));
#7558=DIRECTION('center_axis',(0.,0.,-1.));
#7559=DIRECTION('ref_axis',(-1.,0.,0.));
#7560=DIRECTION('',(0.,1.,0.));
#7561=DIRECTION('',(1.,0.,0.));
#7562=DIRECTION('',(1.26882631385732E-16,-1.,0.));
#7563=DIRECTION('',(-1.,0.,0.));
#7564=DIRECTION('center_axis',(0.,1.,0.));
#7565=DIRECTION('ref_axis',(-1.,0.,0.));
#7566=DIRECTION('',(0.,0.,-1.));
#7567=DIRECTION('',(-1.,0.,0.));
#7568=DIRECTION('',(0.,0.,1.));
#7569=DIRECTION('center_axis',(1.,1.26882631385732E-16,0.));
#7570=DIRECTION('ref_axis',(-1.26882631385732E-16,1.,0.));
#7571=DIRECTION('',(-1.26882631385732E-16,1.,0.));
#7572=DIRECTION('',(0.,0.,1.));
#7573=DIRECTION('center_axis',(0.,-1.,0.));
#7574=DIRECTION('ref_axis',(1.,0.,0.));
#7575=DIRECTION('',(1.,0.,0.));
#7576=DIRECTION('',(0.,0.,1.));
#7577=DIRECTION('center_axis',(-1.,0.,0.));
#7578=DIRECTION('ref_axis',(0.,-1.,0.));
#7579=DIRECTION('',(0.,-1.,0.));
#7580=DIRECTION('center_axis',(0.,0.,1.));
#7581=DIRECTION('ref_axis',(1.,0.,0.));
#7582=DIRECTION('center_axis',(0.,0.,-1.));
#7583=DIRECTION('ref_axis',(-1.,0.,0.));
#7584=DIRECTION('',(0.,1.,0.));
#7585=DIRECTION('',(1.,0.,0.));
#7586=DIRECTION('',(0.,-1.,0.));
#7587=DIRECTION('',(-1.,0.,0.));
#7588=DIRECTION('center_axis',(0.,1.,0.));
#7589=DIRECTION('ref_axis',(-1.,0.,0.));
#7590=DIRECTION('',(0.,0.,-1.));
#7591=DIRECTION('',(-1.,0.,0.));
#7592=DIRECTION('',(0.,0.,1.));
#7593=DIRECTION('center_axis',(1.,0.,0.));
#7594=DIRECTION('ref_axis',(0.,1.,0.));
#7595=DIRECTION('',(0.,1.,0.));
#7596=DIRECTION('',(0.,0.,1.));
#7597=DIRECTION('center_axis',(0.,-1.,0.));
#7598=DIRECTION('ref_axis',(1.,0.,0.));
#7599=DIRECTION('',(1.,0.,0.));
#7600=DIRECTION('',(0.,0.,1.));
#7601=DIRECTION('center_axis',(-1.,0.,0.));
#7602=DIRECTION('ref_axis',(0.,-1.,0.));
#7603=DIRECTION('',(0.,-1.,0.));
#7604=DIRECTION('center_axis',(0.,0.,1.));
#7605=DIRECTION('ref_axis',(1.,0.,0.));
#7606=DIRECTION('axis',(0.,0.,1.));
#7607=DIRECTION('refdir',(1.,0.,0.));
#7608=DIRECTION('center_axis',(0.,0.,-1.));
#7609=DIRECTION('ref_axis',(-1.,0.,0.));
#7610=DIRECTION('',(0.,1.,0.));
#7611=DIRECTION('',(1.,4.62592926927149E-17,0.));
#7612=DIRECTION('',(0.,-1.,0.));
#7613=DIRECTION('',(-1.,0.,0.));
#7614=DIRECTION('center_axis',(-4.62592926927149E-17,1.,0.));
#7615=DIRECTION('ref_axis',(-1.,-4.62592926927149E-17,0.));
#7616=DIRECTION('',(0.,0.,-1.));
#7617=DIRECTION('',(-1.,-4.62592926927149E-17,0.));
#7618=DIRECTION('',(0.,0.,1.));
#7619=DIRECTION('center_axis',(1.,0.,0.));
#7620=DIRECTION('ref_axis',(0.,1.,0.));
#7621=DIRECTION('',(0.,1.,0.));
#7622=DIRECTION('',(0.,0.,1.));
#7623=DIRECTION('center_axis',(0.,-1.,0.));
#7624=DIRECTION('ref_axis',(1.,0.,0.));
#7625=DIRECTION('',(1.,0.,0.));
#7626=DIRECTION('',(0.,0.,1.));
#7627=DIRECTION('center_axis',(-1.,0.,0.));
#7628=DIRECTION('ref_axis',(0.,-1.,0.));
#7629=DIRECTION('',(0.,-1.,0.));
#7630=DIRECTION('center_axis',(0.,0.,1.));
#7631=DIRECTION('ref_axis',(1.,0.,0.));
#7632=DIRECTION('axis',(0.,0.,1.));
#7633=DIRECTION('refdir',(1.,0.,0.));
#7634=DIRECTION('center_axis',(0.,0.,-1.));
#7635=DIRECTION('ref_axis',(-1.,0.,0.));
#7636=DIRECTION('',(0.,1.,0.));
#7637=DIRECTION('',(1.,1.2335811384724E-16,0.));
#7638=DIRECTION('',(0.,-1.,0.));
#7639=DIRECTION('',(-1.,0.,0.));
#7640=DIRECTION('center_axis',(-1.2335811384724E-16,1.,0.));
#7641=DIRECTION('ref_axis',(-1.,-1.2335811384724E-16,0.));
#7642=DIRECTION('',(0.,0.,-1.));
#7643=DIRECTION('',(-1.,-1.2335811384724E-16,0.));
#7644=DIRECTION('',(0.,0.,1.));
#7645=DIRECTION('center_axis',(1.,0.,0.));
#7646=DIRECTION('ref_axis',(0.,1.,0.));
#7647=DIRECTION('',(0.,1.,0.));
#7648=DIRECTION('',(0.,0.,1.));
#7649=DIRECTION('center_axis',(0.,-1.,0.));
#7650=DIRECTION('ref_axis',(1.,0.,0.));
#7651=DIRECTION('',(1.,0.,0.));
#7652=DIRECTION('',(0.,0.,1.));
#7653=DIRECTION('center_axis',(-1.,0.,0.));
#7654=DIRECTION('ref_axis',(0.,-1.,0.));
#7655=DIRECTION('',(0.,-1.,0.));
#7656=DIRECTION('center_axis',(0.,0.,1.));
#7657=DIRECTION('ref_axis',(1.,0.,0.));
#7658=DIRECTION('center_axis',(0.,0.,-1.));
#7659=DIRECTION('ref_axis',(-1.,0.,0.));
#7660=DIRECTION('',(0.,1.,0.));
#7661=DIRECTION('',(1.,0.,0.));
#7662=DIRECTION('',(0.,-1.,0.));
#7663=DIRECTION('',(-1.,0.,0.));
#7664=DIRECTION('center_axis',(0.,1.,0.));
#7665=DIRECTION('ref_axis',(-1.,0.,0.));
#7666=DIRECTION('',(0.,0.,-1.));
#7667=DIRECTION('',(-1.,0.,0.));
#7668=DIRECTION('',(0.,0.,1.));
#7669=DIRECTION('center_axis',(1.,0.,0.));
#7670=DIRECTION('ref_axis',(0.,1.,0.));
#7671=DIRECTION('',(0.,1.,0.));
#7672=DIRECTION('',(0.,0.,1.));
#7673=DIRECTION('center_axis',(0.,-1.,0.));
#7674=DIRECTION('ref_axis',(1.,0.,0.));
#7675=DIRECTION('',(1.,0.,0.));
#7676=DIRECTION('',(0.,0.,1.));
#7677=DIRECTION('center_axis',(-1.,0.,0.));
#7678=DIRECTION('ref_axis',(0.,-1.,0.));
#7679=DIRECTION('',(0.,-1.,0.));
#7680=DIRECTION('center_axis',(0.,0.,1.));
#7681=DIRECTION('ref_axis',(1.,0.,0.));
#7682=DIRECTION('center_axis',(0.,0.,-1.));
#7683=DIRECTION('ref_axis',(-1.,0.,0.));
#7684=DIRECTION('',(0.,1.,0.));
#7685=DIRECTION('',(1.,4.62592926927149E-17,0.));
#7686=DIRECTION('',(0.,-1.,0.));
#7687=DIRECTION('',(-1.,0.,0.));
#7688=DIRECTION('center_axis',(-4.62592926927149E-17,1.,0.));
#7689=DIRECTION('ref_axis',(-1.,-4.62592926927149E-17,0.));
#7690=DIRECTION('',(0.,0.,-1.));
#7691=DIRECTION('',(-1.,-4.62592926927149E-17,0.));
#7692=DIRECTION('',(0.,0.,1.));
#7693=DIRECTION('center_axis',(1.,0.,0.));
#7694=DIRECTION('ref_axis',(0.,1.,0.));
#7695=DIRECTION('',(0.,1.,0.));
#7696=DIRECTION('',(0.,0.,1.));
#7697=DIRECTION('center_axis',(0.,-1.,0.));
#7698=DIRECTION('ref_axis',(1.,0.,0.));
#7699=DIRECTION('',(1.,0.,0.));
#7700=DIRECTION('',(0.,0.,1.));
#7701=DIRECTION('center_axis',(-1.,0.,0.));
#7702=DIRECTION('ref_axis',(0.,-1.,0.));
#7703=DIRECTION('',(0.,-1.,0.));
#7704=DIRECTION('center_axis',(0.,0.,1.));
#7705=DIRECTION('ref_axis',(1.,0.,0.));
#7706=DIRECTION('',(0.,0.,1.));
#7707=DIRECTION('',(1.,0.,0.));
#7708=DIRECTION('',(0.,0.,1.));
#7709=DIRECTION('',(1.,0.,0.));
#7710=DIRECTION('',(0.,0.,1.));
#7711=DIRECTION('',(1.,0.,0.));
#7712=DIRECTION('',(0.,0.,1.));
#7713=DIRECTION('',(1.,0.,0.));
#7714=DIRECTION('',(0.,0.,1.));
#7715=DIRECTION('',(1.,0.,0.));
#7716=DIRECTION('',(0.,0.,1.));
#7717=DIRECTION('',(1.,0.,0.));
#7718=CARTESIAN_POINT('',(0.,0.,0.));
#7719=CARTESIAN_POINT('',(0.,0.,0.));
#7720=CARTESIAN_POINT('Origin',(32.4,-25.35,8.5));
#7721=CARTESIAN_POINT('',(33.4,-26.75,8.5));
#7722=CARTESIAN_POINT('',(33.4,-25.35,8.5));
#7723=CARTESIAN_POINT('',(33.4,-29.375,8.5));
#7724=CARTESIAN_POINT('',(31.4,-26.75,8.5));
#7725=CARTESIAN_POINT('',(32.4,-26.75,8.5));
#7726=CARTESIAN_POINT('',(31.4,-25.35,8.5));
#7727=CARTESIAN_POINT('',(31.4,-28.375,8.5));
#7728=CARTESIAN_POINT('',(32.4,-25.35,8.5));
#7729=CARTESIAN_POINT('Origin',(32.4,-25.35,3.5));
#7730=CARTESIAN_POINT('',(33.4,-25.35,3.5));
#7731=CARTESIAN_POINT('',(33.4,-25.35,6.75));
#7732=CARTESIAN_POINT('',(31.4,-25.35,3.5));
#7733=CARTESIAN_POINT('',(31.4,-25.35,11.375));
#7734=CARTESIAN_POINT('',(32.4,-25.35,3.5));
#7735=CARTESIAN_POINT('Origin',(32.4,-26.75,3.5));
#7736=CARTESIAN_POINT('',(33.4,-26.75,3.5));
#7737=CARTESIAN_POINT('',(33.4,-30.075,3.5));
#7738=CARTESIAN_POINT('',(31.4,-26.75,3.5));
#7739=CARTESIAN_POINT('',(31.4,-29.075,3.5));
#7740=CARTESIAN_POINT('',(32.4,-26.75,3.5));
#7741=CARTESIAN_POINT('Origin',(32.4,-26.75,8.5));
#7742=CARTESIAN_POINT('',(33.4,-26.75,9.25));
#7743=CARTESIAN_POINT('',(31.4,-26.75,13.875));
#7744=CARTESIAN_POINT('Origin',(32.4,-21.85,8.5));
#7745=CARTESIAN_POINT('',(33.4,-23.25,8.5));
#7746=CARTESIAN_POINT('',(33.4,-21.85,8.5));
#7747=CARTESIAN_POINT('',(33.4,-27.625,8.5));
#7748=CARTESIAN_POINT('',(31.4,-23.25,8.5));
#7749=CARTESIAN_POINT('',(32.4,-23.25,8.5));
#7750=CARTESIAN_POINT('',(31.4,-21.85,8.5));
#7751=CARTESIAN_POINT('',(31.4,-26.625,8.5));
#7752=CARTESIAN_POINT('',(32.4,-21.85,8.5));
#7753=CARTESIAN_POINT('Origin',(32.4,-21.85,3.5));
#7754=CARTESIAN_POINT('',(33.4,-21.85,3.5));
#7755=CARTESIAN_POINT('',(33.4,-21.85,6.75));
#7756=CARTESIAN_POINT('',(31.4,-21.85,3.5));
#7757=CARTESIAN_POINT('',(31.4,-21.85,11.375));
#7758=CARTESIAN_POINT('',(32.4,-21.85,3.5));
#7759=CARTESIAN_POINT('Origin',(32.4,-23.25,3.5));
#7760=CARTESIAN_POINT('',(33.4,-23.25,3.5));
#7761=CARTESIAN_POINT('',(33.4,-28.325,3.5));
#7762=CARTESIAN_POINT('',(31.4,-23.25,3.5));
#7763=CARTESIAN_POINT('',(31.4,-27.325,3.5));
#7764=CARTESIAN_POINT('',(32.4,-23.25,3.5));
#7765=CARTESIAN_POINT('Origin',(32.4,-23.25,8.5));
#7766=CARTESIAN_POINT('',(33.4,-23.25,9.25));
#7767=CARTESIAN_POINT('',(31.4,-23.25,13.875));
#7768=CARTESIAN_POINT('Origin',(32.4,-18.35,8.5));
#7769=CARTESIAN_POINT('',(33.4,-19.75,8.5));
#7770=CARTESIAN_POINT('',(33.4,-18.35,8.5));
#7771=CARTESIAN_POINT('',(33.4,-25.875,8.5));
#7772=CARTESIAN_POINT('',(31.4,-19.75,8.5));
#7773=CARTESIAN_POINT('',(32.4,-19.75,8.5));
#7774=CARTESIAN_POINT('',(31.4,-18.35,8.5));
#7775=CARTESIAN_POINT('',(31.4,-24.875,8.5));
#7776=CARTESIAN_POINT('',(32.4,-18.35,8.5));
#7777=CARTESIAN_POINT('Origin',(32.4,-18.35,3.5));
#7778=CARTESIAN_POINT('',(33.4,-18.35,3.5));
#7779=CARTESIAN_POINT('',(33.4,-18.35,6.75));
#7780=CARTESIAN_POINT('',(31.4,-18.35,3.5));
#7781=CARTESIAN_POINT('',(31.4,-18.35,11.375));
#7782=CARTESIAN_POINT('',(32.4,-18.35,3.5));
#7783=CARTESIAN_POINT('Origin',(32.4,-19.75,3.5));
#7784=CARTESIAN_POINT('',(33.4,-19.75,3.5));
#7785=CARTESIAN_POINT('',(33.4,-26.575,3.5));
#7786=CARTESIAN_POINT('',(31.4,-19.75,3.5));
#7787=CARTESIAN_POINT('',(31.4,-25.575,3.5));
#7788=CARTESIAN_POINT('',(32.4,-19.75,3.5));
#7789=CARTESIAN_POINT('Origin',(32.4,-19.75,8.5));
#7790=CARTESIAN_POINT('',(33.4,-19.75,9.25));
#7791=CARTESIAN_POINT('',(31.4,-19.75,13.875));
#7792=CARTESIAN_POINT('Origin',(-32.4,-25.35,8.5));
#7793=CARTESIAN_POINT('',(-33.4,-25.35,8.5));
#7794=CARTESIAN_POINT('',(-33.4,-26.75,8.5));
#7795=CARTESIAN_POINT('',(-33.4,4.025,8.5));
#7796=CARTESIAN_POINT('',(-31.4,-25.35,8.5));
#7797=CARTESIAN_POINT('',(-32.4,-25.35,8.5));
#7798=CARTESIAN_POINT('',(-31.4,-26.75,8.5));
#7799=CARTESIAN_POINT('',(-31.4,3.025,8.5));
#7800=CARTESIAN_POINT('',(-32.4,-26.75,8.5));
#7801=CARTESIAN_POINT('Origin',(-32.4,-26.75,8.5));
#7802=CARTESIAN_POINT('',(-33.4,-26.75,3.5));
#7803=CARTESIAN_POINT('',(-33.4,-26.75,9.25));
#7804=CARTESIAN_POINT('',(-31.4,-26.75,3.5));
#7805=CARTESIAN_POINT('',(-31.4,-26.75,13.875));
#7806=CARTESIAN_POINT('',(-32.4,-26.75,3.5));
#7807=CARTESIAN_POINT('Origin',(-32.4,-26.75,3.5));
#7808=CARTESIAN_POINT('',(-33.4,-25.35,3.5));
#7809=CARTESIAN_POINT('',(-33.4,3.325,3.5));
#7810=CARTESIAN_POINT('',(-31.4,-25.35,3.5));
#7811=CARTESIAN_POINT('',(-31.4,2.325,3.5));
#7812=CARTESIAN_POINT('',(-32.4,-25.35,3.5));
#7813=CARTESIAN_POINT('Origin',(-32.4,-25.35,3.5));
#7814=CARTESIAN_POINT('',(-33.4,-25.35,6.75));
#7815=CARTESIAN_POINT('',(-31.4,-25.35,11.375));
#7816=CARTESIAN_POINT('Origin',(-32.4,-21.85,8.5));
#7817=CARTESIAN_POINT('',(-33.4,-21.85,8.5));
#7818=CARTESIAN_POINT('',(-33.4,-23.25,8.5));
#7819=CARTESIAN_POINT('',(-33.4,5.775,8.5));
#7820=CARTESIAN_POINT('',(-31.4,-21.85,8.5));
#7821=CARTESIAN_POINT('',(-32.4,-21.85,8.5));
#7822=CARTESIAN_POINT('',(-31.4,-23.25,8.5));
#7823=CARTESIAN_POINT('',(-31.4,4.775,8.5));
#7824=CARTESIAN_POINT('',(-32.4,-23.25,8.5));
#7825=CARTESIAN_POINT('Origin',(-32.4,-23.25,8.5));
#7826=CARTESIAN_POINT('',(-33.4,-23.25,3.5));
#7827=CARTESIAN_POINT('',(-33.4,-23.25,9.25));
#7828=CARTESIAN_POINT('',(-31.4,-23.25,3.5));
#7829=CARTESIAN_POINT('',(-31.4,-23.25,13.875));
#7830=CARTESIAN_POINT('',(-32.4,-23.25,3.5));
#7831=CARTESIAN_POINT('Origin',(-32.4,-23.25,3.5));
#7832=CARTESIAN_POINT('',(-33.4,-21.85,3.5));
#7833=CARTESIAN_POINT('',(-33.4,5.075,3.5));
#7834=CARTESIAN_POINT('',(-31.4,-21.85,3.5));
#7835=CARTESIAN_POINT('',(-31.4,4.075,3.5));
#7836=CARTESIAN_POINT('',(-32.4,-21.85,3.5));
#7837=CARTESIAN_POINT('Origin',(-32.4,-21.85,3.5));
#7838=CARTESIAN_POINT('',(-33.4,-21.85,6.75));
#7839=CARTESIAN_POINT('',(-31.4,-21.85,11.375));
#7840=CARTESIAN_POINT('Origin',(-32.4,-18.35,8.5));
#7841=CARTESIAN_POINT('',(-33.4,-18.35,8.5));
#7842=CARTESIAN_POINT('',(-33.4,-19.75,8.5));
#7843=CARTESIAN_POINT('',(-33.4,7.525,8.5));
#7844=CARTESIAN_POINT('',(-31.4,-18.35,8.5));
#7845=CARTESIAN_POINT('',(-32.4,-18.35,8.5));
#7846=CARTESIAN_POINT('',(-31.4,-19.75,8.5));
#7847=CARTESIAN_POINT('',(-31.4,6.525,8.5));
#7848=CARTESIAN_POINT('',(-32.4,-19.75,8.5));
#7849=CARTESIAN_POINT('Origin',(-32.4,-19.75,8.5));
#7850=CARTESIAN_POINT('',(-33.4,-19.75,3.5));
#7851=CARTESIAN_POINT('',(-33.4,-19.75,9.25));
#7852=CARTESIAN_POINT('',(-31.4,-19.75,3.5));
#7853=CARTESIAN_POINT('',(-31.4,-19.75,13.875));
#7854=CARTESIAN_POINT('',(-32.4,-19.75,3.5));
#7855=CARTESIAN_POINT('Origin',(-32.4,-19.75,3.5));
#7856=CARTESIAN_POINT('',(-33.4,-18.35,3.5));
#7857=CARTESIAN_POINT('',(-33.4,6.825,3.5));
#7858=CARTESIAN_POINT('',(-31.4,-18.35,3.5));
#7859=CARTESIAN_POINT('',(-31.4,5.825,3.5));
#7860=CARTESIAN_POINT('',(-32.4,-18.35,3.5));
#7861=CARTESIAN_POINT('Origin',(-32.4,-18.35,3.5));
#7862=CARTESIAN_POINT('',(-33.4,-18.35,6.75));
#7863=CARTESIAN_POINT('',(-31.4,-18.35,11.375));
#7864=CARTESIAN_POINT('Origin',(18.2,-32.4,8.5));
#7865=CARTESIAN_POINT('',(18.2,-33.4,8.5));
#7866=CARTESIAN_POINT('',(18.2,-33.4,3.5));
#7867=CARTESIAN_POINT('',(18.2,-33.4,9.25));
#7868=CARTESIAN_POINT('',(18.2,-31.4,8.5));
#7869=CARTESIAN_POINT('',(18.2,-32.4,8.5));
#7870=CARTESIAN_POINT('',(18.2,-31.4,3.5));
#7871=CARTESIAN_POINT('',(18.2,-31.4,13.875));
#7872=CARTESIAN_POINT('',(18.2,-32.4,3.5));
#7873=CARTESIAN_POINT('Origin',(18.2,-32.4,3.5));
#7874=CARTESIAN_POINT('',(16.8,-33.4,3.5));
#7875=CARTESIAN_POINT('',(-7.6,-33.4,3.5));
#7876=CARTESIAN_POINT('',(16.8,-31.4,3.5));
#7877=CARTESIAN_POINT('',(-6.6,-31.4,3.5));
#7878=CARTESIAN_POINT('',(16.8,-32.4,3.5));
#7879=CARTESIAN_POINT('Origin',(16.8,-32.4,3.5));
#7880=CARTESIAN_POINT('',(16.8,-33.4,8.5));
#7881=CARTESIAN_POINT('',(16.8,-33.4,6.75));
#7882=CARTESIAN_POINT('',(16.8,-31.4,8.5));
#7883=CARTESIAN_POINT('',(16.8,-31.4,11.375));
#7884=CARTESIAN_POINT('',(16.8,-32.4,8.5));
#7885=CARTESIAN_POINT('Origin',(16.8,-32.4,8.5));
#7886=CARTESIAN_POINT('',(-8.3,-33.4,8.5));
#7887=CARTESIAN_POINT('',(-7.3,-31.4,8.5));
#7888=CARTESIAN_POINT('Origin',(11.2,-32.4,8.5));
#7889=CARTESIAN_POINT('',(11.2,-33.4,8.5));
#7890=CARTESIAN_POINT('',(11.2,-33.4,3.5));
#7891=CARTESIAN_POINT('',(11.2,-33.4,9.25));
#7892=CARTESIAN_POINT('',(11.2,-31.4,8.5));
#7893=CARTESIAN_POINT('',(11.2,-32.4,8.5));
#7894=CARTESIAN_POINT('',(11.2,-31.4,3.5));
#7895=CARTESIAN_POINT('',(11.2,-31.4,13.875));
#7896=CARTESIAN_POINT('',(11.2,-32.4,3.5));
#7897=CARTESIAN_POINT('Origin',(11.2,-32.4,3.5));
#7898=CARTESIAN_POINT('',(9.8,-33.4,3.5));
#7899=CARTESIAN_POINT('',(-11.1,-33.4,3.5));
#7900=CARTESIAN_POINT('',(9.8,-31.4,3.5));
#7901=CARTESIAN_POINT('',(-10.1,-31.4,3.5));
#7902=CARTESIAN_POINT('',(9.8,-32.4,3.5));
#7903=CARTESIAN_POINT('Origin',(9.8,-32.4,3.5));
#7904=CARTESIAN_POINT('',(9.8,-33.4,8.5));
#7905=CARTESIAN_POINT('',(9.8,-33.4,6.75));
#7906=CARTESIAN_POINT('',(9.8,-31.4,8.5));
#7907=CARTESIAN_POINT('',(9.8,-31.4,11.375));
#7908=CARTESIAN_POINT('',(9.8,-32.4,8.5));
#7909=CARTESIAN_POINT('Origin',(9.8,-32.4,8.5));
#7910=CARTESIAN_POINT('',(-11.8,-33.4,8.5));
#7911=CARTESIAN_POINT('',(-10.8,-31.4,8.5));
#7912=CARTESIAN_POINT('Origin',(4.2,-32.4,8.5));
#7913=CARTESIAN_POINT('',(4.2,-33.4,8.5));
#7914=CARTESIAN_POINT('',(4.2,-33.4,3.5));
#7915=CARTESIAN_POINT('',(4.2,-33.4,9.25));
#7916=CARTESIAN_POINT('',(4.2,-31.4,8.5));
#7917=CARTESIAN_POINT('',(4.2,-32.4,8.5));
#7918=CARTESIAN_POINT('',(4.2,-31.4,3.5));
#7919=CARTESIAN_POINT('',(4.2,-31.4,13.875));
#7920=CARTESIAN_POINT('',(4.2,-32.4,3.5));
#7921=CARTESIAN_POINT('Origin',(4.2,-32.4,3.5));
#7922=CARTESIAN_POINT('',(2.8,-33.4,3.5));
#7923=CARTESIAN_POINT('',(-14.6,-33.4,3.5));
#7924=CARTESIAN_POINT('',(2.8,-31.4,3.5));
#7925=CARTESIAN_POINT('',(-13.6,-31.4,3.5));
#7926=CARTESIAN_POINT('',(2.8,-32.4,3.5));
#7927=CARTESIAN_POINT('Origin',(2.8,-32.4,3.5));
#7928=CARTESIAN_POINT('',(2.8,-33.4,8.5));
#7929=CARTESIAN_POINT('',(2.8,-33.4,6.75));
#7930=CARTESIAN_POINT('',(2.8,-31.4,8.5));
#7931=CARTESIAN_POINT('',(2.8,-31.4,11.375));
#7932=CARTESIAN_POINT('',(2.8,-32.4,8.5));
#7933=CARTESIAN_POINT('Origin',(2.8,-32.4,8.5));
#7934=CARTESIAN_POINT('',(-15.3,-33.4,8.5));
#7935=CARTESIAN_POINT('',(-14.3,-31.4,8.5));
#7936=CARTESIAN_POINT('Origin',(0.7,-32.4,8.5));
#7937=CARTESIAN_POINT('',(0.7,-33.4,8.5));
#7938=CARTESIAN_POINT('',(0.7,-33.4,3.5));
#7939=CARTESIAN_POINT('',(0.699999999999998,-33.4,9.25));
#7940=CARTESIAN_POINT('',(0.7,-31.4,8.5));
#7941=CARTESIAN_POINT('',(0.7,-32.4,8.5));
#7942=CARTESIAN_POINT('',(0.7,-31.4,3.5));
#7943=CARTESIAN_POINT('',(0.699999999999998,-31.4,13.875));
#7944=CARTESIAN_POINT('',(0.7,-32.4,3.5));
#7945=CARTESIAN_POINT('Origin',(0.7,-32.4,3.5));
#7946=CARTESIAN_POINT('',(-0.7,-33.4,3.5));
#7947=CARTESIAN_POINT('',(-16.35,-33.4,3.5));
#7948=CARTESIAN_POINT('',(-0.7,-31.4,3.5));
#7949=CARTESIAN_POINT('',(-15.35,-31.4,3.5));
#7950=CARTESIAN_POINT('',(-0.7,-32.4,3.5));
#7951=CARTESIAN_POINT('Origin',(-0.7,-32.4,3.5));
#7952=CARTESIAN_POINT('',(-0.7,-33.4,8.5));
#7953=CARTESIAN_POINT('',(-0.699999999999998,-33.4,6.75));
#7954=CARTESIAN_POINT('',(-0.7,-31.4,8.5));
#7955=CARTESIAN_POINT('',(-0.699999999999998,-31.4,11.375));
#7956=CARTESIAN_POINT('',(-0.7,-32.4,8.5));
#7957=CARTESIAN_POINT('Origin',(-0.7,-32.4,8.5));
#7958=CARTESIAN_POINT('',(-17.05,-33.4,8.5));
#7959=CARTESIAN_POINT('',(-16.05,-31.4,8.5));
#7960=CARTESIAN_POINT('Origin',(-6.3,-32.4,8.5));
#7961=CARTESIAN_POINT('',(-6.3,-33.4,8.5));
#7962=CARTESIAN_POINT('',(-6.3,-33.4,3.5));
#7963=CARTESIAN_POINT('',(-6.3,-33.4,9.25));
#7964=CARTESIAN_POINT('',(-6.3,-31.4,8.5));
#7965=CARTESIAN_POINT('',(-6.3,-32.4,8.5));
#7966=CARTESIAN_POINT('',(-6.3,-31.4,3.5));
#7967=CARTESIAN_POINT('',(-6.3,-31.4,13.875));
#7968=CARTESIAN_POINT('',(-6.3,-32.4,3.5));
#7969=CARTESIAN_POINT('Origin',(-6.3,-32.4,3.5));
#7970=CARTESIAN_POINT('',(-7.7,-33.4,3.5));
#7971=CARTESIAN_POINT('',(-19.85,-33.4,3.5));
#7972=CARTESIAN_POINT('',(-7.7,-31.4,3.5));
#7973=CARTESIAN_POINT('',(-18.85,-31.4,3.5));
#7974=CARTESIAN_POINT('',(-7.7,-32.4,3.5));
#7975=CARTESIAN_POINT('Origin',(-7.7,-32.4,3.5));
#7976=CARTESIAN_POINT('',(-7.7,-33.4,8.5));
#7977=CARTESIAN_POINT('',(-7.7,-33.4,6.75));
#7978=CARTESIAN_POINT('',(-7.7,-31.4,8.5));
#7979=CARTESIAN_POINT('',(-7.7,-31.4,11.375));
#7980=CARTESIAN_POINT('',(-7.7,-32.4,8.5));
#7981=CARTESIAN_POINT('Origin',(-7.7,-32.4,8.5));
#7982=CARTESIAN_POINT('',(-20.55,-33.4,8.5));
#7983=CARTESIAN_POINT('',(-19.55,-31.4,8.5));
#7984=CARTESIAN_POINT('Origin',(-13.3,-32.4,8.5));
#7985=CARTESIAN_POINT('',(-13.3,-33.4,8.5));
#7986=CARTESIAN_POINT('',(-13.3,-33.4,3.5));
#7987=CARTESIAN_POINT('',(-13.3,-33.4,9.25));
#7988=CARTESIAN_POINT('',(-13.3,-31.4,8.5));
#7989=CARTESIAN_POINT('',(-13.3,-32.4,8.5));
#7990=CARTESIAN_POINT('',(-13.3,-31.4,3.5));
#7991=CARTESIAN_POINT('',(-13.3,-31.4,13.875));
#7992=CARTESIAN_POINT('',(-13.3,-32.4,3.5));
#7993=CARTESIAN_POINT('Origin',(-13.3,-32.4,3.5));
#7994=CARTESIAN_POINT('',(-14.7,-33.4,3.5));
#7995=CARTESIAN_POINT('',(-23.35,-33.4,3.5));
#7996=CARTESIAN_POINT('',(-14.7,-31.4,3.5));
#7997=CARTESIAN_POINT('',(-22.35,-31.4,3.5));
#7998=CARTESIAN_POINT('',(-14.7,-32.4,3.5));
#7999=CARTESIAN_POINT('Origin',(-14.7,-32.4,3.5));
#8000=CARTESIAN_POINT('',(-14.7,-33.4,8.5));
#8001=CARTESIAN_POINT('',(-14.7,-33.4,6.75));
#8002=CARTESIAN_POINT('',(-14.7,-31.4,8.5));
#8003=CARTESIAN_POINT('',(-14.7,-31.4,11.375));
#8004=CARTESIAN_POINT('',(-14.7,-32.4,8.5));
#8005=CARTESIAN_POINT('Origin',(-14.7,-32.4,8.5));
#8006=CARTESIAN_POINT('',(-24.05,-33.4,8.5));
#8007=CARTESIAN_POINT('',(-23.05,-31.4,8.5));
#8008=CARTESIAN_POINT('Origin',(-16.8,-32.4,8.5));
#8009=CARTESIAN_POINT('',(-16.8,-33.4,8.5));
#8010=CARTESIAN_POINT('',(-16.8,-33.4,3.5));
#8011=CARTESIAN_POINT('',(-16.8,-33.4,9.25));
#8012=CARTESIAN_POINT('',(-16.8,-31.4,8.5));
#8013=CARTESIAN_POINT('',(-16.8,-32.4,8.5));
#8014=CARTESIAN_POINT('',(-16.8,-31.4,3.5));
#8015=CARTESIAN_POINT('',(-16.8,-31.4,13.875));
#8016=CARTESIAN_POINT('',(-16.8,-32.4,3.5));
#8017=CARTESIAN_POINT('Origin',(-16.8,-32.4,3.5));
#8018=CARTESIAN_POINT('',(-18.2,-33.4,3.5));
#8019=CARTESIAN_POINT('',(-25.1,-33.4,3.5));
#8020=CARTESIAN_POINT('',(-18.2,-31.4,3.5));
#8021=CARTESIAN_POINT('',(-24.1,-31.4,3.5));
#8022=CARTESIAN_POINT('',(-18.2,-32.4,3.5));
#8023=CARTESIAN_POINT('Origin',(-18.2,-32.4,3.5));
#8024=CARTESIAN_POINT('',(-18.2,-33.4,8.5));
#8025=CARTESIAN_POINT('',(-18.2,-33.4,6.75));
#8026=CARTESIAN_POINT('',(-18.2,-31.4,8.5));
#8027=CARTESIAN_POINT('',(-18.2,-31.4,11.375));
#8028=CARTESIAN_POINT('',(-18.2,-32.4,8.5));
#8029=CARTESIAN_POINT('Origin',(-18.2,-32.4,8.5));
#8030=CARTESIAN_POINT('',(-25.8,-33.4,8.5));
#8031=CARTESIAN_POINT('',(-24.8,-31.4,8.5));
#8032=CARTESIAN_POINT('Origin',(-9.8,-32.4,8.5));
#8033=CARTESIAN_POINT('',(-9.8,-33.4,8.5));
#8034=CARTESIAN_POINT('',(-9.8,-33.4,3.5));
#8035=CARTESIAN_POINT('',(-9.8,-33.4,9.25));
#8036=CARTESIAN_POINT('',(-9.8,-31.4,8.5));
#8037=CARTESIAN_POINT('',(-9.8,-32.4,8.5));
#8038=CARTESIAN_POINT('',(-9.8,-31.4,3.5));
#8039=CARTESIAN_POINT('',(-9.8,-31.4,13.875));
#8040=CARTESIAN_POINT('',(-9.8,-32.4,3.5));
#8041=CARTESIAN_POINT('Origin',(-9.8,-32.4,3.5));
#8042=CARTESIAN_POINT('',(-11.2,-33.4,3.5));
#8043=CARTESIAN_POINT('',(-21.6,-33.4,3.5));
#8044=CARTESIAN_POINT('',(-11.2,-31.4,3.5));
#8045=CARTESIAN_POINT('',(-20.6,-31.4,3.5));
#8046=CARTESIAN_POINT('',(-11.2,-32.4,3.5));
#8047=CARTESIAN_POINT('Origin',(-11.2,-32.4,3.5));
#8048=CARTESIAN_POINT('',(-11.2,-33.4,8.5));
#8049=CARTESIAN_POINT('',(-11.2,-33.4,6.75));
#8050=CARTESIAN_POINT('',(-11.2,-31.4,8.5));
#8051=CARTESIAN_POINT('',(-11.2,-31.4,11.375));
#8052=CARTESIAN_POINT('',(-11.2,-32.4,8.5));
#8053=CARTESIAN_POINT('Origin',(-11.2,-32.4,8.5));
#8054=CARTESIAN_POINT('',(-22.3,-33.4,8.5));
#8055=CARTESIAN_POINT('',(-21.3,-31.4,8.5));
#8056=CARTESIAN_POINT('Origin',(-2.8,-32.4,8.5));
#8057=CARTESIAN_POINT('',(-2.8,-33.4,8.5));
#8058=CARTESIAN_POINT('',(-2.8,-33.4,3.5));
#8059=CARTESIAN_POINT('',(-2.8,-33.4,9.25));
#8060=CARTESIAN_POINT('',(-2.8,-31.4,8.5));
#8061=CARTESIAN_POINT('',(-2.8,-32.4,8.5));
#8062=CARTESIAN_POINT('',(-2.8,-31.4,3.5));
#8063=CARTESIAN_POINT('',(-2.8,-31.4,13.875));
#8064=CARTESIAN_POINT('',(-2.8,-32.4,3.5));
#8065=CARTESIAN_POINT('Origin',(-2.8,-32.4,3.5));
#8066=CARTESIAN_POINT('',(-4.2,-33.4,3.5));
#8067=CARTESIAN_POINT('',(-18.1,-33.4,3.5));
#8068=CARTESIAN_POINT('',(-4.2,-31.4,3.5));
#8069=CARTESIAN_POINT('',(-17.1,-31.4,3.5));
#8070=CARTESIAN_POINT('',(-4.2,-32.4,3.5));
#8071=CARTESIAN_POINT('Origin',(-4.2,-32.4,3.5));
#8072=CARTESIAN_POINT('',(-4.2,-33.4,8.5));
#8073=CARTESIAN_POINT('',(-4.2,-33.4,6.75));
#8074=CARTESIAN_POINT('',(-4.2,-31.4,8.5));
#8075=CARTESIAN_POINT('',(-4.2,-31.4,11.375));
#8076=CARTESIAN_POINT('',(-4.2,-32.4,8.5));
#8077=CARTESIAN_POINT('Origin',(-4.2,-32.4,8.5));
#8078=CARTESIAN_POINT('',(-18.8,-33.4,8.5));
#8079=CARTESIAN_POINT('',(-17.8,-31.4,8.5));
#8080=CARTESIAN_POINT('Origin',(-20.3,-32.4,8.5));
#8081=CARTESIAN_POINT('',(-20.3,-33.4,8.5));
#8082=CARTESIAN_POINT('',(-20.3,-33.4,3.5));
#8083=CARTESIAN_POINT('',(-20.3,-33.4,9.25));
#8084=CARTESIAN_POINT('',(-20.3,-31.4,8.5));
#8085=CARTESIAN_POINT('',(-20.3,-32.4,8.5));
#8086=CARTESIAN_POINT('',(-20.3,-31.4,3.5));
#8087=CARTESIAN_POINT('',(-20.3,-31.4,13.875));
#8088=CARTESIAN_POINT('',(-20.3,-32.4,3.5));
#8089=CARTESIAN_POINT('Origin',(-20.3,-32.4,3.5));
#8090=CARTESIAN_POINT('',(-21.7,-33.4,3.5));
#8091=CARTESIAN_POINT('',(-26.85,-33.4,3.5));
#8092=CARTESIAN_POINT('',(-21.7,-31.4,3.5));
#8093=CARTESIAN_POINT('',(-25.85,-31.4,3.5));
#8094=CARTESIAN_POINT('',(-21.7,-32.4,3.5));
#8095=CARTESIAN_POINT('Origin',(-21.7,-32.4,3.5));
#8096=CARTESIAN_POINT('',(-21.7,-33.4,8.5));
#8097=CARTESIAN_POINT('',(-21.7,-33.4,6.75));
#8098=CARTESIAN_POINT('',(-21.7,-31.4,8.5));
#8099=CARTESIAN_POINT('',(-21.7,-31.4,11.375));
#8100=CARTESIAN_POINT('',(-21.7,-32.4,8.5));
#8101=CARTESIAN_POINT('Origin',(-21.7,-32.4,8.5));
#8102=CARTESIAN_POINT('',(-27.55,-33.4,8.5));
#8103=CARTESIAN_POINT('',(-26.55,-31.4,8.5));
#8104=CARTESIAN_POINT('Origin',(7.7,-32.4,8.5));
#8105=CARTESIAN_POINT('',(7.7,-33.4,8.5));
#8106=CARTESIAN_POINT('',(7.7,-33.4,3.5));
#8107=CARTESIAN_POINT('',(7.7,-33.4,9.25));
#8108=CARTESIAN_POINT('',(7.7,-31.4,8.5));
#8109=CARTESIAN_POINT('',(7.7,-32.4,8.5));
#8110=CARTESIAN_POINT('',(7.7,-31.4,3.5));
#8111=CARTESIAN_POINT('',(7.7,-31.4,13.875));
#8112=CARTESIAN_POINT('',(7.7,-32.4,3.5));
#8113=CARTESIAN_POINT('Origin',(7.7,-32.4,3.5));
#8114=CARTESIAN_POINT('',(6.3,-33.4,3.5));
#8115=CARTESIAN_POINT('',(-12.85,-33.4,3.5));
#8116=CARTESIAN_POINT('',(6.3,-31.4,3.5));
#8117=CARTESIAN_POINT('',(-11.85,-31.4,3.5));
#8118=CARTESIAN_POINT('',(6.3,-32.4,3.5));
#8119=CARTESIAN_POINT('Origin',(6.3,-32.4,3.5));
#8120=CARTESIAN_POINT('',(6.3,-33.4,8.5));
#8121=CARTESIAN_POINT('',(6.3,-33.4,6.75));
#8122=CARTESIAN_POINT('',(6.3,-31.4,8.5));
#8123=CARTESIAN_POINT('',(6.3,-31.4,11.375));
#8124=CARTESIAN_POINT('',(6.3,-32.4,8.5));
#8125=CARTESIAN_POINT('Origin',(6.3,-32.4,8.5));
#8126=CARTESIAN_POINT('',(-13.55,-33.4,8.5));
#8127=CARTESIAN_POINT('',(-12.55,-31.4,8.5));
#8128=CARTESIAN_POINT('Origin',(14.7,-32.4,8.5));
#8129=CARTESIAN_POINT('',(14.7,-33.4,8.5));
#8130=CARTESIAN_POINT('',(14.7,-33.4,3.5));
#8131=CARTESIAN_POINT('',(14.7,-33.4,9.25));
#8132=CARTESIAN_POINT('',(14.7,-31.4,8.5));
#8133=CARTESIAN_POINT('',(14.7,-32.4,8.5));
#8134=CARTESIAN_POINT('',(14.7,-31.4,3.5));
#8135=CARTESIAN_POINT('',(14.7,-31.4,13.875));
#8136=CARTESIAN_POINT('',(14.7,-32.4,3.5));
#8137=CARTESIAN_POINT('Origin',(14.7,-32.4,3.5));
#8138=CARTESIAN_POINT('',(13.3,-33.4,3.5));
#8139=CARTESIAN_POINT('',(-9.35,-33.4,3.5));
#8140=CARTESIAN_POINT('',(13.3,-31.4,3.5));
#8141=CARTESIAN_POINT('',(-8.35,-31.4,3.5));
#8142=CARTESIAN_POINT('',(13.3,-32.4,3.5));
#8143=CARTESIAN_POINT('Origin',(13.3,-32.4,3.5));
#8144=CARTESIAN_POINT('',(13.3,-33.4,8.5));
#8145=CARTESIAN_POINT('',(13.3,-33.4,6.75));
#8146=CARTESIAN_POINT('',(13.3,-31.4,8.5));
#8147=CARTESIAN_POINT('',(13.3,-31.4,11.375));
#8148=CARTESIAN_POINT('',(13.3,-32.4,8.5));
#8149=CARTESIAN_POINT('Origin',(13.3,-32.4,8.5));
#8150=CARTESIAN_POINT('',(-10.05,-33.4,8.5));
#8151=CARTESIAN_POINT('',(-9.05,-31.4,8.5));
#8152=CARTESIAN_POINT('Origin',(21.7,-32.4,8.5));
#8153=CARTESIAN_POINT('',(21.7,-33.4,8.5));
#8154=CARTESIAN_POINT('',(21.7,-33.4,3.5));
#8155=CARTESIAN_POINT('',(21.7,-33.4,9.25));
#8156=CARTESIAN_POINT('',(21.7,-31.4,8.5));
#8157=CARTESIAN_POINT('',(21.7,-32.4,8.5));
#8158=CARTESIAN_POINT('',(21.7,-31.4,3.5));
#8159=CARTESIAN_POINT('',(21.7,-31.4,13.875));
#8160=CARTESIAN_POINT('',(21.7,-32.4,3.5));
#8161=CARTESIAN_POINT('Origin',(21.7,-32.4,3.5));
#8162=CARTESIAN_POINT('',(20.3,-33.4,3.5));
#8163=CARTESIAN_POINT('',(-5.85,-33.4,3.5));
#8164=CARTESIAN_POINT('',(20.3,-31.4,3.5));
#8165=CARTESIAN_POINT('',(-4.85,-31.4,3.5));
#8166=CARTESIAN_POINT('',(20.3,-32.4,3.5));
#8167=CARTESIAN_POINT('Origin',(20.3,-32.4,3.5));
#8168=CARTESIAN_POINT('',(20.3,-33.4,8.5));
#8169=CARTESIAN_POINT('',(20.3,-33.4,6.75));
#8170=CARTESIAN_POINT('',(20.3,-31.4,8.5));
#8171=CARTESIAN_POINT('',(20.3,-31.4,11.375));
#8172=CARTESIAN_POINT('',(20.3,-32.4,8.5));
#8173=CARTESIAN_POINT('Origin',(20.3,-32.4,8.5));
#8174=CARTESIAN_POINT('',(-6.55,-33.4,8.5));
#8175=CARTESIAN_POINT('',(-5.55,-31.4,8.5));
#8176=CARTESIAN_POINT('Origin',(4.,-16.4,12.75));
#8177=CARTESIAN_POINT('',(2.8,-16.4,14.));
#8178=CARTESIAN_POINT('',(2.8,-16.4,11.5));
#8179=CARTESIAN_POINT('',(2.8,-16.4,12.75));
#8180=CARTESIAN_POINT('',(4.,-16.4,14.));
#8181=CARTESIAN_POINT('',(4.,-16.4,14.));
#8182=CARTESIAN_POINT('',(4.,-16.4,11.5));
#8183=CARTESIAN_POINT('',(4.,-16.4,12.75));
#8184=CARTESIAN_POINT('',(2.,-16.4,11.5));
#8185=CARTESIAN_POINT('Origin',(4.,-31.4,12.75));
#8186=CARTESIAN_POINT('',(4.,-31.4,14.));
#8187=CARTESIAN_POINT('',(4.,-31.4,14.));
#8188=CARTESIAN_POINT('',(4.,-31.4,11.5));
#8189=CARTESIAN_POINT('',(4.,-31.4,16.));
#8190=CARTESIAN_POINT('',(4.,-25.225,11.5));
#8191=CARTESIAN_POINT('Origin',(2.8,-16.4,12.75));
#8192=CARTESIAN_POINT('',(2.8,-31.4,14.));
#8193=CARTESIAN_POINT('',(2.8,-31.4,11.5));
#8194=CARTESIAN_POINT('',(2.8,-31.4,16.));
#8195=CARTESIAN_POINT('',(2.8,-16.4,14.));
#8196=CARTESIAN_POINT('',(2.8,-17.725,11.5));
#8197=CARTESIAN_POINT('Origin',(3.4,-23.9,14.));
#8198=CARTESIAN_POINT('',(-14.,-31.4,14.));
#8199=CARTESIAN_POINT('Origin',(-31.4,-31.4,19.25));
#8200=CARTESIAN_POINT('',(-31.4,-31.4,11.5));
#8201=CARTESIAN_POINT('',(-15.7,-31.4,11.5));
#8202=CARTESIAN_POINT('',(-31.4,-31.4,20.));
#8203=CARTESIAN_POINT('',(-31.4,-31.4,19.25));
#8204=CARTESIAN_POINT('',(31.4,-31.4,20.));
#8205=CARTESIAN_POINT('',(-15.7,-31.4,20.));
#8206=CARTESIAN_POINT('',(31.4,-31.4,11.5));
#8207=CARTESIAN_POINT('',(31.4,-31.4,19.25));
#8208=CARTESIAN_POINT('',(-15.7,-31.4,11.5));
#8209=CARTESIAN_POINT('Origin',(19.75,-13.4,12.15));
#8210=CARTESIAN_POINT('',(18.25,-13.4,12.8));
#8211=CARTESIAN_POINT('',(18.25,-13.4,11.5));
#8212=CARTESIAN_POINT('',(18.25,-13.4,12.15));
#8213=CARTESIAN_POINT('',(19.75,-13.4,12.8));
#8214=CARTESIAN_POINT('',(19.75,-13.4,12.8));
#8215=CARTESIAN_POINT('',(19.75,-13.4,11.5));
#8216=CARTESIAN_POINT('',(19.75,-13.4,12.15));
#8217=CARTESIAN_POINT('',(9.875,-13.4,11.5));
#8218=CARTESIAN_POINT('Origin',(19.75,-29.4,12.15));
#8219=CARTESIAN_POINT('',(19.75,-29.4,12.8));
#8220=CARTESIAN_POINT('',(19.75,-29.4,12.8));
#8221=CARTESIAN_POINT('',(19.75,-29.4,11.5));
#8222=CARTESIAN_POINT('',(19.75,-29.4,12.15));
#8223=CARTESIAN_POINT('',(19.75,-24.225,11.5));
#8224=CARTESIAN_POINT('Origin',(18.25,-29.4,12.15));
#8225=CARTESIAN_POINT('',(18.25,-29.4,12.8));
#8226=CARTESIAN_POINT('',(18.25,-29.4,12.8));
#8227=CARTESIAN_POINT('',(18.25,-29.4,11.5));
#8228=CARTESIAN_POINT('',(18.25,-29.4,12.15));
#8229=CARTESIAN_POINT('',(9.125,-29.4,11.5));
#8230=CARTESIAN_POINT('Origin',(18.25,-13.4,12.15));
#8231=CARTESIAN_POINT('',(18.25,-13.4,12.8));
#8232=CARTESIAN_POINT('',(18.25,-16.225,11.5));
#8233=CARTESIAN_POINT('Origin',(19.,-21.4,12.8));
#8234=CARTESIAN_POINT('Origin',(7.75,-13.4,12.15));
#8235=CARTESIAN_POINT('',(6.25,-13.4,12.8));
#8236=CARTESIAN_POINT('',(6.25,-13.4,11.5));
#8237=CARTESIAN_POINT('',(6.25,-13.4,12.15));
#8238=CARTESIAN_POINT('',(7.75,-13.4,12.8));
#8239=CARTESIAN_POINT('',(7.75,-13.4,12.8));
#8240=CARTESIAN_POINT('',(7.75,-13.4,11.5));
#8241=CARTESIAN_POINT('',(7.75,-13.4,12.15));
#8242=CARTESIAN_POINT('',(3.875,-13.4,11.5));
#8243=CARTESIAN_POINT('Origin',(7.75,-29.4,12.15));
#8244=CARTESIAN_POINT('',(7.75,-29.4,12.8));
#8245=CARTESIAN_POINT('',(7.75,-29.4,12.8));
#8246=CARTESIAN_POINT('',(7.75,-29.4,11.5));
#8247=CARTESIAN_POINT('',(7.75,-29.4,12.15));
#8248=CARTESIAN_POINT('',(7.75,-24.225,11.5));
#8249=CARTESIAN_POINT('Origin',(6.25,-29.4,12.15));
#8250=CARTESIAN_POINT('',(6.25,-29.4,12.8));
#8251=CARTESIAN_POINT('',(6.25,-29.4,12.8));
#8252=CARTESIAN_POINT('',(6.25,-29.4,11.5));
#8253=CARTESIAN_POINT('',(6.25,-29.4,12.15));
#8254=CARTESIAN_POINT('',(3.125,-29.4,11.5));
#8255=CARTESIAN_POINT('Origin',(6.25,-13.4,12.15));
#8256=CARTESIAN_POINT('',(6.25,-13.4,12.8));
#8257=CARTESIAN_POINT('',(6.25,-16.225,11.5));
#8258=CARTESIAN_POINT('Origin',(7.,-21.4,12.8));
#8259=CARTESIAN_POINT('Origin',(15.,32.05,19.2));
#8260=CARTESIAN_POINT('',(10.7,31.4,19.2));
#8261=CARTESIAN_POINT('',(19.3,31.4,19.2));
#8262=CARTESIAN_POINT('',(23.2,31.4,19.2));
#8263=CARTESIAN_POINT('',(10.7,32.8,19.2));
#8264=CARTESIAN_POINT('',(10.7,32.8,19.2));
#8265=CARTESIAN_POINT('',(19.3,32.8,19.2));
#8266=CARTESIAN_POINT('',(19.3,32.8,19.2));
#8267=CARTESIAN_POINT('',(19.3,31.3,19.2));
#8268=CARTESIAN_POINT('Origin',(19.3,31.3,18.3));
#8269=CARTESIAN_POINT('',(19.3,31.4,17.4));
#8270=CARTESIAN_POINT('',(19.3,31.4,18.775));
#8271=CARTESIAN_POINT('',(19.3,32.8,17.4));
#8272=CARTESIAN_POINT('',(19.3,32.8,18.3));
#8273=CARTESIAN_POINT('',(19.3,31.3,17.4));
#8274=CARTESIAN_POINT('Origin',(15.,32.05,17.4));
#8275=CARTESIAN_POINT('',(10.7,31.4,17.4));
#8276=CARTESIAN_POINT('',(23.2,31.4,17.4));
#8277=CARTESIAN_POINT('',(10.7,32.8,17.4));
#8278=CARTESIAN_POINT('',(19.3,32.8,17.4));
#8279=CARTESIAN_POINT('',(10.7,32.8,17.4));
#8280=CARTESIAN_POINT('Origin',(19.3,32.8,18.3));
#8281=CARTESIAN_POINT('',(10.7,32.8,18.3));
#8282=CARTESIAN_POINT('Origin',(10.7,32.8,18.3));
#8283=CARTESIAN_POINT('',(10.7,31.4,18.775));
#8284=CARTESIAN_POINT('Origin',(-15.,32.05,19.2));
#8285=CARTESIAN_POINT('',(-19.3,31.4,19.2));
#8286=CARTESIAN_POINT('',(-10.7,31.4,19.2));
#8287=CARTESIAN_POINT('',(8.2,31.4,19.2));
#8288=CARTESIAN_POINT('',(-19.3,32.8,19.2));
#8289=CARTESIAN_POINT('',(-19.3,32.8,19.2));
#8290=CARTESIAN_POINT('',(-10.7,32.8,19.2));
#8291=CARTESIAN_POINT('',(-10.7,32.8,19.2));
#8292=CARTESIAN_POINT('',(-10.7,31.3,19.2));
#8293=CARTESIAN_POINT('Origin',(-10.7,31.3,18.3));
#8294=CARTESIAN_POINT('',(-10.7,31.4,17.4));
#8295=CARTESIAN_POINT('',(-10.7,31.4,18.775));
#8296=CARTESIAN_POINT('',(-10.7,32.8,17.4));
#8297=CARTESIAN_POINT('',(-10.7,32.8,18.3));
#8298=CARTESIAN_POINT('',(-10.7,31.3,17.4));
#8299=CARTESIAN_POINT('Origin',(-15.,32.05,17.4));
#8300=CARTESIAN_POINT('',(-19.3,31.4,17.4));
#8301=CARTESIAN_POINT('',(8.2,31.4,17.4));
#8302=CARTESIAN_POINT('',(-19.3,32.8,17.4));
#8303=CARTESIAN_POINT('',(-10.7,32.8,17.4));
#8304=CARTESIAN_POINT('',(-19.3,32.8,17.4));
#8305=CARTESIAN_POINT('Origin',(-10.7,32.8,18.3));
#8306=CARTESIAN_POINT('',(-19.3,32.8,18.3));
#8307=CARTESIAN_POINT('Origin',(-19.3,32.8,18.3));
#8308=CARTESIAN_POINT('',(-19.3,31.4,18.775));
#8309=CARTESIAN_POINT('Origin',(-27.4,-27.4,11.5));
#8310=CARTESIAN_POINT('',(-29.4,-27.4,11.5));
#8311=CARTESIAN_POINT('Origin',(-27.4,-27.4,11.5));
#8312=CARTESIAN_POINT('Origin',(-27.4,-27.4,14.55));
#8313=CARTESIAN_POINT('',(-29.4,-27.4,17.5));
#8314=CARTESIAN_POINT('',(-29.4,-27.4,14.55));
#8315=CARTESIAN_POINT('Origin',(-27.4,-27.4,17.5));
#8316=CARTESIAN_POINT('Origin',(27.4,-27.4,11.5));
#8317=CARTESIAN_POINT('',(25.4,-27.4,11.5));
#8318=CARTESIAN_POINT('Origin',(27.4,-27.4,11.5));
#8319=CARTESIAN_POINT('Origin',(27.4,-27.4,14.55));
#8320=CARTESIAN_POINT('',(25.4,-27.4,17.5));
#8321=CARTESIAN_POINT('',(25.4,-27.4,14.55));
#8322=CARTESIAN_POINT('Origin',(27.4,-27.4,17.5));
#8323=CARTESIAN_POINT('Origin',(27.4,-27.4,14.5));
#8324=CARTESIAN_POINT('',(23.65,-27.4,17.5));
#8325=CARTESIAN_POINT('Origin',(27.4,-27.4,17.5));
#8326=CARTESIAN_POINT('',(23.65,-27.4,11.5));
#8327=CARTESIAN_POINT('',(23.65,-27.4,14.5));
#8328=CARTESIAN_POINT('Origin',(27.4,-27.4,11.5));
#8329=CARTESIAN_POINT('Origin',(27.4,-27.4,17.5));
#8330=CARTESIAN_POINT('Origin',(-27.4,-27.4,14.5));
#8331=CARTESIAN_POINT('',(-31.15,-27.4,17.5));
#8332=CARTESIAN_POINT('Origin',(-27.4,-27.4,17.5));
#8333=CARTESIAN_POINT('',(-31.15,-27.4,11.5));
#8334=CARTESIAN_POINT('',(-31.15,-27.4,14.5));
#8335=CARTESIAN_POINT('Origin',(-27.4,-27.4,11.5));
#8336=CARTESIAN_POINT('Origin',(-27.4,-27.4,17.5));
#8337=CARTESIAN_POINT('Origin',(23.,-7.2,15.));
#8338=CARTESIAN_POINT('',(23.,-4.2,11.5));
#8339=CARTESIAN_POINT('',(23.,-4.2,17.5));
#8340=CARTESIAN_POINT('',(23.,-4.2,12.625));
#8341=CARTESIAN_POINT('',(23.,-6.7,11.5));
#8342=CARTESIAN_POINT('',(23.,-7.2,11.5));
#8343=CARTESIAN_POINT('',(23.,-6.7,17.5));
#8344=CARTESIAN_POINT('',(23.,-6.7,12.625));
#8345=CARTESIAN_POINT('',(23.,-3.6,17.5));
#8346=CARTESIAN_POINT('Origin',(3.,-3.7,15.));
#8347=CARTESIAN_POINT('',(3.,-4.2,17.5));
#8348=CARTESIAN_POINT('',(3.,-4.2,11.5));
#8349=CARTESIAN_POINT('',(3.,-4.2,12.625));
#8350=CARTESIAN_POINT('',(3.,-6.7,17.5));
#8351=CARTESIAN_POINT('',(3.,-1.85,17.5));
#8352=CARTESIAN_POINT('',(3.,-6.7,11.5));
#8353=CARTESIAN_POINT('',(3.,-6.7,12.625));
#8354=CARTESIAN_POINT('',(3.,-3.7,11.5));
#8355=CARTESIAN_POINT('Origin',(0.,-19.05,11.5));
#8356=CARTESIAN_POINT('',(31.4,-6.7,11.5));
#8357=CARTESIAN_POINT('',(31.4,-25.225,11.5));
#8358=CARTESIAN_POINT('',(15.7,-6.7,11.5));
#8359=CARTESIAN_POINT('',(-9.2,-4.2,11.5));
#8360=CARTESIAN_POINT('',(-23.4,-6.7,11.5));
#8361=CARTESIAN_POINT('',(15.7,-6.7,11.5));
#8362=CARTESIAN_POINT('',(-23.4,-10.7,11.5));
#8363=CARTESIAN_POINT('',(-23.4,-14.875,11.5));
#8364=CARTESIAN_POINT('',(-29.4,-10.7,11.5));
#8365=CARTESIAN_POINT('',(-14.7,-10.7,11.5));
#8366=CARTESIAN_POINT('',(-29.4,-6.7,11.5));
#8367=CARTESIAN_POINT('',(-29.4,-12.825,11.5));
#8368=CARTESIAN_POINT('',(-31.4,-6.7,11.5));
#8369=CARTESIAN_POINT('',(15.7,-6.7,11.5));
#8370=CARTESIAN_POINT('',(-31.4,6.175,11.5));
#8371=CARTESIAN_POINT('Origin',(31.4,-6.7,10.25));
#8372=CARTESIAN_POINT('',(-31.4,-6.7,17.5));
#8373=CARTESIAN_POINT('',(15.7,-6.7,17.5));
#8374=CARTESIAN_POINT('',(-31.4,-6.7,10.25));
#8375=CARTESIAN_POINT('',(-29.4,-6.7,12.));
#8376=CARTESIAN_POINT('',(-29.4,-6.7,10.5));
#8377=CARTESIAN_POINT('',(-23.4,-6.7,12.));
#8378=CARTESIAN_POINT('',(2.5,-6.7,12.));
#8379=CARTESIAN_POINT('',(-23.4,-6.7,10.5));
#8380=CARTESIAN_POINT('Origin',(31.4,-6.7,10.25));
#8381=CARTESIAN_POINT('',(31.4,-6.7,17.5));
#8382=CARTESIAN_POINT('',(31.4,-6.7,10.25));
#8383=CARTESIAN_POINT('',(15.7,-6.7,17.5));
#8384=CARTESIAN_POINT('Origin',(0.,0.,17.5));
#8385=CARTESIAN_POINT('',(-31.4,-4.2,17.5));
#8386=CARTESIAN_POINT('',(-15.7,-4.2,17.5));
#8387=CARTESIAN_POINT('',(-31.4,31.4,17.5));
#8388=CARTESIAN_POINT('Origin',(0.,0.,17.5));
#8389=CARTESIAN_POINT('',(31.4,31.4,17.5));
#8390=CARTESIAN_POINT('',(31.4,-31.4,17.5));
#8391=CARTESIAN_POINT('',(27.2,31.4,17.5));
#8392=CARTESIAN_POINT('',(31.4,31.4,17.5));
#8393=CARTESIAN_POINT('',(27.2,-4.2,17.5));
#8394=CARTESIAN_POINT('',(27.2,-2.1,17.5));
#8395=CARTESIAN_POINT('',(-15.7,-4.2,17.5));
#8396=CARTESIAN_POINT('Origin',(-29.4,-10.7,10.75));
#8397=CARTESIAN_POINT('',(-29.4,-10.7,10.));
#8398=CARTESIAN_POINT('',(-23.4,-10.7,10.));
#8399=CARTESIAN_POINT('',(-14.7,-10.7,10.));
#8400=CARTESIAN_POINT('',(-29.4,-10.7,10.75));
#8401=CARTESIAN_POINT('',(-23.4,-10.7,10.75));
#8402=CARTESIAN_POINT('Origin',(-29.4,-6.6,10.75));
#8403=CARTESIAN_POINT('',(-29.4,-6.7,9.5));
#8404=CARTESIAN_POINT('',(-29.4,-6.7,10.));
#8405=CARTESIAN_POINT('',(-29.4,-6.7,10.5));
#8406=CARTESIAN_POINT('',(-29.4,-6.6,9.5));
#8407=CARTESIAN_POINT('',(-29.4,-6.6,9.5));
#8408=CARTESIAN_POINT('',(-29.4,-6.6,12.));
#8409=CARTESIAN_POINT('',(-29.4,-6.6,10.75));
#8410=CARTESIAN_POINT('',(-29.4,-6.6,12.));
#8411=CARTESIAN_POINT('',(-29.4,-12.825,10.));
#8412=CARTESIAN_POINT('Origin',(-26.4,-8.65,9.5));
#8413=CARTESIAN_POINT('',(-23.4,-6.7,9.5));
#8414=CARTESIAN_POINT('',(2.5,-6.7,9.5));
#8415=CARTESIAN_POINT('',(-23.4,-6.6,9.5));
#8416=CARTESIAN_POINT('',(-23.4,-10.7,9.5));
#8417=CARTESIAN_POINT('',(-23.4,-6.6,9.5));
#8418=CARTESIAN_POINT('Origin',(-23.4,-6.6,10.75));
#8419=CARTESIAN_POINT('',(-23.4,-6.6,12.));
#8420=CARTESIAN_POINT('',(-23.4,-6.6,10.75));
#8421=CARTESIAN_POINT('',(-23.4,-6.6,12.));
#8422=CARTESIAN_POINT('Origin',(-23.4,-10.7,10.75));
#8423=CARTESIAN_POINT('',(-23.4,-6.7,10.));
#8424=CARTESIAN_POINT('',(-23.4,-6.7,10.5));
#8425=CARTESIAN_POINT('',(-23.4,-14.875,10.));
#8426=CARTESIAN_POINT('',(-23.4,-10.7,12.));
#8427=CARTESIAN_POINT('Origin',(-26.4,-8.65,12.));
#8428=CARTESIAN_POINT('Origin',(0.,0.,20.));
#8429=CARTESIAN_POINT('',(-29.4,-33.4,20.));
#8430=CARTESIAN_POINT('',(-33.4,-29.4,20.));
#8431=CARTESIAN_POINT('Origin',(-29.4,-29.4,20.));
#8432=CARTESIAN_POINT('',(29.4,-33.4,20.));
#8433=CARTESIAN_POINT('',(-33.4,-33.4,20.));
#8434=CARTESIAN_POINT('',(33.4,-29.4,20.));
#8435=CARTESIAN_POINT('Origin',(29.4,-29.4,20.));
#8436=CARTESIAN_POINT('',(33.4,29.4,20.));
#8437=CARTESIAN_POINT('',(33.4,-33.4,20.));
#8438=CARTESIAN_POINT('',(29.4,33.4,20.));
#8439=CARTESIAN_POINT('Origin',(29.4,29.4,20.));
#8440=CARTESIAN_POINT('',(-29.4,33.4,20.));
#8441=CARTESIAN_POINT('',(33.4,33.4,20.));
#8442=CARTESIAN_POINT('',(-33.4,29.4,20.));
#8443=CARTESIAN_POINT('Origin',(-29.4,29.4,20.));
#8444=CARTESIAN_POINT('',(-33.4,33.4,20.));
#8445=CARTESIAN_POINT('',(-31.4,31.4,20.));
#8446=CARTESIAN_POINT('',(31.4,31.4,20.));
#8447=CARTESIAN_POINT('',(15.7,31.4,20.));
#8448=CARTESIAN_POINT('',(31.4,-15.7,20.));
#8449=CARTESIAN_POINT('',(-31.4,15.7,20.));
#8450=CARTESIAN_POINT('Origin',(29.4,29.4,10.));
#8451=CARTESIAN_POINT('',(29.4,33.4,2.5));
#8452=CARTESIAN_POINT('',(33.4,29.4,2.5));
#8453=CARTESIAN_POINT('Origin',(29.4,29.4,2.5));
#8454=CARTESIAN_POINT('',(29.4,33.4,10.));
#8455=CARTESIAN_POINT('',(33.4,29.4,10.));
#8456=CARTESIAN_POINT('Origin',(33.4,-33.4,10.));
#8457=CARTESIAN_POINT('',(33.4,-29.4,2.5));
#8458=CARTESIAN_POINT('',(33.4,-16.7,2.5));
#8459=CARTESIAN_POINT('',(33.4,-29.4,10.));
#8460=CARTESIAN_POINT('Origin',(29.4,-29.4,10.));
#8461=CARTESIAN_POINT('',(29.4,-33.4,2.5));
#8462=CARTESIAN_POINT('Origin',(29.4,-29.4,2.5));
#8463=CARTESIAN_POINT('',(29.4,-33.4,10.));
#8464=CARTESIAN_POINT('Origin',(-33.4,-33.4,10.));
#8465=CARTESIAN_POINT('',(-29.4,-33.4,2.5));
#8466=CARTESIAN_POINT('',(-16.7,-33.4,2.5));
#8467=CARTESIAN_POINT('',(-29.4,-33.4,10.));
#8468=CARTESIAN_POINT('Origin',(-29.4,-29.4,10.));
#8469=CARTESIAN_POINT('',(-33.4,-29.4,2.5));
#8470=CARTESIAN_POINT('Origin',(-29.4,-29.4,2.5));
#8471=CARTESIAN_POINT('',(-33.4,-29.4,10.));
#8472=CARTESIAN_POINT('Origin',(-33.4,33.4,10.));
#8473=CARTESIAN_POINT('',(-33.4,29.4,2.5));
#8474=CARTESIAN_POINT('',(-33.4,16.7,2.5));
#8475=CARTESIAN_POINT('',(-33.4,29.4,10.));
#8476=CARTESIAN_POINT('Origin',(-29.4,29.4,10.));
#8477=CARTESIAN_POINT('',(-29.4,33.4,2.5));
#8478=CARTESIAN_POINT('Origin',(-29.4,29.4,2.5));
#8479=CARTESIAN_POINT('',(-29.4,33.4,10.));
#8480=CARTESIAN_POINT('Origin',(33.4,33.4,10.));
#8481=CARTESIAN_POINT('',(16.7,33.4,2.5));
#8482=CARTESIAN_POINT('Origin',(-30.9,16.7,2.5));
#8483=CARTESIAN_POINT('',(-30.9,29.4,0.));
#8484=CARTESIAN_POINT('Origin',(-30.9,29.4,2.5));
#8485=CARTESIAN_POINT('',(-30.9,-29.4,0.));
#8486=CARTESIAN_POINT('',(-30.9,16.7,0.));
#8487=CARTESIAN_POINT('Origin',(-30.9,-29.4,2.5));
#8488=CARTESIAN_POINT('Ctrl Pts',(-29.4,30.9,0.));
#8489=CARTESIAN_POINT('Ctrl Pts',(-30.9,30.9,0.));
#8490=CARTESIAN_POINT('Ctrl Pts',(-30.9,29.4,0.));
#8491=CARTESIAN_POINT('Ctrl Pts',(-29.4,33.4,-2.77555756156289E-15));
#8492=CARTESIAN_POINT('Ctrl Pts',(-33.4,33.4,-2.8520979865096E-15));
#8493=CARTESIAN_POINT('Ctrl Pts',(-33.4,29.4,-2.8520979865096E-15));
#8494=CARTESIAN_POINT('Ctrl Pts',(-29.4,33.4,2.5));
#8495=CARTESIAN_POINT('Ctrl Pts',(-33.4,33.4,2.5));
#8496=CARTESIAN_POINT('Ctrl Pts',(-33.4,29.4,2.5));
#8497=CARTESIAN_POINT('',(-29.4,30.9,0.));
#8498=CARTESIAN_POINT('Origin',(-29.4,30.9,2.5));
#8499=CARTESIAN_POINT('Origin',(-29.4,29.4,0.));
#8500=CARTESIAN_POINT('Origin',(16.7,30.9,2.5));
#8501=CARTESIAN_POINT('',(29.4,30.9,0.));
#8502=CARTESIAN_POINT('Origin',(29.4,30.9,2.5));
#8503=CARTESIAN_POINT('',(16.7,30.9,0.));
#8504=CARTESIAN_POINT('Ctrl Pts',(30.9,29.4,0.));
#8505=CARTESIAN_POINT('Ctrl Pts',(30.9,30.9,0.));
#8506=CARTESIAN_POINT('Ctrl Pts',(29.4,30.9,0.));
#8507=CARTESIAN_POINT('Ctrl Pts',(33.4,29.4,-3.25412864892876E-15));
#8508=CARTESIAN_POINT('Ctrl Pts',(33.4,33.4,-3.25412864892876E-15));
#8509=CARTESIAN_POINT('Ctrl Pts',(29.4,33.4,-3.33066907387547E-15));
#8510=CARTESIAN_POINT('Ctrl Pts',(33.4,29.4,2.5));
#8511=CARTESIAN_POINT('Ctrl Pts',(33.4,33.4,2.5));
#8512=CARTESIAN_POINT('Ctrl Pts',(29.4,33.4,2.5));
#8513=CARTESIAN_POINT('',(30.9,29.4,0.));
#8514=CARTESIAN_POINT('Origin',(30.9,29.4,2.5));
#8515=CARTESIAN_POINT('Origin',(29.4,29.4,0.));
#8516=CARTESIAN_POINT('Origin',(30.9,-16.7,2.5));
#8517=CARTESIAN_POINT('',(30.9,-29.4,0.));
#8518=CARTESIAN_POINT('Origin',(30.9,-29.4,2.5));
#8519=CARTESIAN_POINT('',(30.9,-16.7,0.));
#8520=CARTESIAN_POINT('Ctrl Pts',(29.4,-30.9,0.));
#8521=CARTESIAN_POINT('Ctrl Pts',(30.9,-30.9,0.));
#8522=CARTESIAN_POINT('Ctrl Pts',(30.9,-29.4,0.));
#8523=CARTESIAN_POINT('Ctrl Pts',(29.4,-33.4,-3.33066907387547E-15));
#8524=CARTESIAN_POINT('Ctrl Pts',(33.4,-33.4,-3.25412864892876E-15));
#8525=CARTESIAN_POINT('Ctrl Pts',(33.4,-29.4,-3.25412864892876E-15));
#8526=CARTESIAN_POINT('Ctrl Pts',(29.4,-33.4,2.5));
#8527=CARTESIAN_POINT('Ctrl Pts',(33.4,-33.4,2.5));
#8528=CARTESIAN_POINT('Ctrl Pts',(33.4,-29.4,2.5));
#8529=CARTESIAN_POINT('',(29.4,-30.9,0.));
#8530=CARTESIAN_POINT('Origin',(29.4,-30.9,2.5));
#8531=CARTESIAN_POINT('Origin',(29.4,-29.4,0.));
#8532=CARTESIAN_POINT('Origin',(-16.7,-30.9,2.5));
#8533=CARTESIAN_POINT('',(-29.4,-30.9,0.));
#8534=CARTESIAN_POINT('Origin',(-29.4,-30.9,2.5));
#8535=CARTESIAN_POINT('',(-16.7,-30.9,0.));
#8536=CARTESIAN_POINT('Ctrl Pts',(-30.9,-29.4,0.));
#8537=CARTESIAN_POINT('Ctrl Pts',(-30.9,-30.9,0.));
#8538=CARTESIAN_POINT('Ctrl Pts',(-29.4,-30.9,0.));
#8539=CARTESIAN_POINT('Ctrl Pts',(-33.4,-29.4,-3.40720949882218E-15));
#8540=CARTESIAN_POINT('Ctrl Pts',(-33.4,-33.4,-3.40720949882218E-15));
#8541=CARTESIAN_POINT('Ctrl Pts',(-29.4,-33.4,-3.33066907387547E-15));
#8542=CARTESIAN_POINT('Ctrl Pts',(-33.4,-29.4,2.5));
#8543=CARTESIAN_POINT('Ctrl Pts',(-33.4,-33.4,2.5));
#8544=CARTESIAN_POINT('Ctrl Pts',(-29.4,-33.4,2.5));
#8545=CARTESIAN_POINT('Origin',(-29.4,-29.4,0.));
#8546=CARTESIAN_POINT('Origin',(31.4,31.4,19.25));
#8547=CARTESIAN_POINT('',(31.4,31.4,19.25));
#8548=CARTESIAN_POINT('',(-31.4,31.4,2.));
#8549=CARTESIAN_POINT('',(-31.4,31.4,19.25));
#8550=CARTESIAN_POINT('',(27.2,31.4,2.));
#8551=CARTESIAN_POINT('',(27.2,31.4,2.));
#8552=CARTESIAN_POINT('',(27.2,31.4,10.25));
#8553=CARTESIAN_POINT('Origin',(-2.1,13.6,2.));
#8554=CARTESIAN_POINT('',(-31.4,-4.2,2.));
#8555=CARTESIAN_POINT('',(-31.4,31.4,2.));
#8556=CARTESIAN_POINT('',(27.2,-4.2,2.));
#8557=CARTESIAN_POINT('',(-31.4,-4.2,2.));
#8558=CARTESIAN_POINT('',(27.2,-4.2,2.));
#8559=CARTESIAN_POINT('',(22.2,28.6,2.));
#8560=CARTESIAN_POINT('Origin',(24.4,28.6,2.));
#8561=CARTESIAN_POINT('',(-30.8,-1.4,2.));
#8562=CARTESIAN_POINT('Origin',(-28.6,-1.4,2.));
#8563=CARTESIAN_POINT('',(-30.8,28.6,2.));
#8564=CARTESIAN_POINT('Origin',(-28.6,28.6,2.));
#8565=CARTESIAN_POINT('',(22.2,-1.4,2.));
#8566=CARTESIAN_POINT('Origin',(24.4,-1.4,2.));
#8567=CARTESIAN_POINT('',(-19.9,29.4,2.));
#8568=CARTESIAN_POINT('',(19.9,29.4,2.));
#8569=CARTESIAN_POINT('',(9.4,29.4,2.));
#8570=CARTESIAN_POINT('',(20.9,28.4,2.));
#8571=CARTESIAN_POINT('Origin',(19.9,28.4,2.));
#8572=CARTESIAN_POINT('',(20.9,-1.2,2.));
#8573=CARTESIAN_POINT('',(20.9,5.7,2.));
#8574=CARTESIAN_POINT('',(19.9,-2.2,2.));
#8575=CARTESIAN_POINT('Origin',(19.9,-1.2,2.));
#8576=CARTESIAN_POINT('',(-19.9,-2.2,2.));
#8577=CARTESIAN_POINT('',(-11.5,-2.2,2.));
#8578=CARTESIAN_POINT('',(-20.9,-1.2,2.));
#8579=CARTESIAN_POINT('Origin',(-19.9,-1.2,2.));
#8580=CARTESIAN_POINT('',(-20.9,28.4,2.));
#8581=CARTESIAN_POINT('',(-20.9,21.5,2.));
#8582=CARTESIAN_POINT('Origin',(-19.9,28.4,2.));
#8583=CARTESIAN_POINT('Origin',(-31.4,-4.2,10.25));
#8584=CARTESIAN_POINT('',(27.2,-4.2,10.25));
#8585=CARTESIAN_POINT('',(-31.4,-4.2,10.25));
#8586=CARTESIAN_POINT('Origin',(27.2,-4.2,10.25));
#8587=CARTESIAN_POINT('Origin',(-20.9,-2.2,0.75));
#8588=CARTESIAN_POINT('',(-19.9,-2.2,0.8));
#8589=CARTESIAN_POINT('',(19.9,-2.2,0.8));
#8590=CARTESIAN_POINT('',(-10.45,-2.2,0.8));
#8591=CARTESIAN_POINT('',(-19.9,-2.2,0.75));
#8592=CARTESIAN_POINT('',(19.9,-2.2,0.75));
#8593=CARTESIAN_POINT('Origin',(19.9,-1.2,0.75));
#8594=CARTESIAN_POINT('',(20.9,-1.2,0.8));
#8595=CARTESIAN_POINT('Origin',(19.9,-1.2,0.8));
#8596=CARTESIAN_POINT('',(20.9,-1.2,0.75));
#8597=CARTESIAN_POINT('Origin',(20.9,-2.2,0.75));
#8598=CARTESIAN_POINT('',(20.9,28.4,0.8));
#8599=CARTESIAN_POINT('',(20.9,-1.1,0.8));
#8600=CARTESIAN_POINT('',(20.9,28.4,0.75));
#8601=CARTESIAN_POINT('Origin',(19.9,28.4,0.75));
#8602=CARTESIAN_POINT('',(19.9,29.4,0.8));
#8603=CARTESIAN_POINT('Origin',(19.9,28.4,0.8));
#8604=CARTESIAN_POINT('',(19.9,29.4,0.75));
#8605=CARTESIAN_POINT('Origin',(0.,0.,0.));
#8606=CARTESIAN_POINT('',(-19.9,30.2,0.));
#8607=CARTESIAN_POINT('',(19.9,30.2,0.));
#8608=CARTESIAN_POINT('',(10.45,30.2,0.));
#8609=CARTESIAN_POINT('',(-21.7,28.4,0.));
#8610=CARTESIAN_POINT('Origin',(-19.9,28.4,0.));
#8611=CARTESIAN_POINT('',(-21.7,-1.2,0.));
#8612=CARTESIAN_POINT('',(-21.7,14.7,0.));
#8613=CARTESIAN_POINT('',(-19.9,-3.,0.));
#8614=CARTESIAN_POINT('Origin',(-19.9,-1.2,0.));
#8615=CARTESIAN_POINT('',(19.9,-3.,0.));
#8616=CARTESIAN_POINT('',(-10.45,-3.,0.));
#8617=CARTESIAN_POINT('',(21.7,-1.2,0.));
#8618=CARTESIAN_POINT('Origin',(19.9,-1.2,0.));
#8619=CARTESIAN_POINT('',(21.7,28.4,0.));
#8620=CARTESIAN_POINT('',(21.7,-1.1,0.));
#8621=CARTESIAN_POINT('Origin',(19.9,28.4,0.));
#8622=CARTESIAN_POINT('Origin',(20.9,29.4,0.75));
#8623=CARTESIAN_POINT('',(-19.9,29.4,0.8));
#8624=CARTESIAN_POINT('',(10.45,29.4,0.8));
#8625=CARTESIAN_POINT('',(-19.9,29.4,0.75));
#8626=CARTESIAN_POINT('Origin',(-19.9,28.4,0.75));
#8627=CARTESIAN_POINT('',(-20.9,28.4,0.8));
#8628=CARTESIAN_POINT('Origin',(-19.9,28.4,0.8));
#8629=CARTESIAN_POINT('',(-20.9,28.4,0.75));
#8630=CARTESIAN_POINT('Origin',(-20.9,29.4,0.75));
#8631=CARTESIAN_POINT('',(-20.9,-1.2,0.8));
#8632=CARTESIAN_POINT('',(-20.9,14.7,0.8));
#8633=CARTESIAN_POINT('',(-20.9,-1.2,0.75));
#8634=CARTESIAN_POINT('Origin',(-19.9,-1.2,0.75));
#8635=CARTESIAN_POINT('Origin',(-19.9,-1.2,0.8));
#8636=CARTESIAN_POINT('Origin',(19.9,28.4,0.4));
#8637=CARTESIAN_POINT('',(20.9,28.4,0.8));
#8638=CARTESIAN_POINT('',(19.9,30.2,0.));
#8639=CARTESIAN_POINT('Origin',(21.3,-1.1,0.4));
#8640=CARTESIAN_POINT('',(20.9,-1.2,0.8));
#8641=CARTESIAN_POINT('Origin',(19.9,-1.2,0.4));
#8642=CARTESIAN_POINT('',(19.9,-2.2,0.8));
#8643=CARTESIAN_POINT('Origin',(-10.45,-2.6,0.4));
#8644=CARTESIAN_POINT('',(-19.9,-2.2,0.8));
#8645=CARTESIAN_POINT('Origin',(-19.9,-1.2,0.4));
#8646=CARTESIAN_POINT('',(-20.9,-1.2,0.8));
#8647=CARTESIAN_POINT('Origin',(-21.3,14.7,0.4));
#8648=CARTESIAN_POINT('',(-20.9,28.4,0.8));
#8649=CARTESIAN_POINT('Origin',(-19.9,28.4,0.4));
#8650=CARTESIAN_POINT('',(-19.9,29.4,0.8));
#8651=CARTESIAN_POINT('Origin',(10.45,29.8,0.4));
#8652=CARTESIAN_POINT('Origin',(24.4,-1.4,4.5));
#8653=CARTESIAN_POINT('',(22.2,-1.4,4.5));
#8654=CARTESIAN_POINT('Origin',(24.4,-1.4,4.5));
#8655=CARTESIAN_POINT('',(23.55,-1.4,4.5));
#8656=CARTESIAN_POINT('Origin',(24.4,-1.4,4.5));
#8657=CARTESIAN_POINT('Origin',(24.4,-1.4,3.25));
#8658=CARTESIAN_POINT('',(22.2,-1.4,3.25));
#8659=CARTESIAN_POINT('Origin',(-28.6,28.6,4.5));
#8660=CARTESIAN_POINT('',(-30.8,28.6,4.5));
#8661=CARTESIAN_POINT('Origin',(-28.6,28.6,4.5));
#8662=CARTESIAN_POINT('',(-29.45,28.6,4.5));
#8663=CARTESIAN_POINT('Origin',(-28.6,28.6,4.5));
#8664=CARTESIAN_POINT('Origin',(-28.6,28.6,3.25));
#8665=CARTESIAN_POINT('',(-30.8,28.6,3.25));
#8666=CARTESIAN_POINT('Origin',(-28.6,-1.4,4.5));
#8667=CARTESIAN_POINT('',(-30.8,-1.4,4.5));
#8668=CARTESIAN_POINT('Origin',(-28.6,-1.4,4.5));
#8669=CARTESIAN_POINT('',(-29.45,-1.4,4.5));
#8670=CARTESIAN_POINT('Origin',(-28.6,-1.4,4.5));
#8671=CARTESIAN_POINT('Origin',(-28.6,-1.4,3.25));
#8672=CARTESIAN_POINT('',(-30.8,-1.4,3.25));
#8673=CARTESIAN_POINT('Origin',(24.4,28.6,4.5));
#8674=CARTESIAN_POINT('',(22.2,28.6,4.5));
#8675=CARTESIAN_POINT('Origin',(24.4,28.6,4.5));
#8676=CARTESIAN_POINT('',(23.55,28.6,4.5));
#8677=CARTESIAN_POINT('Origin',(24.4,28.6,4.5));
#8678=CARTESIAN_POINT('Origin',(24.4,28.6,3.25));
#8679=CARTESIAN_POINT('',(22.2,28.6,3.25));
#8680=CARTESIAN_POINT('Origin',(24.4,28.6,3.55));
#8681=CARTESIAN_POINT('',(23.55,28.6,2.5));
#8682=CARTESIAN_POINT('Origin',(24.4,28.6,2.5));
#8683=CARTESIAN_POINT('',(23.55,28.6,3.55));
#8684=CARTESIAN_POINT('Origin',(24.4,28.6,2.5));
#8685=CARTESIAN_POINT('Origin',(-28.6,-1.4,3.55));
#8686=CARTESIAN_POINT('',(-29.45,-1.4,2.5));
#8687=CARTESIAN_POINT('Origin',(-28.6,-1.4,2.5));
#8688=CARTESIAN_POINT('',(-29.45,-1.4,3.55));
#8689=CARTESIAN_POINT('Origin',(-28.6,-1.4,2.5));
#8690=CARTESIAN_POINT('Origin',(-28.6,28.6,3.55));
#8691=CARTESIAN_POINT('',(-29.45,28.6,2.5));
#8692=CARTESIAN_POINT('Origin',(-28.6,28.6,2.5));
#8693=CARTESIAN_POINT('',(-29.45,28.6,3.55));
#8694=CARTESIAN_POINT('Origin',(-28.6,28.6,2.5));
#8695=CARTESIAN_POINT('Origin',(24.4,-1.4,3.55));
#8696=CARTESIAN_POINT('',(23.55,-1.4,2.5));
#8697=CARTESIAN_POINT('Origin',(24.4,-1.4,2.5));
#8698=CARTESIAN_POINT('',(23.55,-1.4,3.55));
#8699=CARTESIAN_POINT('Origin',(24.4,-1.4,2.5));
#8700=CARTESIAN_POINT('Origin',(-31.4,31.4,19.25));
#8701=CARTESIAN_POINT('Origin',(31.4,-31.4,19.25));
#8702=CARTESIAN_POINT('Origin',(0.,-19.05,10.));
#8703=CARTESIAN_POINT('',(31.4,-6.7,10.));
#8704=CARTESIAN_POINT('',(15.7,-6.7,10.));
#8705=CARTESIAN_POINT('',(31.4,-31.4,10.));
#8706=CARTESIAN_POINT('',(31.4,-25.225,10.));
#8707=CARTESIAN_POINT('',(-31.4,-31.4,10.));
#8708=CARTESIAN_POINT('',(-15.7,-31.4,10.));
#8709=CARTESIAN_POINT('',(-31.4,-6.7,10.));
#8710=CARTESIAN_POINT('',(-31.4,6.175,10.));
#8711=CARTESIAN_POINT('',(15.7,-6.7,10.));
#8712=CARTESIAN_POINT('Origin',(31.4,-31.4,19.25));
#8713=CARTESIAN_POINT('',(31.4,-6.7,2.));
#8714=CARTESIAN_POINT('',(31.4,-6.7,10.25));
#8715=CARTESIAN_POINT('',(31.4,-31.4,2.));
#8716=CARTESIAN_POINT('',(31.4,-31.4,2.));
#8717=CARTESIAN_POINT('',(31.4,-31.4,19.25));
#8718=CARTESIAN_POINT('Origin',(31.4,-6.7,10.25));
#8719=CARTESIAN_POINT('',(-31.4,-6.7,2.));
#8720=CARTESIAN_POINT('',(-31.4,-6.7,10.25));
#8721=CARTESIAN_POINT('',(31.4,-6.7,2.));
#8722=CARTESIAN_POINT('Origin',(-31.4,31.4,19.25));
#8723=CARTESIAN_POINT('',(-31.4,-31.4,2.));
#8724=CARTESIAN_POINT('',(-31.4,-31.4,19.25));
#8725=CARTESIAN_POINT('',(-31.4,-6.7,2.));
#8726=CARTESIAN_POINT('Origin',(-31.4,-31.4,19.25));
#8727=CARTESIAN_POINT('',(-31.4,-31.4,2.));
#8728=CARTESIAN_POINT('Origin',(0.,-19.05,2.));
#8729=CARTESIAN_POINT('',(0.,0.,0.));
#8730=CARTESIAN_POINT('Origin',(0.,-10.,21.5));
#8731=CARTESIAN_POINT('',(8.,-10.,23.));
#8732=CARTESIAN_POINT('',(-8.,-10.,23.));
#8733=CARTESIAN_POINT('',(8.,-10.,23.));
#8734=CARTESIAN_POINT('',(-6.,-10.,20.));
#8735=CARTESIAN_POINT('',(-8.,-10.,23.));
#8736=CARTESIAN_POINT('',(6.,-10.,20.));
#8737=CARTESIAN_POINT('',(0.,-10.,20.));
#8738=CARTESIAN_POINT('',(6.,-10.,20.));
#8739=CARTESIAN_POINT('Origin',(-6.,-3.,20.));
#8740=CARTESIAN_POINT('',(-8.,4.,23.));
#8741=CARTESIAN_POINT('',(-8.,-3.,23.));
#8742=CARTESIAN_POINT('',(-6.,4.,20.));
#8743=CARTESIAN_POINT('',(-8.,4.,23.));
#8744=CARTESIAN_POINT('',(-6.,-1.5,20.));
#8745=CARTESIAN_POINT('Origin',(8.,-3.,23.));
#8746=CARTESIAN_POINT('',(6.,-7.7,20.));
#8747=CARTESIAN_POINT('',(6.,-1.5,20.));
#8748=CARTESIAN_POINT('',(6.,4.,20.));
#8749=CARTESIAN_POINT('',(6.,2.4,20.));
#8750=CARTESIAN_POINT('',(8.,4.,23.));
#8751=CARTESIAN_POINT('',(6.,4.,20.));
#8752=CARTESIAN_POINT('',(8.,-3.,23.));
#8753=CARTESIAN_POINT('Origin',(-8.,-3.,23.));
#8754=CARTESIAN_POINT('',(8.,4.,23.));
#8755=CARTESIAN_POINT('Origin',(0.,4.,21.5));
#8756=CARTESIAN_POINT('',(0.,4.,20.));
#8757=CARTESIAN_POINT('Origin',(0.,0.,20.));
#8758=CARTESIAN_POINT('',(-31.2,31.2,20.));
#8759=CARTESIAN_POINT('',(-31.2,-31.2,20.));
#8760=CARTESIAN_POINT('',(-31.2,31.2,20.));
#8761=CARTESIAN_POINT('',(31.2,-31.2,20.));
#8762=CARTESIAN_POINT('',(-31.2,-31.2,20.));
#8763=CARTESIAN_POINT('',(31.2,31.2,20.));
#8764=CARTESIAN_POINT('',(31.2,-31.2,20.));
#8765=CARTESIAN_POINT('',(31.2,31.2,20.));
#8766=CARTESIAN_POINT('',(24.2,-27.4,20.));
#8767=CARTESIAN_POINT('Origin',(27.4,-27.4,20.));
#8768=CARTESIAN_POINT('',(-30.6,-27.4,20.));
#8769=CARTESIAN_POINT('Origin',(-27.4,-27.4,20.));
#8770=CARTESIAN_POINT('',(6.,4.8,20.));
#8771=CARTESIAN_POINT('',(6.,2.4,20.));
#8772=CARTESIAN_POINT('',(20.,4.8,20.));
#8773=CARTESIAN_POINT('',(10.,4.8,20.));
#8774=CARTESIAN_POINT('',(20.,-7.7,20.));
#8775=CARTESIAN_POINT('',(20.,-3.85,20.));
#8776=CARTESIAN_POINT('',(3.,-7.7,20.));
#8777=CARTESIAN_POINT('Origin',(19.,-27.4,15.));
#8778=CARTESIAN_POINT('',(17.5,-27.4,15.));
#8779=CARTESIAN_POINT('Origin',(19.,-27.4,15.));
#8780=CARTESIAN_POINT('Origin',(19.,-27.4,16.25));
#8781=CARTESIAN_POINT('',(17.5,-27.4,17.5));
#8782=CARTESIAN_POINT('Origin',(19.,-27.4,17.5));
#8783=CARTESIAN_POINT('',(17.5,-27.4,16.25));
#8784=CARTESIAN_POINT('Origin',(7.,-27.4,15.));
#8785=CARTESIAN_POINT('',(5.5,-27.4,15.));
#8786=CARTESIAN_POINT('Origin',(7.,-27.4,15.));
#8787=CARTESIAN_POINT('Origin',(7.,-27.4,16.25));
#8788=CARTESIAN_POINT('',(5.5,-27.4,17.5));
#8789=CARTESIAN_POINT('Origin',(7.,-27.4,17.5));
#8790=CARTESIAN_POINT('',(5.5,-27.4,16.25));
#8791=CARTESIAN_POINT('Origin',(6.,-7.7,18.75));
#8792=CARTESIAN_POINT('',(6.,-7.7,17.5));
#8793=CARTESIAN_POINT('',(20.,-7.7,17.5));
#8794=CARTESIAN_POINT('',(3.,-7.7,17.5));
#8795=CARTESIAN_POINT('',(6.,-7.7,18.75));
#8796=CARTESIAN_POINT('',(20.,-7.7,18.75));
#8797=CARTESIAN_POINT('Origin',(20.,-7.7,18.75));
#8798=CARTESIAN_POINT('',(20.,4.8,17.5));
#8799=CARTESIAN_POINT('',(20.,-3.85,17.5));
#8800=CARTESIAN_POINT('',(20.,4.8,18.75));
#8801=CARTESIAN_POINT('Origin',(20.,4.8,18.75));
#8802=CARTESIAN_POINT('',(6.,4.8,17.5));
#8803=CARTESIAN_POINT('',(10.,4.8,17.5));
#8804=CARTESIAN_POINT('',(6.,4.8,18.75));
#8805=CARTESIAN_POINT('Origin',(6.,4.8,18.75));
#8806=CARTESIAN_POINT('',(6.,2.4,17.5));
#8807=CARTESIAN_POINT('Origin',(-27.4,-27.4,19.25));
#8808=CARTESIAN_POINT('',(-29.1,-27.4,18.5));
#8809=CARTESIAN_POINT('',(-29.85,-27.4,19.25));
#8810=CARTESIAN_POINT('Origin',(-27.4,-27.4,18.5));
#8811=CARTESIAN_POINT('Origin',(-27.4,-27.4,9.));
#8812=CARTESIAN_POINT('',(-29.1,-27.4,17.5));
#8813=CARTESIAN_POINT('',(-29.1,-27.4,9.));
#8814=CARTESIAN_POINT('Origin',(-27.4,-27.4,17.5));
#8815=CARTESIAN_POINT('Origin',(27.4,-27.4,19.25));
#8816=CARTESIAN_POINT('',(25.7,-27.4,18.5));
#8817=CARTESIAN_POINT('',(24.95,-27.4,19.25));
#8818=CARTESIAN_POINT('Origin',(27.4,-27.4,18.5));
#8819=CARTESIAN_POINT('Origin',(27.4,-27.4,9.));
#8820=CARTESIAN_POINT('',(25.7,-27.4,17.5));
#8821=CARTESIAN_POINT('',(25.7,-27.4,9.));
#8822=CARTESIAN_POINT('Origin',(27.4,-27.4,17.5));
#8823=CARTESIAN_POINT('Origin',(19.,31.1,18.3));
#8824=CARTESIAN_POINT('',(19.,31.2,17.6));
#8825=CARTESIAN_POINT('',(19.,31.2,19.));
#8826=CARTESIAN_POINT('',(19.,31.2,18.525));
#8827=CARTESIAN_POINT('',(19.,32.6,17.6));
#8828=CARTESIAN_POINT('',(19.,31.1,17.6));
#8829=CARTESIAN_POINT('',(19.,32.6,19.));
#8830=CARTESIAN_POINT('',(19.,32.6,18.3));
#8831=CARTESIAN_POINT('',(19.,31.1,19.));
#8832=CARTESIAN_POINT('Origin',(15.,31.85,17.6));
#8833=CARTESIAN_POINT('',(11.,31.2,17.6));
#8834=CARTESIAN_POINT('',(23.1,31.2,17.6));
#8835=CARTESIAN_POINT('',(11.,32.6,17.6));
#8836=CARTESIAN_POINT('',(11.,32.6,17.6));
#8837=CARTESIAN_POINT('',(19.,32.6,17.6));
#8838=CARTESIAN_POINT('Origin',(19.,32.6,18.3));
#8839=CARTESIAN_POINT('',(11.,32.6,19.));
#8840=CARTESIAN_POINT('',(11.,32.6,18.3));
#8841=CARTESIAN_POINT('',(19.,32.6,19.));
#8842=CARTESIAN_POINT('Origin',(11.,32.6,18.3));
#8843=CARTESIAN_POINT('',(11.,31.2,19.));
#8844=CARTESIAN_POINT('',(11.,31.2,18.525));
#8845=CARTESIAN_POINT('',(11.,32.6,19.));
#8846=CARTESIAN_POINT('Origin',(15.,31.85,19.));
#8847=CARTESIAN_POINT('',(23.1,31.2,19.));
#8848=CARTESIAN_POINT('Origin',(-11.,31.1,18.3));
#8849=CARTESIAN_POINT('',(-11.,31.2,17.6));
#8850=CARTESIAN_POINT('',(-11.,31.2,19.));
#8851=CARTESIAN_POINT('',(-11.,31.2,18.525));
#8852=CARTESIAN_POINT('',(-11.,32.6,17.6));
#8853=CARTESIAN_POINT('',(-11.,31.1,17.6));
#8854=CARTESIAN_POINT('',(-11.,32.6,19.));
#8855=CARTESIAN_POINT('',(-11.,32.6,18.3));
#8856=CARTESIAN_POINT('',(-11.,31.1,19.));
#8857=CARTESIAN_POINT('Origin',(-15.,31.85,17.6));
#8858=CARTESIAN_POINT('',(-19.,31.2,17.6));
#8859=CARTESIAN_POINT('',(8.1,31.2,17.6));
#8860=CARTESIAN_POINT('',(-19.,32.6,17.6));
#8861=CARTESIAN_POINT('',(-19.,32.6,17.6));
#8862=CARTESIAN_POINT('',(-11.,32.6,17.6));
#8863=CARTESIAN_POINT('Origin',(-11.,32.6,18.3));
#8864=CARTESIAN_POINT('',(-19.,32.6,19.));
#8865=CARTESIAN_POINT('',(-19.,32.6,18.3));
#8866=CARTESIAN_POINT('',(-11.,32.6,19.));
#8867=CARTESIAN_POINT('Origin',(-19.,32.6,18.3));
#8868=CARTESIAN_POINT('',(-19.,31.2,19.));
#8869=CARTESIAN_POINT('',(-19.,31.2,18.525));
#8870=CARTESIAN_POINT('',(-19.,32.6,19.));
#8871=CARTESIAN_POINT('Origin',(-15.,31.85,19.));
#8872=CARTESIAN_POINT('',(8.1,31.2,19.));
#8873=CARTESIAN_POINT('Origin',(0.,0.,17.5));
#8874=CARTESIAN_POINT('',(-31.2,-31.2,17.5));
#8875=CARTESIAN_POINT('',(-31.2,31.2,17.5));
#8876=CARTESIAN_POINT('',(-31.2,31.2,17.5));
#8877=CARTESIAN_POINT('',(31.2,31.2,17.5));
#8878=CARTESIAN_POINT('',(31.2,31.2,17.5));
#8879=CARTESIAN_POINT('',(31.2,-31.2,17.5));
#8880=CARTESIAN_POINT('',(31.2,-31.2,17.5));
#8881=CARTESIAN_POINT('',(-31.2,-31.2,17.5));
#8882=CARTESIAN_POINT('Origin',(31.2,31.2,18.75));
#8883=CARTESIAN_POINT('',(-31.2,31.2,18.75));
#8884=CARTESIAN_POINT('',(31.2,31.2,18.75));
#8885=CARTESIAN_POINT('Origin',(31.2,-31.2,18.75));
#8886=CARTESIAN_POINT('',(31.2,-31.2,18.75));
#8887=CARTESIAN_POINT('Origin',(-31.2,-31.2,18.75));
#8888=CARTESIAN_POINT('',(-31.2,-31.2,18.75));
#8889=CARTESIAN_POINT('Origin',(-31.2,31.2,18.75));
#8890=CARTESIAN_POINT('',(0.,0.,0.));
#8891=CARTESIAN_POINT('Origin',(-33.3,-3.3,21.));
#8892=CARTESIAN_POINT('',(-33.3,-3.3,20.));
#8893=CARTESIAN_POINT('',(-26.7,-3.3,20.));
#8894=CARTESIAN_POINT('',(-16.65,-3.3,20.));
#8895=CARTESIAN_POINT('',(-33.3,-3.3,22.5));
#8896=CARTESIAN_POINT('',(-33.3,-3.3,21.));
#8897=CARTESIAN_POINT('',(-26.7,-3.3,22.5));
#8898=CARTESIAN_POINT('',(-33.3,-3.3,22.5));
#8899=CARTESIAN_POINT('',(-26.7,-3.3,21.));
#8900=CARTESIAN_POINT('Origin',(-26.7,-3.3,21.));
#8901=CARTESIAN_POINT('',(-26.7,3.3,20.));
#8902=CARTESIAN_POINT('',(-26.7,-1.65,20.));
#8903=CARTESIAN_POINT('',(-26.7,3.3,22.5));
#8904=CARTESIAN_POINT('',(-26.7,-3.3,22.5));
#8905=CARTESIAN_POINT('',(-26.7,3.3,21.));
#8906=CARTESIAN_POINT('Origin',(-26.7,3.3,21.));
#8907=CARTESIAN_POINT('',(-33.3,3.3,20.));
#8908=CARTESIAN_POINT('',(-13.35,3.3,20.));
#8909=CARTESIAN_POINT('',(-33.3,3.3,22.5));
#8910=CARTESIAN_POINT('',(-26.7,3.3,22.5));
#8911=CARTESIAN_POINT('',(-33.3,3.3,21.));
#8912=CARTESIAN_POINT('Origin',(-33.3,3.3,21.));
#8913=CARTESIAN_POINT('',(-33.3,1.65,20.));
#8914=CARTESIAN_POINT('',(-33.3,3.3,22.5));
#8915=CARTESIAN_POINT('Origin',(-30.,0.,22.5));
#8916=CARTESIAN_POINT('',(-28.,-1.75,22.5));
#8917=CARTESIAN_POINT('',(-32.,-1.75,22.5));
#8918=CARTESIAN_POINT('',(-31.,-1.75,22.5));
#8919=CARTESIAN_POINT('',(-28.,1.75,22.5));
#8920=CARTESIAN_POINT('',(-28.,-0.875,22.5));
#8921=CARTESIAN_POINT('',(-32.,1.75,22.5));
#8922=CARTESIAN_POINT('',(-29.,1.75,22.5));
#8923=CARTESIAN_POINT('',(-32.,0.875,22.5));
#8924=CARTESIAN_POINT('Origin',(26.7,-3.3,21.));
#8925=CARTESIAN_POINT('',(26.7,-3.3,20.));
#8926=CARTESIAN_POINT('',(33.3,-3.3,20.));
#8927=CARTESIAN_POINT('',(13.35,-3.3,20.));
#8928=CARTESIAN_POINT('',(26.7,-3.3,22.5));
#8929=CARTESIAN_POINT('',(26.7,-3.3,21.));
#8930=CARTESIAN_POINT('',(33.3,-3.3,22.5));
#8931=CARTESIAN_POINT('',(26.7,-3.3,22.5));
#8932=CARTESIAN_POINT('',(33.3,-3.3,21.));
#8933=CARTESIAN_POINT('Origin',(33.3,-3.3,21.));
#8934=CARTESIAN_POINT('',(33.3,3.3,20.));
#8935=CARTESIAN_POINT('',(33.3,-1.65,20.));
#8936=CARTESIAN_POINT('',(33.3,3.3,22.5));
#8937=CARTESIAN_POINT('',(33.3,-3.3,22.5));
#8938=CARTESIAN_POINT('',(33.3,3.3,21.));
#8939=CARTESIAN_POINT('Origin',(33.3,3.3,21.));
#8940=CARTESIAN_POINT('',(26.7,3.3,20.));
#8941=CARTESIAN_POINT('',(16.65,3.3,20.));
#8942=CARTESIAN_POINT('',(26.7,3.3,22.5));
#8943=CARTESIAN_POINT('',(33.3,3.3,22.5));
#8944=CARTESIAN_POINT('',(26.7,3.3,21.));
#8945=CARTESIAN_POINT('Origin',(26.7,3.3,21.));
#8946=CARTESIAN_POINT('',(26.7,1.65,20.));
#8947=CARTESIAN_POINT('',(26.7,3.3,22.5));
#8948=CARTESIAN_POINT('Origin',(30.,0.,22.5));
#8949=CARTESIAN_POINT('',(32.,-1.75,22.5));
#8950=CARTESIAN_POINT('',(28.,-1.75,22.5));
#8951=CARTESIAN_POINT('',(29.,-1.75,22.5));
#8952=CARTESIAN_POINT('',(32.,1.75,22.5));
#8953=CARTESIAN_POINT('',(32.,-0.875,22.5));
#8954=CARTESIAN_POINT('',(28.,1.75,22.5));
#8955=CARTESIAN_POINT('',(31.,1.75,22.5));
#8956=CARTESIAN_POINT('',(28.,0.875,22.5));
#8957=CARTESIAN_POINT('Origin',(-28.,1.75,23.5));
#8958=CARTESIAN_POINT('',(-28.,1.75,25.5));
#8959=CARTESIAN_POINT('',(-28.,1.75,23.5));
#8960=CARTESIAN_POINT('',(-32.,1.75,25.5));
#8961=CARTESIAN_POINT('',(-14.,1.75,25.5));
#8962=CARTESIAN_POINT('',(-32.,1.75,23.5));
#8963=CARTESIAN_POINT('Origin',(-28.,-1.75,23.5));
#8964=CARTESIAN_POINT('',(-28.,-1.75,25.5));
#8965=CARTESIAN_POINT('',(-28.,-1.75,23.5));
#8966=CARTESIAN_POINT('',(-28.,-0.875,25.5));
#8967=CARTESIAN_POINT('Origin',(32.,1.75,23.5));
#8968=CARTESIAN_POINT('',(32.,1.75,25.5));
#8969=CARTESIAN_POINT('',(32.,1.75,23.5));
#8970=CARTESIAN_POINT('',(28.,1.75,25.5));
#8971=CARTESIAN_POINT('',(16.,1.75,25.5));
#8972=CARTESIAN_POINT('',(28.,1.75,23.5));
#8973=CARTESIAN_POINT('Origin',(32.,-1.75,23.5));
#8974=CARTESIAN_POINT('',(32.,-1.75,25.5));
#8975=CARTESIAN_POINT('',(32.,-1.75,23.5));
#8976=CARTESIAN_POINT('',(32.,-0.875,25.5));
#8977=CARTESIAN_POINT('Origin',(-32.,-1.75,23.5));
#8978=CARTESIAN_POINT('',(-32.,-1.75,25.5));
#8979=CARTESIAN_POINT('',(-32.,-1.75,23.5));
#8980=CARTESIAN_POINT('',(-16.,-1.75,25.5));
#8981=CARTESIAN_POINT('Origin',(-32.,1.75,23.5));
#8982=CARTESIAN_POINT('',(-32.,0.875,25.5));
#8983=CARTESIAN_POINT('Origin',(28.,-1.75,23.5));
#8984=CARTESIAN_POINT('',(28.,-1.75,25.5));
#8985=CARTESIAN_POINT('',(28.,-1.75,23.5));
#8986=CARTESIAN_POINT('',(14.,-1.75,25.5));
#8987=CARTESIAN_POINT('Origin',(28.,1.75,23.5));
#8988=CARTESIAN_POINT('',(28.,0.875,25.5));
#8989=CARTESIAN_POINT('Origin',(6.,-8.7,23.5));
#8990=CARTESIAN_POINT('',(20.,-8.7,25.5));
#8991=CARTESIAN_POINT('',(6.,-8.7,25.5));
#8992=CARTESIAN_POINT('',(3.,-8.7,25.5));
#8993=CARTESIAN_POINT('',(20.,-8.7,20.));
#8994=CARTESIAN_POINT('',(20.,-8.7,23.5));
#8995=CARTESIAN_POINT('',(6.30606060606061,-8.7,20.));
#8996=CARTESIAN_POINT('',(3.,-8.7,20.));
#8997=CARTESIAN_POINT('',(8.3,-8.7,23.29));
#8998=CARTESIAN_POINT('',(8.03760913364675,-8.7,22.8570550705171));
#8999=CARTESIAN_POINT('',(6.,-8.7,23.29));
#9000=CARTESIAN_POINT('',(-1.15,-8.7,23.29));
#9001=CARTESIAN_POINT('',(6.,-8.7,23.5));
#9002=CARTESIAN_POINT('Origin',(6.,5.8,23.5));
#9003=CARTESIAN_POINT('',(6.,5.8,25.5));
#9004=CARTESIAN_POINT('',(6.,2.9,25.5));
#9005=CARTESIAN_POINT('',(6.,4.29,23.29));
#9006=CARTESIAN_POINT('',(6.,1.4,23.29));
#9007=CARTESIAN_POINT('',(6.,4.29,23.3));
#9008=CARTESIAN_POINT('',(6.,4.29,22.5725));
#9009=CARTESIAN_POINT('',(6.,5.8,23.3));
#9010=CARTESIAN_POINT('',(6.,8.7975,23.3));
#9011=CARTESIAN_POINT('',(6.,5.8,23.5));
#9012=CARTESIAN_POINT('Origin',(20.,5.8,23.5));
#9013=CARTESIAN_POINT('',(20.,5.8,25.5));
#9014=CARTESIAN_POINT('',(10.,5.8,25.5));
#9015=CARTESIAN_POINT('',(8.3,5.8,23.3));
#9016=CARTESIAN_POINT('',(10.,5.8,23.3));
#9017=CARTESIAN_POINT('',(8.3,5.8,20.));
#9018=CARTESIAN_POINT('',(8.3,5.8,22.5725));
#9019=CARTESIAN_POINT('',(20.,5.8,20.));
#9020=CARTESIAN_POINT('',(10.,5.8,20.));
#9021=CARTESIAN_POINT('',(20.,5.8,23.5));
#9022=CARTESIAN_POINT('Origin',(20.,-8.7,23.5));
#9023=CARTESIAN_POINT('',(20.,-4.35,25.5));
#9024=CARTESIAN_POINT('',(20.,-4.35,20.));
#9025=CARTESIAN_POINT('Origin',(0.,0.,20.));
#9026=CARTESIAN_POINT('',(-39.,-29.4,20.));
#9027=CARTESIAN_POINT('',(-29.4,-39.,20.));
#9028=CARTESIAN_POINT('Origin',(-29.4,-29.4,20.));
#9029=CARTESIAN_POINT('',(-39.,29.4,20.));
#9030=CARTESIAN_POINT('',(-39.,20.5,20.));
#9031=CARTESIAN_POINT('',(-29.4,39.,20.));
#9032=CARTESIAN_POINT('Origin',(-29.4,29.4,20.));
#9033=CARTESIAN_POINT('',(29.4,39.,20.));
#9034=CARTESIAN_POINT('',(20.5,39.,20.));
#9035=CARTESIAN_POINT('',(39.,29.4,20.));
#9036=CARTESIAN_POINT('Origin',(29.4,29.4,20.));
#9037=CARTESIAN_POINT('',(39.,-29.4,20.));
#9038=CARTESIAN_POINT('',(39.,-20.5,20.));
#9039=CARTESIAN_POINT('',(29.4,-39.,20.));
#9040=CARTESIAN_POINT('Origin',(29.4,-29.4,20.));
#9041=CARTESIAN_POINT('',(-20.5,-39.,20.));
#9042=CARTESIAN_POINT('',(8.3,19.3,20.));
#9043=CARTESIAN_POINT('',(8.3,2.145,20.));
#9044=CARTESIAN_POINT('',(-8.3,19.3,20.));
#9045=CARTESIAN_POINT('',(4.15,19.3,20.));
#9046=CARTESIAN_POINT('',(-8.3,4.29,20.));
#9047=CARTESIAN_POINT('',(-8.3,9.65,20.));
#9048=CARTESIAN_POINT('',(-6.30606060606061,4.29,20.));
#9049=CARTESIAN_POINT('',(-4.15,4.29,20.));
#9050=CARTESIAN_POINT('',(-6.30606060606061,-10.3,20.));
#9051=CARTESIAN_POINT('',(-6.30606060606061,-1.5,20.));
#9052=CARTESIAN_POINT('',(6.30606060606061,-10.3,20.));
#9053=CARTESIAN_POINT('',(0.,-10.3,20.));
#9054=CARTESIAN_POINT('',(6.30606060606061,-1.5,20.));
#9055=CARTESIAN_POINT('Origin',(8.3,4.29,21.645));
#9056=CARTESIAN_POINT('',(8.3,19.3,23.3));
#9057=CARTESIAN_POINT('',(8.3,4.29,23.3));
#9058=CARTESIAN_POINT('',(8.3,19.3,21.645));
#9059=CARTESIAN_POINT('Origin',(0.,11.795,23.3));
#9060=CARTESIAN_POINT('',(-8.3,4.29,23.3));
#9061=CARTESIAN_POINT('',(-8.3,4.29,23.3));
#9062=CARTESIAN_POINT('',(-8.3,19.3,23.3));
#9063=CARTESIAN_POINT('',(-8.3,19.3,23.3));
#9064=CARTESIAN_POINT('',(8.3,19.3,23.3));
#9065=CARTESIAN_POINT('Origin',(8.3,19.3,21.645));
#9066=CARTESIAN_POINT('',(-8.3,19.3,21.645));
#9067=CARTESIAN_POINT('Origin',(-8.3,4.29,21.645));
#9068=CARTESIAN_POINT('',(-8.3,4.29,23.29));
#9069=CARTESIAN_POINT('',(-8.3,4.29,21.645));
#9070=CARTESIAN_POINT('',(-6.93542646071189,4.29,21.0384536601746));
#9071=CARTESIAN_POINT('Origin',(-8.3,4.29,21.645));
#9072=CARTESIAN_POINT('',(-8.3,4.29,23.29));
#9073=CARTESIAN_POINT('',(-8.3,4.29,21.645));
#9074=CARTESIAN_POINT('Origin',(-8.3,19.3,21.645));
#9075=CARTESIAN_POINT('Origin',(-6.3,-3.,19.99));
#9076=CARTESIAN_POINT('',(-8.3,-10.3,23.29));
#9077=CARTESIAN_POINT('',(-8.3,-3.,23.29));
#9078=CARTESIAN_POINT('',(-8.3,-10.3,23.29));
#9079=CARTESIAN_POINT('Origin',(0.,-10.3,21.64));
#9080=CARTESIAN_POINT('',(8.3,-10.3,23.29));
#9081=CARTESIAN_POINT('',(8.3,-10.3,23.29));
#9082=CARTESIAN_POINT('',(6.3,-10.3,19.99));
#9083=CARTESIAN_POINT('Origin',(8.3,-3.,23.29));
#9084=CARTESIAN_POINT('',(8.3,-3.,23.29));
#9085=CARTESIAN_POINT('Origin',(-8.3,-3.,23.29));
#9086=CARTESIAN_POINT('Origin',(0.,0.,25.5));
#9087=CARTESIAN_POINT('',(-39.,-4.77612251667468E-15,25.5));
#9088=CARTESIAN_POINT('Origin',(0.,0.,25.5));
#9089=CARTESIAN_POINT('Origin',(0.,0.,26.75));
#9090=CARTESIAN_POINT('',(-39.,4.77612251667468E-15,27.));
#9091=CARTESIAN_POINT('',(-39.,-4.77612251667468E-15,26.75));
#9092=CARTESIAN_POINT('Origin',(0.,0.,27.));
#9093=CARTESIAN_POINT('Origin',(-29.4,-29.4,22.));
#9094=CARTESIAN_POINT('',(-41.,-29.4,22.));
#9095=CARTESIAN_POINT('Origin',(-39.,-29.4,22.));
#9096=CARTESIAN_POINT('',(-29.4,-41.,22.));
#9097=CARTESIAN_POINT('Origin',(-29.4,-39.,22.));
#9098=CARTESIAN_POINT('Origin',(-29.4,-29.4,22.));
#9099=CARTESIAN_POINT('Origin',(-20.5,-39.,22.));
#9100=CARTESIAN_POINT('',(29.4,-41.,22.));
#9101=CARTESIAN_POINT('Origin',(29.4,-39.,22.));
#9102=CARTESIAN_POINT('',(-20.5,-41.,22.));
#9103=CARTESIAN_POINT('Origin',(29.4,-29.4,22.));
#9104=CARTESIAN_POINT('',(41.,-29.4,22.));
#9105=CARTESIAN_POINT('Origin',(39.,-29.4,22.));
#9106=CARTESIAN_POINT('Origin',(29.4,-29.4,22.));
#9107=CARTESIAN_POINT('Origin',(39.,-20.5,22.));
#9108=CARTESIAN_POINT('',(41.,29.4,22.));
#9109=CARTESIAN_POINT('Origin',(39.,29.4,22.));
#9110=CARTESIAN_POINT('',(41.,-20.5,22.));
#9111=CARTESIAN_POINT('Origin',(29.4,29.4,22.));
#9112=CARTESIAN_POINT('',(29.4,41.,22.));
#9113=CARTESIAN_POINT('Origin',(29.4,39.,22.));
#9114=CARTESIAN_POINT('Origin',(29.4,29.4,22.));
#9115=CARTESIAN_POINT('Origin',(20.5,39.,22.));
#9116=CARTESIAN_POINT('',(-29.4,41.,22.));
#9117=CARTESIAN_POINT('Origin',(-29.4,39.,22.));
#9118=CARTESIAN_POINT('',(20.5,41.,22.));
#9119=CARTESIAN_POINT('Origin',(-29.4,29.4,22.));
#9120=CARTESIAN_POINT('',(-41.,29.4,22.));
#9121=CARTESIAN_POINT('Origin',(-39.,29.4,22.));
#9122=CARTESIAN_POINT('Origin',(-29.4,29.4,22.));
#9123=CARTESIAN_POINT('Origin',(-39.,20.5,22.));
#9124=CARTESIAN_POINT('',(-41.,20.5,22.));
#9125=CARTESIAN_POINT('Origin',(41.,41.,23.5));
#9126=CARTESIAN_POINT('',(-29.4,41.,27.));
#9127=CARTESIAN_POINT('',(-29.4,41.,23.5));
#9128=CARTESIAN_POINT('',(29.4,41.,27.));
#9129=CARTESIAN_POINT('',(41.,41.,27.));
#9130=CARTESIAN_POINT('',(29.4,41.,23.5));
#9131=CARTESIAN_POINT('Origin',(-29.4,29.4,23.5));
#9132=CARTESIAN_POINT('',(-41.,29.4,27.));
#9133=CARTESIAN_POINT('',(-41.,29.4,23.5));
#9134=CARTESIAN_POINT('Origin',(-29.4,29.4,27.));
#9135=CARTESIAN_POINT('Origin',(-41.,41.,23.5));
#9136=CARTESIAN_POINT('',(-41.,-29.4,27.));
#9137=CARTESIAN_POINT('',(-41.,-29.4,23.5));
#9138=CARTESIAN_POINT('',(-41.,41.,27.));
#9139=CARTESIAN_POINT('Origin',(-29.4,-29.4,23.5));
#9140=CARTESIAN_POINT('',(-29.4,-41.,27.));
#9141=CARTESIAN_POINT('',(-29.4,-41.,23.5));
#9142=CARTESIAN_POINT('Origin',(-29.4,-29.4,27.));
#9143=CARTESIAN_POINT('Origin',(-41.,-41.,23.5));
#9144=CARTESIAN_POINT('',(29.4,-41.,27.));
#9145=CARTESIAN_POINT('',(29.4,-41.,23.5));
#9146=CARTESIAN_POINT('',(-41.,-41.,27.));
#9147=CARTESIAN_POINT('Origin',(29.4,-29.4,23.5));
#9148=CARTESIAN_POINT('',(41.,-29.4,27.));
#9149=CARTESIAN_POINT('',(41.,-29.4,23.5));
#9150=CARTESIAN_POINT('Origin',(29.4,-29.4,27.));
#9151=CARTESIAN_POINT('Origin',(41.,-41.,23.5));
#9152=CARTESIAN_POINT('',(41.,29.4,27.));
#9153=CARTESIAN_POINT('',(41.,29.4,23.5));
#9154=CARTESIAN_POINT('',(41.,-41.,27.));
#9155=CARTESIAN_POINT('Origin',(29.4,29.4,23.5));
#9156=CARTESIAN_POINT('Origin',(29.4,29.4,27.));
#9157=CARTESIAN_POINT('Origin',(0.,0.,27.));
#9158=CARTESIAN_POINT('',(0.,0.,0.));
#9159=CARTESIAN_POINT('Origin',(-2.,13.6,2.));
#9160=CARTESIAN_POINT('',(-26.1,-3.75,2.));
#9161=CARTESIAN_POINT('',(-26.1,30.95,2.));
#9162=CARTESIAN_POINT('',(-26.1,30.95,2.));
#9163=CARTESIAN_POINT('',(22.1,30.95,2.));
#9164=CARTESIAN_POINT('',(22.1,30.95,2.));
#9165=CARTESIAN_POINT('',(22.1,-3.75,2.));
#9166=CARTESIAN_POINT('',(22.1,-3.75,2.));
#9167=CARTESIAN_POINT('',(-26.1,-3.75,2.));
#9168=CARTESIAN_POINT('Origin',(22.1,30.95,3.25));
#9169=CARTESIAN_POINT('',(-26.1,30.95,4.5));
#9170=CARTESIAN_POINT('',(-26.1,30.95,3.25));
#9171=CARTESIAN_POINT('',(22.1,30.95,4.5));
#9172=CARTESIAN_POINT('',(22.1,30.95,4.5));
#9173=CARTESIAN_POINT('',(22.1,30.95,3.25));
#9174=CARTESIAN_POINT('Origin',(22.1,-3.75,3.25));
#9175=CARTESIAN_POINT('',(22.1,-3.75,4.5));
#9176=CARTESIAN_POINT('',(22.1,-3.75,4.5));
#9177=CARTESIAN_POINT('',(22.1,-3.75,3.25));
#9178=CARTESIAN_POINT('Origin',(-26.1,-3.75,3.25));
#9179=CARTESIAN_POINT('',(-26.1,-3.75,4.5));
#9180=CARTESIAN_POINT('',(-26.1,-3.75,4.5));
#9181=CARTESIAN_POINT('',(-26.1,-3.75,3.25));
#9182=CARTESIAN_POINT('Origin',(-26.1,30.95,3.25));
#9183=CARTESIAN_POINT('',(-26.1,30.95,4.5));
#9184=CARTESIAN_POINT('Origin',(-2.,13.6,4.5));
#9185=CARTESIAN_POINT('Origin',(-2.1,13.6,4.5));
#9186=CARTESIAN_POINT('',(-31.1,-3.9,4.5));
#9187=CARTESIAN_POINT('',(-31.1,31.1,4.5));
#9188=CARTESIAN_POINT('',(-31.1,31.1,4.5));
#9189=CARTESIAN_POINT('',(26.9,31.1,4.5));
#9190=CARTESIAN_POINT('',(26.9,31.1,4.5));
#9191=CARTESIAN_POINT('',(26.9,-3.9,4.5));
#9192=CARTESIAN_POINT('',(26.9,-3.9,4.5));
#9193=CARTESIAN_POINT('',(-31.1,-3.9,4.5));
#9194=CARTESIAN_POINT('Origin',(26.9,31.1,5.3));
#9195=CARTESIAN_POINT('',(-31.1,31.1,6.1));
#9196=CARTESIAN_POINT('',(-31.1,31.1,5.3));
#9197=CARTESIAN_POINT('',(26.9,31.1,6.1));
#9198=CARTESIAN_POINT('',(26.9,31.1,6.1));
#9199=CARTESIAN_POINT('',(26.9,31.1,5.3));
#9200=CARTESIAN_POINT('Origin',(26.9,-3.9,5.3));
#9201=CARTESIAN_POINT('',(26.9,-3.9,6.1));
#9202=CARTESIAN_POINT('',(26.9,-3.9,6.1));
#9203=CARTESIAN_POINT('',(26.9,-3.9,5.3));
#9204=CARTESIAN_POINT('Origin',(-31.1,-3.9,5.3));
#9205=CARTESIAN_POINT('',(-31.1,-3.9,6.1));
#9206=CARTESIAN_POINT('',(-31.1,-3.9,6.1));
#9207=CARTESIAN_POINT('',(-31.1,-3.9,5.3));
#9208=CARTESIAN_POINT('Origin',(-31.1,31.1,5.3));
#9209=CARTESIAN_POINT('',(-31.1,31.1,6.1));
#9210=CARTESIAN_POINT('Origin',(-2.1,13.6,6.1));
#9211=CARTESIAN_POINT('Origin',(-24.4,13.6,6.1));
#9212=CARTESIAN_POINT('',(-27.4,3.6,6.1));
#9213=CARTESIAN_POINT('',(-27.4,23.6,6.1));
#9214=CARTESIAN_POINT('',(-27.4,23.6,6.1));
#9215=CARTESIAN_POINT('',(-21.4,23.6,6.1));
#9216=CARTESIAN_POINT('',(-21.4,23.6,6.1));
#9217=CARTESIAN_POINT('',(-21.4,3.6,6.1));
#9218=CARTESIAN_POINT('',(-21.4,3.6,6.1));
#9219=CARTESIAN_POINT('',(-27.4,3.6,6.1));
#9220=CARTESIAN_POINT('Origin',(-21.4,23.6,9.1));
#9221=CARTESIAN_POINT('',(-27.4,23.6,12.1));
#9222=CARTESIAN_POINT('',(-27.4,23.6,9.1));
#9223=CARTESIAN_POINT('',(-21.4,23.6,12.1));
#9224=CARTESIAN_POINT('',(-21.4,23.6,12.1));
#9225=CARTESIAN_POINT('',(-21.4,23.6,9.1));
#9226=CARTESIAN_POINT('Origin',(-21.4,3.6,9.1));
#9227=CARTESIAN_POINT('',(-21.4,3.6,12.1));
#9228=CARTESIAN_POINT('',(-21.4,3.6,12.1));
#9229=CARTESIAN_POINT('',(-21.4,3.6,9.1));
#9230=CARTESIAN_POINT('Origin',(-27.4,3.6,9.1));
#9231=CARTESIAN_POINT('',(-27.4,3.6,12.1));
#9232=CARTESIAN_POINT('',(-27.4,3.6,12.1));
#9233=CARTESIAN_POINT('',(-27.4,3.6,9.1));
#9234=CARTESIAN_POINT('Origin',(-27.4,23.6,9.1));
#9235=CARTESIAN_POINT('',(-27.4,23.6,12.1));
#9236=CARTESIAN_POINT('Origin',(-24.4,13.6,12.1));
#9237=CARTESIAN_POINT('',(0.,0.,0.));
#9238=CARTESIAN_POINT('Origin',(0.,-19.05,2.5));
#9239=CARTESIAN_POINT('',(-12.,-30.05,2.5));
#9240=CARTESIAN_POINT('',(-12.,-8.05,2.5));
#9241=CARTESIAN_POINT('',(-12.,-8.05,2.5));
#9242=CARTESIAN_POINT('',(12.,-8.05,2.5));
#9243=CARTESIAN_POINT('',(12.,-8.05,2.5));
#9244=CARTESIAN_POINT('',(12.,-30.05,2.5));
#9245=CARTESIAN_POINT('',(12.,-30.05,2.5));
#9246=CARTESIAN_POINT('',(-12.,-30.05,2.5));
#9247=CARTESIAN_POINT('Origin',(12.,-8.05,6.));
#9248=CARTESIAN_POINT('',(-12.,-8.05,9.5));
#9249=CARTESIAN_POINT('',(-12.,-8.05,6.));
#9250=CARTESIAN_POINT('',(12.,-8.05,9.5));
#9251=CARTESIAN_POINT('',(12.,-8.05,9.5));
#9252=CARTESIAN_POINT('',(12.,-8.05,6.));
#9253=CARTESIAN_POINT('Origin',(12.,-30.05,6.));
#9254=CARTESIAN_POINT('',(12.,-30.05,9.5));
#9255=CARTESIAN_POINT('',(12.,-30.05,9.5));
#9256=CARTESIAN_POINT('',(12.,-30.05,6.));
#9257=CARTESIAN_POINT('Origin',(-12.,-30.05,6.));
#9258=CARTESIAN_POINT('',(-12.,-30.05,9.5));
#9259=CARTESIAN_POINT('',(-12.,-30.05,9.5));
#9260=CARTESIAN_POINT('',(-12.,-30.05,6.));
#9261=CARTESIAN_POINT('Origin',(-12.,-8.05,6.));
#9262=CARTESIAN_POINT('',(-12.,-8.05,9.5));
#9263=CARTESIAN_POINT('Origin',(0.,-19.05,9.5));
#9264=CARTESIAN_POINT('',(0.,0.,0.));
#9265=CARTESIAN_POINT('Origin',(13.,-19.15,12.8));
#9266=CARTESIAN_POINT('',(4.,-30.4,12.8));
#9267=CARTESIAN_POINT('',(4.,-7.9,12.8));
#9268=CARTESIAN_POINT('',(4.,-7.9,12.8));
#9269=CARTESIAN_POINT('',(22.,-7.9,12.8));
#9270=CARTESIAN_POINT('',(22.,-7.9,12.8));
#9271=CARTESIAN_POINT('',(22.,-30.4,12.8));
#9272=CARTESIAN_POINT('',(22.,-30.4,12.8));
#9273=CARTESIAN_POINT('',(4.,-30.4,12.8));
#9274=CARTESIAN_POINT('Origin',(22.,-7.9,13.3));
#9275=CARTESIAN_POINT('',(4.,-7.9,13.8));
#9276=CARTESIAN_POINT('',(4.,-7.9,13.3));
#9277=CARTESIAN_POINT('',(22.,-7.9,13.8));
#9278=CARTESIAN_POINT('',(22.,-7.9,13.8));
#9279=CARTESIAN_POINT('',(22.,-7.9,13.3));
#9280=CARTESIAN_POINT('Origin',(22.,-30.4,13.3));
#9281=CARTESIAN_POINT('',(22.,-30.4,13.8));
#9282=CARTESIAN_POINT('',(22.,-30.4,13.8));
#9283=CARTESIAN_POINT('',(22.,-30.4,13.3));
#9284=CARTESIAN_POINT('Origin',(4.,-30.4,13.3));
#9285=CARTESIAN_POINT('',(4.,-30.4,13.8));
#9286=CARTESIAN_POINT('',(4.,-30.4,13.8));
#9287=CARTESIAN_POINT('',(4.,-30.4,13.3));
#9288=CARTESIAN_POINT('Origin',(4.,-7.9,13.3));
#9289=CARTESIAN_POINT('',(4.,-7.9,13.8));
#9290=CARTESIAN_POINT('Origin',(13.,-19.15,13.8));
#9291=CARTESIAN_POINT('Origin',(13.,-11.15,13.8));
#9292=CARTESIAN_POINT('',(8.5,-14.9,13.8));
#9293=CARTESIAN_POINT('',(8.5,-7.4,13.8));
#9294=CARTESIAN_POINT('',(8.5,-7.4,13.8));
#9295=CARTESIAN_POINT('',(17.5,-7.4,13.8));
#9296=CARTESIAN_POINT('',(17.5,-7.4,13.8));
#9297=CARTESIAN_POINT('',(17.5,-14.9,13.8));
#9298=CARTESIAN_POINT('',(17.5,-14.9,13.8));
#9299=CARTESIAN_POINT('',(8.5,-14.9,13.8));
#9300=CARTESIAN_POINT('Origin',(17.5,-7.4,15.4));
#9301=CARTESIAN_POINT('',(8.5,-7.4,17.));
#9302=CARTESIAN_POINT('',(8.5,-7.4,15.4));
#9303=CARTESIAN_POINT('',(17.5,-7.4,17.));
#9304=CARTESIAN_POINT('',(17.5,-7.4,17.));
#9305=CARTESIAN_POINT('',(17.5,-7.4,15.4));
#9306=CARTESIAN_POINT('Origin',(17.5,-14.9,15.4));
#9307=CARTESIAN_POINT('',(17.5,-14.9,17.));
#9308=CARTESIAN_POINT('',(17.5,-14.9,17.));
#9309=CARTESIAN_POINT('',(17.5,-14.9,15.4));
#9310=CARTESIAN_POINT('Origin',(8.5,-14.9,15.4));
#9311=CARTESIAN_POINT('',(8.5,-14.9,17.));
#9312=CARTESIAN_POINT('',(8.5,-14.9,17.));
#9313=CARTESIAN_POINT('',(8.5,-14.9,15.4));
#9314=CARTESIAN_POINT('Origin',(8.5,-7.4,15.4));
#9315=CARTESIAN_POINT('',(8.5,-7.4,17.));
#9316=CARTESIAN_POINT('Origin',(13.,-11.15,17.));
#9317=CARTESIAN_POINT('Origin',(13.,-1.4,12.4));
#9318=CARTESIAN_POINT('',(7.,-7.4,12.4));
#9319=CARTESIAN_POINT('',(7.,4.6,12.4));
#9320=CARTESIAN_POINT('',(7.,4.6,12.4));
#9321=CARTESIAN_POINT('',(19.,4.6,12.4));
#9322=CARTESIAN_POINT('',(19.,4.6,12.4));
#9323=CARTESIAN_POINT('',(19.,-7.4,12.4));
#9324=CARTESIAN_POINT('',(19.,-7.4,12.4));
#9325=CARTESIAN_POINT('',(7.,-7.4,12.4));
#9326=CARTESIAN_POINT('Origin',(19.,4.6,15.4));
#9327=CARTESIAN_POINT('',(7.,4.6,18.4));
#9328=CARTESIAN_POINT('',(7.,4.6,15.4));
#9329=CARTESIAN_POINT('',(19.,4.6,18.4));
#9330=CARTESIAN_POINT('',(19.,4.6,18.4));
#9331=CARTESIAN_POINT('',(19.,4.6,15.4));
#9332=CARTESIAN_POINT('Origin',(19.,-7.4,15.4));
#9333=CARTESIAN_POINT('',(19.,-7.4,18.4));
#9334=CARTESIAN_POINT('',(19.,-7.4,18.4));
#9335=CARTESIAN_POINT('',(19.,-7.4,15.4));
#9336=CARTESIAN_POINT('Origin',(7.,-7.4,15.4));
#9337=CARTESIAN_POINT('',(7.,-7.4,18.4));
#9338=CARTESIAN_POINT('',(7.,-7.4,18.4));
#9339=CARTESIAN_POINT('',(7.,-7.4,15.4));
#9340=CARTESIAN_POINT('Origin',(7.,4.6,15.4));
#9341=CARTESIAN_POINT('',(7.,4.6,18.4));
#9342=CARTESIAN_POINT('Origin',(13.,-1.4,18.4));
#9343=CARTESIAN_POINT('',(0.,0.,0.));
#9344=CARTESIAN_POINT('',(0.,0.,0.));
#9345=CARTESIAN_POINT('',(0.,0.,0.));
#9346=CARTESIAN_POINT('',(0.,0.,0.));
#9347=CARTESIAN_POINT('',(0.,0.,0.));
#9348=CARTESIAN_POINT('',(0.,0.,0.));
#9349=UNCERTAINTY_MEASURE_WITH_UNIT(LENGTH_MEASURE(0.01),#9365,
'DISTANCE_ACCURACY_VALUE',
'Maximum model space distance between geometric entities at asserted c
onnectivities');
#9350=UNCERTAINTY_MEASURE_WITH_UNIT(LENGTH_MEASURE(0.01),#9365,
'DISTANCE_ACCURACY_VALUE',
'Maximum model space distance between geometric entities at asserted c
onnectivities');
#9351=UNCERTAINTY_MEASURE_WITH_UNIT(LENGTH_MEASURE(0.01),#9365,
'DISTANCE_ACCURACY_VALUE',
'Maximum model space distance between geometric entities at asserted c
onnectivities');
#9352=UNCERTAINTY_MEASURE_WITH_UNIT(LENGTH_MEASURE(0.01),#9365,
'DISTANCE_ACCURACY_VALUE',
'Maximum model space distance between geometric entities at asserted c
onnectivities');
#9353=UNCERTAINTY_MEASURE_WITH_UNIT(LENGTH_MEASURE(0.01),#9365,
'DISTANCE_ACCURACY_VALUE',
'Maximum model space distance between geometric entities at asserted c
onnectivities');
#9354=UNCERTAINTY_MEASURE_WITH_UNIT(LENGTH_MEASURE(0.01),#9365,
'DISTANCE_ACCURACY_VALUE',
'Maximum model space distance between geometric entities at asserted c
onnectivities');
#9355=UNCERTAINTY_MEASURE_WITH_UNIT(LENGTH_MEASURE(0.01),#9365,
'DISTANCE_ACCURACY_VALUE',
'Maximum model space distance between geometric entities at asserted c
onnectivities');
#9356=UNCERTAINTY_MEASURE_WITH_UNIT(LENGTH_MEASURE(0.01),#9365,
'DISTANCE_ACCURACY_VALUE',
'Maximum model space distance between geometric entities at asserted c
onnectivities');
#9357=(
GEOMETRIC_REPRESENTATION_CONTEXT(3)
GLOBAL_UNCERTAINTY_ASSIGNED_CONTEXT((#9349))
GLOBAL_UNIT_ASSIGNED_CONTEXT((#9365,#9367,#9368))
REPRESENTATION_CONTEXT('','3D')
);
#9358=(
GEOMETRIC_REPRESENTATION_CONTEXT(3)
GLOBAL_UNCERTAINTY_ASSIGNED_CONTEXT((#9350))
GLOBAL_UNIT_ASSIGNED_CONTEXT((#9365,#9367,#9368))
REPRESENTATION_CONTEXT('','3D')
);
#9359=(
GEOMETRIC_REPRESENTATION_CONTEXT(3)
GLOBAL_UNCERTAINTY_ASSIGNED_CONTEXT((#9351))
GLOBAL_UNIT_ASSIGNED_CONTEXT((#9365,#9367,#9368))
REPRESENTATION_CONTEXT('','3D')
);
#9360=(
GEOMETRIC_REPRESENTATION_CONTEXT(3)
GLOBAL_UNCERTAINTY_ASSIGNED_CONTEXT((#9352))
GLOBAL_UNIT_ASSIGNED_CONTEXT((#9365,#9367,#9368))
REPRESENTATION_CONTEXT('','3D')
);
#9361=(
GEOMETRIC_REPRESENTATION_CONTEXT(3)
GLOBAL_UNCERTAINTY_ASSIGNED_CONTEXT((#9353))
GLOBAL_UNIT_ASSIGNED_CONTEXT((#9365,#9367,#9368))
REPRESENTATION_CONTEXT('','3D')
);
#9362=(
GEOMETRIC_REPRESENTATION_CONTEXT(3)
GLOBAL_UNCERTAINTY_ASSIGNED_CONTEXT((#9354))
GLOBAL_UNIT_ASSIGNED_CONTEXT((#9365,#9367,#9368))
REPRESENTATION_CONTEXT('','3D')
);
#9363=(
GEOMETRIC_REPRESENTATION_CONTEXT(3)
GLOBAL_UNCERTAINTY_ASSIGNED_CONTEXT((#9355))
GLOBAL_UNIT_ASSIGNED_CONTEXT((#9365,#9367,#9368))
REPRESENTATION_CONTEXT('','3D')
);
#9364=(
GEOMETRIC_REPRESENTATION_CONTEXT(3)
GLOBAL_UNCERTAINTY_ASSIGNED_CONTEXT((#9356))
GLOBAL_UNIT_ASSIGNED_CONTEXT((#9365,#9367,#9368))
REPRESENTATION_CONTEXT('','3D')
);
#9365=(
LENGTH_UNIT()
NAMED_UNIT(*)
SI_UNIT(.MILLI.,.METRE.)
);
#9366=(
LENGTH_UNIT()
NAMED_UNIT(*)
SI_UNIT($,.METRE.)
);
#9367=(
NAMED_UNIT(*)
PLANE_ANGLE_UNIT()
SI_UNIT($,.RADIAN.)
);
#9368=(
NAMED_UNIT(*)
SI_UNIT($,.STERADIAN.)
SOLID_ANGLE_UNIT()
);
#9369=SHAPE_DEFINITION_REPRESENTATION(#9376,#9389);
#9370=SHAPE_DEFINITION_REPRESENTATION(#9377,#9390);
#9371=SHAPE_DEFINITION_REPRESENTATION(#9378,#9391);
#9372=SHAPE_DEFINITION_REPRESENTATION(#9379,#9392);
#9373=SHAPE_DEFINITION_REPRESENTATION(#9380,#9393);
#9374=SHAPE_DEFINITION_REPRESENTATION(#9381,#9394);
#9375=SHAPE_DEFINITION_REPRESENTATION(#9382,#9395);
#9376=PRODUCT_DEFINITION_SHAPE('',$,#9397);
#9377=PRODUCT_DEFINITION_SHAPE('',$,#9398);
#9378=PRODUCT_DEFINITION_SHAPE('',$,#9399);
#9379=PRODUCT_DEFINITION_SHAPE('',$,#9400);
#9380=PRODUCT_DEFINITION_SHAPE('',$,#9401);
#9381=PRODUCT_DEFINITION_SHAPE('',$,#9402);
#9382=PRODUCT_DEFINITION_SHAPE('',$,#9403);
#9383=PRODUCT_DEFINITION_SHAPE($,$,#29);
#9384=PRODUCT_DEFINITION_SHAPE($,$,#30);
#9385=PRODUCT_DEFINITION_SHAPE($,$,#31);
#9386=PRODUCT_DEFINITION_SHAPE($,$,#32);
#9387=PRODUCT_DEFINITION_SHAPE($,$,#33);
#9388=PRODUCT_DEFINITION_SHAPE($,$,#34);
#9389=SHAPE_REPRESENTATION('',(#5811,#6213,#6214,#6215,#6216,#6217,#6218),
#9357);
#9390=SHAPE_REPRESENTATION('',(#5812),#9358);
#9391=SHAPE_REPRESENTATION('',(#6049),#9359);
#9392=SHAPE_REPRESENTATION('',(#6093),#9360);
#9393=SHAPE_REPRESENTATION('',(#6168),#9361);
#9394=SHAPE_REPRESENTATION('',(#6187),#9362);
#9395=SHAPE_REPRESENTATION('',(#6194),#9363);
#9396=PRODUCT_DEFINITION_CONTEXT('part definition',#9419,'design');
#9397=PRODUCT_DEFINITION('2026-10-04-21-13-26-824',
'(Nicht gespeichert)',#9404,#9396);
#9398=PRODUCT_DEFINITION('2026-10-04-21-13-27-210','Housing',#9405,#9396);
#9399=PRODUCT_DEFINITION('2026-10-04-21-13-31-788','BackCover',#9406,#9396);
#9400=PRODUCT_DEFINITION('2026-10-04-21-13-33-815','WallPlate',#9407,#9396);
#9401=PRODUCT_DEFINITION('2026-10-04-21-13-39-597','Dummy_LCD_2inch',#9408,
#9396);
#9402=PRODUCT_DEFINITION('2026-10-04-21-13-40-947','Dummy_SCD41',#9409,
#9396);
#9403=PRODUCT_DEFINITION('2026-10-04-21-13-41-452','Dummy_ESP32_C3',#9410,
#9396);
#9404=PRODUCT_DEFINITION_FORMATION('',$,#9421);
#9405=PRODUCT_DEFINITION_FORMATION('',$,#9422);
#9406=PRODUCT_DEFINITION_FORMATION('',$,#9423);
#9407=PRODUCT_DEFINITION_FORMATION('',$,#9424);
#9408=PRODUCT_DEFINITION_FORMATION('',$,#9425);
#9409=PRODUCT_DEFINITION_FORMATION('',$,#9426);
#9410=PRODUCT_DEFINITION_FORMATION('',$,#9427);
#9411=PRODUCT_RELATED_PRODUCT_CATEGORY('(Nicht gespeichert)',
'(Nicht gespeichert)',(#9421));
#9412=PRODUCT_RELATED_PRODUCT_CATEGORY('Housing','Housing',(#9422));
#9413=PRODUCT_RELATED_PRODUCT_CATEGORY('BackCover','BackCover',(#9423));
#9414=PRODUCT_RELATED_PRODUCT_CATEGORY('WallPlate','WallPlate',(#9424));
#9415=PRODUCT_RELATED_PRODUCT_CATEGORY('Dummy_LCD_2inch',
'Dummy_LCD_2inch',(#9425));
#9416=PRODUCT_RELATED_PRODUCT_CATEGORY('Dummy_SCD41','Dummy_SCD41',(#9426));
#9417=PRODUCT_RELATED_PRODUCT_CATEGORY('Dummy_ESP32_C3',
'Dummy_ESP32_C3',(#9427));
#9418=APPLICATION_PROTOCOL_DEFINITION('international standard',
'automotive_design',2009,#9419);
#9419=APPLICATION_CONTEXT(
'Core Data for Automotive Mechanical Design Process');
#9420=PRODUCT_CONTEXT('part definition',#9419,'mechanical');
#9421=PRODUCT('2026-10-04-21-13-26-824','(Nicht gespeichert)',$,(#9420));
#9422=PRODUCT('2026-10-04-21-13-27-210','Housing',$,(#9420));
#9423=PRODUCT('2026-10-04-21-13-31-788','BackCover',$,(#9420));
#9424=PRODUCT('2026-10-04-21-13-33-815','WallPlate',$,(#9420));
#9425=PRODUCT('2026-10-04-21-13-39-597','Dummy_LCD_2inch',$,(#9420));
#9426=PRODUCT('2026-10-04-21-13-40-947','Dummy_SCD41',$,(#9420));
#9427=PRODUCT('2026-10-04-21-13-41-452','Dummy_ESP32_C3',$,(#9420));
#9428=PRESENTATION_STYLE_ASSIGNMENT((#9429));
#9429=SURFACE_STYLE_USAGE(.BOTH.,#9430);
#9430=SURFACE_SIDE_STYLE('',(#9431));
#9431=SURFACE_STYLE_FILL_AREA(#9432);
#9432=FILL_AREA_STYLE('Stahl - satiniert',(#9433));
#9433=FILL_AREA_STYLE_COLOUR('Stahl - satiniert',#9434);
#9434=COLOUR_RGB('Stahl - satiniert',0.627450980392157,0.627450980392157,
0.627450980392157);
ENDSEC;
END-ISO-10303-21;
